symbol,entry_date,entry_close,peak_date,peak_close,multiple,days_to_peak,shares,entry_mcap_approx,cap_bucket
AA,2020-03-13,7.923940181732178,2022-03-04,89.99359893798828,11.35717797888722,721,263909445.00227168,2091202655.5921388,2-10B
AAOI,2016-05-13,9.149999618530273,2017-07-28,96.63999938964844,10.561749007501197,441,84906288.99663566,776892511.9300375,300M-2B
AAOI,2022-06-10,2.0899999141693115,2023-12-15,21.725000381469727,10.394737451510622,553,84906288.99663566,177454136.7154033,50-300M
AAOI,2022-11-04,2.0799999237060547,2023-12-15,21.725000381469727,10.444712104970202,406,84906288.99663566,176605074.6351664,50-300M
AAOI,2024-04-12,11.229999542236328,2026-04-10,150.60000610351562,13.410508659159333,728,84906288.99663566,953497586.5652039,300M-2B
AAOI,2025-03-07,15.819999694824219,2026-05-15,190.36000061035156,12.032870055783317,434,84906288.99663566,1343217466.015433,300M-2B
AAOI,2025-03-28,16.3799991607666,2026-05-15,190.36000061035156,11.621490254181582,413,84906288.99663566,1390764942.5086987,300M-2B
ABTC,2025-04-04,11.039999961853027,2025-09-12,118.3499984741211,10.720108594480143,161,72819713.0171544,803929628.931533,300M-2B
ABTS,2019-05-24,19.799999237060547,2021-05-21,219.4499969482422,11.083333606270438,728,3214444.881889764,63646006.208990514,50-300M
ABTS,2019-07-05,34.04999923706055,2021-07-02,345.75,10.154185249545625,728,3214444.881889764,109451845.77591965,50-300M
ABTS,2021-02-26,30.299999237060547,2021-07-09,425.25,14.03465381873238,133,3214444.881889764,97397677.46883303,50-300M
ABTS,2021-03-26,41.400001525878906,2021-07-09,425.25,10.27173875184953,105,3214444.881889764,133078023.01508988,50-300M
ACH,2019-04-12,3.757930040359497,2021-03-26,38.4739990234375,10.238082830237293,714,76904703.37288362,289002495.0498957,50-300M
ACH,2019-05-17,3.5784499645233154,2021-04-23,38.80400085449219,10.843801433356429,707,76904703.37288362,275199633.05637145,50-300M
ACH,2019-08-23,4.599279880523682,2021-06-11,47.53300094604492,10.334878976887298,658,76904703.37288362,353706254.9405453,300M-2B
ACH,2020-03-13,4.355999946594238,2021-06-11,47.53300094604492,10.912075649406022,455,76904703.37288362,334996883.7851268,300M-2B
ACIC,2022-07-15,1.3300000429153442,2024-02-23,13.600000381469727,10.225563866643709,588,47271827.99121845,62871533.25700731,50-300M
ACMR,2018-10-05,3.450000047683716,2020-08-14,34.869998931884766,10.10724592751702,679,69649195.99603322,240289729.5074471,50-300M
ACMR,2018-12-14,3.4700000286102295,2020-08-14,34.869998931884766,10.04899096379851,609,69649195.99603322,241682712.09891477,50-300M
ACMR,2019-01-18,3.256700038909912,2020-08-14,34.869998931884766,10.70715709622324,574,69649195.99603322,226826539.31032547,50-300M
ACMR,2019-10-11,4.409999847412109,2021-02-12,45.07699966430664,10.221542227662178,490,69649195.99603322,307152943.7148826,300M-2B
ACRS,2019-06-28,2.190000057220459,2021-04-09,28.959999084472656,13.223743528677618,651,147198892.96577948,322365584.0178453,300M-2B
AEHR,2019-10-11,1.7400000095367432,2021-10-08,19.440000534057617,11.172414038798376,728,32659545.99507086,56827610.342888996,50-300M
AEHR,2024-06-21,10.800000190734863,2026-06-19,115.30000305175781,10.675926019952456,728,32659545.99507086,352723102.97607934,300M-2B
AEHR,2024-09-13,12.9399995803833,2026-08-14,134.05999755859375,10.360123794889853,700,32659545.99507086,422614511.47172606,300M-2B
AEHR,2024-11-01,12.069999694824219,2026-08-14,134.05999755859375,11.106876631992005,651,32659545.99507086,394200710.1936028,300M-2B
AEHR,2025-01-17,12.460000038146973,2026-08-14,134.05999755859375,10.759229305630956,574,32659545.99507086,406937944.3444457,300M-2B
AEVA,2023-10-13,3.6010000705718994,2025-06-27,36.43000030517578,10.11663415474193,623,69705758.01576872,251010439.5340509,50-300M
AEVA,2024-04-12,3.5799999237060547,2025-06-27,36.43000030517578,10.175977955737789,441,69705758.01576872,249546608.37832475,50-300M
AEVA,2024-08-02,3.1600000858306885,2025-06-27,36.43000030517578,11.52848079610074,329,69705758.01576872,220270201.31272236,50-300M
AEVA,2025-02-28,3.5799999237060547,2025-06-27,36.43000030517578,10.175977955737789,119,69705758.01576872,249546608.37832475,50-300M
AEYE,2019-08-30,4.090000152587891,2021-02-12,42.25,10.33007296424351,532,12569673.949579831,51409968.371761546,50-300M
AEYE,2019-09-27,3.7799999713897705,2021-02-12,42.25,11.177248761847528,504,12569673.949579831,47513367.16979051,<50M
AEYE,2020-02-28,3.9600000381469727,2021-02-12,42.25,10.669191816414806,350,12569673.949579831,49775909.31983114,<50M
AGL,2026-02-13,9.024999618530273,2026-07-17,129.83999633789062,14.386703803432974,154,16791210.00473037,151540663.8873533,50-300M
AGL,2026-03-20,10.657500267028809,2026-07-17,129.83999633789062,12.182969090751762,119,16791210.00473037,178952325.1091507,50-300M
AGNT,2018-12-28,3.3891799449920654,2020-12-25,36.75749969482422,10.845543845831495,728,167117937.00564972,566392760.5479953,300M-2B
AGNT,2019-02-08,5.0346598625183105,2021-02-05,63.094600677490234,12.532048321121469,728,167117937.00564972,841381969.7492081,300M-2B
AGX,2024-03-29,50.540000915527344,2026-03-27,566.6199951171875,11.21131746839968,728,14029842.000534188,709068227.5517018,300M-2B
AGX,2024-04-26,61.97999954223633,2026-04-24,652.989990234375,10.53549524132207,728,14029842.000534188,869569600.770757,300M-2B
AGX,2024-06-28,73.16000366210938,2026-06-26,765.4600219726562,10.462820990386296,728,14029842.000534188,1026423292.1378971,300M-2B
AGX,2024-08-02,69.31999969482422,2026-06-26,765.4600219726562,11.042412367895745,693,14029842.000534188,972548643.1954619,300M-2B
AIOS,2018-05-25,324.0,2020-05-22,3256.0,10.049382716049383,728,3249255.0,1052758620.0,300M-2B
AIOS,2018-06-29,396.0,2020-05-29,3990.0,10.075757575757576,700,3249255.0,1286704980.0,300M-2B
AKAN,2026-02-06,4.320000171661377,2026-05-01,57.09000015258789,13.21527728797111,84,540841.1575562701,2336433.8934846246,<50M
ALAB,2024-08-09,40.90999984741211,2026-06-19,417.07000732421875,10.194818109993268,679,173485104.00044388,7097275578.186433,2-10B
ALAB,2024-09-06,40.0,2026-06-19,417.07000732421875,10.426750183105469,651,173485104.00044388,6939404160.0177555,2-10B
ALMS,2025-06-20,2.859999895095825,2026-02-27,29.690000534057617,10.381119448629505,252,129435238.9784946,370184769.9001976,300M-2B
ALOY,2024-12-27,1.6699999570846558,2026-02-27,18.459999084472656,11.053891951409721,427,69418931.02652825,115929611.83516486,50-300M
ALOY,2025-01-17,1.8100999593734741,2026-02-27,18.459999084472656,10.198331306997087,406,69418931.02652825,125655204.2308688,50-300M
ALT,2018-12-14,2.1500000953674316,2020-07-17,28.65999984741211,13.330231895880061,581,194517700.94043887,418213075.5725971,300M-2B
ALT,2019-02-22,2.809999942779541,2020-07-17,28.65999984741211,10.199288409615685,511,194517700.94043887,546594728.5122411,300M-2B
ALT,2019-03-15,2.700000047683716,2020-07-17,28.65999984741211,10.61481457083641,490,194517700.94043887,525197801.8145117,300M-2B
ALT,2019-04-19,2.740000009536743,2020-07-17,28.65999984741211,10.459853922503346,455,194517700.94043887,532978502.43186784,300M-2B
ALT,2019-05-10,2.7699999809265137,2020-07-17,28.65999984741211,10.346570413269776,434,194517700.94043887,538814027.894885,300M-2B
ALT,2020-03-27,2.8499999046325684,2020-07-17,28.65999984741211,10.056140633838742,112,194517700.94043887,554375429.1295972,300M-2B
AMC,2020-03-06,45.28219985961914,2021-06-18,592.3670043945312,13.081674614549382,469,892604637.979094,40419101612.59232,10-50B
AMC,2020-09-11,57.87730026245117,2021-06-18,592.3670043945312,10.234876224502111,280,892604637.979094,51661546647.97255,>50B
AMC,2021-02-12,55.87799835205078,2021-06-18,592.3670043945312,10.601077738368751,126,892604637.979094,49876960490.0287,10-50B
AMLX,2024-04-26,1.7599999904632568,2026-04-17,18.360000610351562,10.431818585134737,721,125458282.992975,220806576.87117258,50-300M
AMLX,2024-05-10,1.7549999952316284,2026-04-17,18.360000610351562,10.46153883774135,707,125458282.992975,220179286.0544394,50-300M
AMLX,2024-07-05,1.7200000286102295,2026-04-17,18.360000610351562,10.674418781949996,651,125458282.992975,215788250.33730727,50-300M
AMLX,2024-08-02,2.0199999809265137,2026-07-31,20.309999465942383,10.054455276096979,728,125458282.992975,253425729.25288266,50-300M
AMLX,2025-01-10,3.5,2026-08-21,38.65999984741211,11.045714242117745,588,125458282.992975,439103990.4754125,300M-2B
AMLX,2025-03-14,3.625,2026-08-21,38.65999984741211,10.664827544113685,525,125458282.992975,454786275.8495344,300M-2B
AMPX,2024-04-19,1.7699999809265137,2026-04-17,18.670000076293945,10.548022755639273,728,146080617.9856115,258562691.0482657,50-300M
AMPX,2024-05-10,1.9700000286102295,2026-05-01,20.8700008392334,10.593908901593519,721,146080617.9856115,287778821.61105466,50-300M
AMPX,2024-11-22,1.940000057220459,2026-05-01,20.8700008392334,10.757732074057232,525,146080617.9856115,283396407.2508863,50-300M
AMPX,2024-12-06,2.049999952316284,2026-05-01,20.8700008392334,10.18048845106191,511,146080617.9856115,299465259.9048369,50-300M
AMPX,2025-03-07,2.0,2026-05-01,20.8700008392334,10.4350004196167,420,146080617.9856115,292161235.971223,50-300M
AMR,2019-12-06,5.849510192871094,2021-10-22,61.822601318359375,10.568850943059083,686,12679045.0,74166202.96337128,50-300M
AMR,2020-01-24,6.23307991027832,2022-01-14,67.81600189208984,10.880014835083626,721,12679045.0,79029500.67101479,50-300M
AMSC,2022-12-09,3.4200000762939453,2024-11-22,34.220001220703125,10.005848086934941,714,48442142.99516908,165672132.73932046,50-300M
AMSC,2022-12-23,3.4000000953674316,2024-11-22,34.220001220703125,10.064705959075873,700,48442142.99516908,164703290.80337763,50-300M
AMSC,2023-10-20,6.019999980926514,2025-09-19,61.54999923706055,10.224252397354267,700,48442142.99516908,291621699.9069573,50-300M
AMTX,2019-05-10,1.1100000143051147,2021-04-02,26.149999618530273,23.55855791128144,693,72169594.21052632,80108250.60607854,50-300M
AMTX,2020-11-13,2.2100000381469727,2021-04-02,26.149999618530273,11.832578808666613,140,72169594.21052632,159494805.9583147,50-300M
AMTX,2020-12-11,2.25,2021-04-02,26.149999618530273,11.622222052680122,112,72169594.21052632,162381586.97368422,50-300M
AMTX,2021-01-01,2.490000009536743,2021-04-02,26.149999618530273,10.502007838704948,91,72169594.21052632,179702290.27247342,50-300M
ANF,2022-07-01,17.18000030517578,2024-06-14,186.05999755859375,10.830034589844557,714,42434376.99810964,729022609.7774677,300M-2B
ANF,2022-08-26,15.869999885559082,2024-06-14,186.05999755859375,11.724007492142402,658,42434376.99810964,673433558.1037709,300M-2B
ANF,2022-11-04,17.149999618530273,2024-06-14,186.05999755859375,10.84897969079598,588,42434376.99810964,727749549.3301501,300M-2B
ANPA,2025-07-11,3.509999990463257,2026-01-16,99.66000366210938,28.393163513643213,189,15101754.822335023,53007159.282374375,50-300M
ANRO,2025-02-14,3.359999895095825,2026-09-04,35.54999923706055,10.580357246126248,567,39242104.0,131853465.32333946,50-300M
ANVS,2020-01-31,6.519999980926514,2021-07-23,119.0,18.251533795723986,539,42679059.05511811,278267464.2253316,50-300M
AOSL,2020-03-20,5.880000114440918,2021-12-31,60.560001373291016,10.299319760991056,651,30259254.9981956,177924422.85228705,50-300M
AP,2024-06-14,1.0399999618530273,2026-05-08,12.199999809265137,11.730769477652384,693,20658621.02137767,21484965.074168928,<50M
APLD,2024-04-05,2.9800000190734863,2026-01-23,37.689998626708984,12.647650464924228,658,291469112.0088138,868577959.3455973,300M-2B
APLD,2024-05-31,4.230000019073486,2026-05-29,47.279998779296875,11.177304625557142,728,291469112.0088138,1232914349.3566146,300M-2B
APLD,2024-07-26,4.440000057220459,2026-05-29,47.279998779296875,10.648648236481156,672,291469112.0088138,1294122873.9971297,300M-2B
APLD,2025-04-18,3.950000047683716,2026-05-29,47.279998779296875,11.969619799630614,406,291469112.0088138,1151303006.333145,300M-2B
APP,2022-11-04,14.84000015258789,2024-11-01,163.52999877929688,11.019541583412956,728,334651000.0,4966220891.06369,2-10B
APP,2024-04-19,66.80000305175781,2025-12-19,721.3699951171875,10.798951529362318,609,334651000.0,22354687821.273804,10-50B
APP,2024-08-02,68.72000122070312,2025-12-19,721.3699951171875,10.497234899638825,504,334651000.0,22997217128.50952,10-50B
APPS,2018-07-27,1.309999942779541,2020-07-10,13.220000267028809,10.091603698072522,714,121016250.0,158531280.57539463,50-300M
APPS,2018-08-10,1.5499999523162842,2020-08-07,22.584999084472656,14.570967599529377,728,121016250.0,187575181.72949553,50-300M
APPS,2019-12-06,8.350000381469727,2021-02-05,88.08000183105469,10.548502731391645,427,121016250.0,1010485733.6640358,300M-2B
APPS,2024-11-15,1.309999942779541,2026-08-07,14.34000015258789,10.94656548011862,630,121016250.0,158531280.57539463,50-300M
APPS,2024-12-13,1.4299999475479126,2026-08-07,14.34000015258789,10.027972502500687,602,121016250.0,173053231.15244508,50-300M
APVO,2020-03-13,1928196.0,2020-12-04,26789724.0,13.893672634939602,266,1801969.8412698412,3474551040057.1426,>50B
AQMS,2019-12-13,112.80000305175781,2021-02-19,1202.0,10.65602808049985,434,3563531.0790849933,401966316.5958211,300M-2B
AQMS,2020-03-13,100.0,2021-02-19,1202.0,12.02,343,3563531.0790849933,356353107.90849936,300M-2B
AQMS,2020-04-24,116.0,2021-02-19,1202.0,10.362068965517242,301,3563531.0790849933,413369605.17385924,300M-2B
AR,2019-11-29,1.9900000095367432,2021-11-05,20.989999771118164,10.54773852790306,707,307439000.0,611803612.9319668,300M-2B
AR,2020-01-24,1.909999966621399,2021-11-05,20.989999771118164,10.989528868027888,651,307439000.0,587208479.7381163,300M-2B
ARCT,2018-06-01,5.630000114440918,2020-05-22,58.27000045776367,10.349911060978748,721,28423069.02255639,160021881.8497546,50-300M
ARCT,2018-10-26,4.800000190734863,2020-08-21,62.650001525878906,13.052083132581586,665,28423069.02255639,136430736.72954085,50-300M
ARCT,2018-11-23,6.269999980926514,2020-11-06,63.36000061035156,10.10526328597993,714,28423069.02255639,178212642.22930154,50-300M
ARCT,2019-08-09,10.460000038146973,2020-12-04,112.01000213623047,10.70841316708766,483,28423069.02255639,297305303.0601939,50-300M
ARCT,2019-09-06,10.630000114440918,2020-12-04,112.01000213623047,10.537159071528533,455,28423069.02255639,302137226.9625365,300M-2B
ARCT,2019-09-27,10.420000076293945,2020-12-04,112.01000213623047,10.749520279856732,434,28423069.02255639,296168381.38354564,50-300M
ARCT,2020-01-03,9.9399995803833,2020-12-04,112.01000213623047,11.26861236063666,336,28423069.02255639,282525294.1574161,50-300M
ARCT,2020-01-31,10.300000190734863,2020-12-04,112.01000213623047,10.874757287576225,308,28423069.02255639,292757616.353601,50-300M
ARCT,2020-03-13,9.3100004196167,2020-12-04,112.01000213623047,12.0311489890182,266,28423069.02255639,264618784.5267944,50-300M
ARMP,2025-04-04,1.2799999713897705,2026-04-24,12.920000076293945,10.093750285217546,385,37181979.12087912,47592932.21094032,<50M
ARMP,2025-05-09,1.2899999618530273,2026-04-24,12.920000076293945,10.015504231283032,350,37181979.12087912,47964751.64755412,<50M
ARQQ,2024-10-04,4.309999942779541,2025-10-03,49.91999816894531,11.582366318258382,364,24090585.00443656,103830419.99064724,50-300M
ARQT,2023-11-03,2.440000057220459,2025-10-31,25.309999465942383,10.372950357539919,728,125691960.99317664,306688392.0155027,300M-2B
ARWR,2016-12-02,1.440000057220459,2018-09-07,19.739999771118164,13.708332629667416,644,141254466.99522105,203406440.55576375,50-300M
ARWR,2017-01-20,1.8200000524520874,2018-09-07,19.739999771118164,10.846153407810318,595,141254466.99522105,257083137.34039396,50-300M
ARWR,2017-03-24,1.8700000047683716,2019-03-01,20.18000030517578,10.791443985945543,707,141254466.99522105,264145853.95461714,50-300M
ARWR,2017-10-27,3.6500000953674316,2019-10-25,38.54999923706055,10.561643350636643,728,141254466.99522105,515578818.00363255,300M-2B
ARWR,2018-03-23,6.75,2019-11-29,73.01000213623047,10.816296612774885,616,141254466.99522105,953467652.2177421,300M-2B
ASMB,2016-02-19,67.08000183105469,2018-02-16,681.8400268554688,10.164579729331654,728,20360595.994993743,1365788816.625545,300M-2B
ASMB,2016-03-11,67.68000030517578,2018-03-02,701.1599731445312,10.359928634499585,721,20360595.994993743,1378005143.1547372,300M-2B
ASMB,2016-05-06,58.91999816894531,2018-03-16,716.0399780273438,12.152749495582022,679,20360595.994993743,1199646278.7436666,300M-2B
ASMB,2016-06-24,65.16000366210938,2018-03-16,716.0399780273438,10.98894932143354,630,20360595.994993743,1326696509.5965219,300M-2B
ASMB,2016-07-15,69.95999908447266,2018-03-16,716.0399780273438,10.234991243535708,609,20360595.994993743,1424427277.1690798,300M-2B
ASMB,2016-07-29,67.08000183105469,2018-03-16,716.0399780273438,10.674417985717064,595,20360595.994993743,1365788816.625545,300M-2B
ASMB,2016-08-12,69.5999984741211,2018-03-16,716.0399780273438,10.287930944331617,581,20360595.994993743,1417097450.1837606,300M-2B
ASPI,2023-09-15,1.0399999618530273,2025-07-18,10.489999771118164,10.086538611431804,672,153309380.0664452,159441749.42081428,50-300M
ASPN,2020-03-13,6.170000076293945,2021-11-19,62.16999816894531,10.076174619156271,616,82988783.97887324,512040803.4811896,300M-2B
ASPN,2020-04-24,5.579999923706055,2021-11-19,62.16999816894531,11.141576885121895,574,82988783.97887324,463077408.27057093,300M-2B
ASPN,2020-05-15,5.889999866485596,2021-11-19,62.16999816894531,10.555178196640686,553,82988783.97887324,488803926.5553653,300M-2B
ASPN,2020-07-10,6.039999961853027,2021-11-19,62.16999816894531,10.293046119469182,497,82988783.97887324,501252252.0666235,300M-2B
ASPN,2020-07-24,6.210000038146973,2021-11-19,62.16999816894531,10.011271785353559,483,82988783.97887324,515360351.67457366,300M-2B
ASST,2024-08-09,18.84600067138672,2025-05-23,209.1999969482422,11.100498222196492,287,97002649.0169024,1828111988.498833,300M-2B
ASST,2024-10-11,20.799999237060547,2025-05-23,209.1999969482422,10.057692529887145,224,97002649.0169024,2017655025.544422,2-10B
ASST,2024-10-25,18.79199981689453,2025-05-23,209.1999969482422,11.13239671065586,210,97002649.0169024,1822873762.5639145,300M-2B
ASST,2025-01-31,11.600000381469727,2025-05-23,209.1999969482422,18.03448190246839,112,97002649.0169024,1125230765.5996418,300M-2B
ASTC,2025-09-12,4.949999809265137,2026-05-29,49.79999923706055,10.060606294135134,259,2107595.9568733154,10432599.584530884,<50M
ASTC,2025-10-10,4.400000095367432,2026-05-29,49.79999923706055,11.318181399471513,231,2107595.9568733154,9273422.411238601,<50M
ASTH,2020-03-20,11.119999885559082,2021-11-19,113.47000122070312,10.204136905438302,609,49604365.98718695,551600544.1007497,300M-2B
ASTS,2023-06-30,4.699999809265137,2025-06-27,49.36000061035156,10.50212821563267,728,389167493.99799937,1829087147.5627882,300M-2B
ATEC,2019-02-01,1.2999999523162842,2021-01-29,14.880000114440918,11.446154354027762,728,154451075.97208375,200786391.39890766,50-300M
ATER,2020-02-14,48.36000061035156,2021-02-19,521.4000244140625,10.781638085886536,371,17966910.23622047,868879789.9897537,300M-2B
ATER,2020-05-08,48.599998474121094,2021-02-19,521.4000244140625,10.72839590091143,287,17966910.23622047,873191810.0649856,300M-2B
ATGL,2024-03-08,4.099999904632568,2025-02-21,41.000999450683594,10.00024400106858,350,16462500.0,67496248.43001366,50-300M
ATGL,2024-05-17,3.9100000858306885,2025-02-21,41.000999450683594,10.486188887633448,280,16462500.0,64368376.41298771,50-300M
ATLC,2018-05-25,1.6299999952316284,2020-05-08,17.68000030517578,10.846625985826089,714,15170038.00153897,24727161.870172143,<50M
ATLC,2018-07-13,1.7100000381469727,2020-05-08,17.68000030517578,10.339181234366853,665,15170038.00153897,25940765.561322663,<50M
ATLC,2018-07-27,1.75,2020-05-08,17.68000030517578,10.102857317243304,651,15170038.00153897,26547566.5026932,<50M
ATLC,2018-08-10,1.7100000381469727,2020-05-08,17.68000030517578,10.339181234366853,637,15170038.00153897,25940765.561322663,<50M
ATLC,2019-04-26,3.446000099182129,2021-04-23,34.95000076293945,10.142193777427476,728,15170038.00153897,52275952.45789995,50-300M
ATLC,2019-05-24,3.690000057220459,2021-05-21,39.2599983215332,10.63956577580823,728,15170038.00153897,55977441.09371533,50-300M
ATLC,2019-11-08,6.940000057220459,2021-11-05,85.44000244140625,12.311239443364766,728,15170038.00153897,105280064.59871699,50-300M
ATLC,2020-03-20,5.489999771118164,2021-11-05,85.44000244140625,15.562842623580737,595,15170038.00153897,83283505.1563028,50-300M
ATLC,2020-07-31,8.170000076293945,2021-11-05,85.44000244140625,10.45777253898917,462,15170038.00153897,123939211.62995543,50-300M
ATOM,2019-02-08,3.5999999046325684,2021-02-05,41.27000045776367,11.46388931973482,728,39024041.99535963,140486547.461672,50-300M
ATOM,2019-08-30,4.059999942779541,2021-02-05,41.27000045776367,10.165024886554448,525,39024041.99535963,158437608.2681865,50-300M
ATOM,2020-03-13,3.1500000953674316,2021-02-05,41.27000045776367,13.10158705025364,329,39024041.99535963,122925736.00700548,50-300M
ATOS,2020-12-18,12.744000434875488,2021-06-25,129.3000030517578,10.14595092902797,189,9979298.165137611,127176180.15626588,50-300M
AVNW,2020-03-20,3.75,2021-04-09,40.63999938964844,10.837333170572917,385,12858631.01711984,48219866.3141994,<50M
AVTX,2017-04-07,1492.1300048828125,2019-03-01,17798.400390625,11.92818342395228,693,53629989.01960784,80022915777.69263,>50B
AVTX,2017-05-26,1612.800048828125,2019-03-01,17798.400390625,11.0357141938069,644,53629989.01960784,86494448909.47534,>50B
AVTX,2017-08-04,1774.0799560546875,2019-03-01,17798.400390625,10.03246800116395,574,53629989.01960784,95143888563.11925,>50B
AVXL,2019-08-02,2.4100000858306885,2021-07-09,25.06999969482422,10.40248912944872,707,92696842.12765956,223399397.4838933,50-300M
AVXL,2019-11-08,2.4700000286102295,2021-07-09,25.06999969482422,10.14979732973125,609,92696842.12765956,228961202.70739704,50-300M
AVXL,2019-12-13,2.440000057220459,2021-07-09,25.06999969482422,10.274589797912899,574,92696842.12765956,226180300.0956452,50-300M
AVXL,2020-03-20,2.430000066757202,2021-07-09,25.06999969482422,10.316872018970662,476,92696842.12765956,225253332.55839455,50-300M
AXG,2023-09-15,2.3299999237060547,2024-03-08,28.049999237060547,12.038626676195225,175,201010878.0487805,468355330.5177456,300M-2B
AXG,2023-10-06,2.25,2024-03-08,28.049999237060547,12.466666327582466,154,201010878.0487805,452274475.6097561,300M-2B
AXG,2024-01-05,2.5,2024-03-08,28.049999237060547,11.219999694824219,63,201010878.0487805,502527195.1219512,300M-2B
AXSM,2017-12-22,5.224999904632568,2019-12-20,100.66999816894531,19.266985647155646,728,52380817.99948307,273689769.051875,50-300M
AXTI,2024-02-16,2.4000000953674316,2026-02-13,24.239999771118164,10.099999503294647,728,65573212.00328857,157375715.06144136,50-300M
AXTI,2024-03-15,4.869999885559082,2026-03-13,48.86000061035156,10.03285457053812,728,65573212.00328857,319341534.9517568,300M-2B
AZ,2024-04-12,1.062000036239624,2025-07-11,11.420000076293945,10.753295373444976,455,44026466.95652174,46756109.5033287,<50M
BATL,2024-12-20,1.3899999856948853,2026-03-06,22.360000610351562,16.08633153990531,441,57282155.45454545,79622195.26239038,50-300M
BATL,2025-06-27,1.409999966621399,2026-03-06,22.360000610351562,15.858156836648691,252,57282155.45454545,80767837.27891088,50-300M
BBW,2020-03-20,1.892799973487854,2021-12-10,21.459999084472656,11.33770043589361,630,12319335.01540832,23318036.99055286,<50M
BBW,2020-06-26,1.9586999416351318,2021-12-10,21.459999084472656,10.956246349074657,532,12319335.01540832,24129880.775663912,<50M
BBW,2020-08-21,2.071700096130371,2021-12-10,21.459999084472656,10.358641738037642,476,12319335.01540832,25521967.535683665,<50M
BCRX,2019-11-15,1.75,2021-08-06,17.610000610351562,10.062857491629464,630,255535105.0175029,447186433.7806301,300M-2B
BCRX,2020-03-20,1.8700000047683716,2022-02-18,18.739999771118164,10.02139022638099,700,255535105.0175029,477850647.6012168,300M-2B
BE,2019-09-20,3.319999933242798,2021-02-05,42.36000061035156,12.759036584972634,504,294527346.0009448,977830769.0613152,300M-2B
BE,2020-03-20,4.079999923706055,2021-02-05,42.36000061035156,10.382353284917219,322,294527346.0009448,1201671549.2132015,300M-2B
BE,2023-10-27,9.779999732971191,2025-10-17,111.5,11.400818307192937,721,294527346.0009448,2880477365.241954,2-10B
BE,2024-01-12,12.729999542236328,2025-11-07,135.2100067138672,10.621367759304281,665,294527346.0009448,3749332979.768108,2-10B
BEEM,2019-04-19,5.5,2021-01-01,73.77999877929688,13.414545232599432,623,22633315.102040816,124483233.06122449,50-300M
BEEM,2020-03-20,6.809999942779541,2021-01-01,73.77999877929688,10.834067459504727,287,22633315.102040816,154132874.54980928,50-300M
BEEM,2020-04-03,7.119999885559082,2021-01-01,73.77999877929688,10.36235954567062,273,22633315.102040816,161149200.93635327,50-300M
BEEM,2020-06-19,6.909999847412109,2021-01-01,73.77999877929688,10.677279364474733,196,22633315.102040816,156396203.90153223,50-300M
BIAF,2025-11-21,1.4700000286102295,2026-09-04,15.270000457763672,10.387755211270484,287,1166625.062972292,1714938.87594668,<50M
BIAF,2025-12-12,1.5099999904632568,2026-09-04,15.270000457763672,10.112583148479986,266,1166625.062972292,1761603.8339623574,<50M
BIAF,2026-06-12,1.4800000190734863,2026-09-04,15.270000457763672,10.317567743899787,84,1166625.062972292,1726605.1154505995,<50M
BILL,2020-04-03,31.049999237060547,2021-11-12,334.70001220703125,10.779388741740812,588,85276781.99041812,2647844015.7414613,2-10B
BKSY,2024-09-27,4.460000038146973,2026-05-29,48.470001220703125,10.867713185231562,609,40924846.02247191,182524814.8213837,50-300M
BLDP,2019-01-25,3.25,2021-01-22,37.06999969482422,11.406153752253605,728,351090705.93607306,1141044794.2922375,300M-2B
BLDP,2019-05-31,3.8399999141693115,2021-02-05,38.68000030517578,10.072916971286766,616,351090705.93607306,1348188280.6601636,300M-2B
BLDP,2019-06-14,3.7699999809265137,2021-02-05,38.68000030517578,10.259947082458552,602,351090705.93607306,1323611954.6824718,300M-2B
BLFS,2016-07-08,1.5742000341415405,2018-07-06,17.020000457763672,10.811840991380235,728,48906704.00105988,76988935.10821868,50-300M
BLFS,2016-07-22,2.140000104904175,2018-07-20,21.989999771118164,10.275700323903878,728,48906704.00105988,104660351.69278558,50-300M
BLNK,2018-11-30,2.2100000381469727,2020-11-27,28.0,12.669683039226221,728,144938715.4989384,320314566.7816271,300M-2B
BMEA,2022-04-22,3.2200000286102295,2023-06-09,40.900001525878906,12.701863715054555,413,72483852.08333334,233398005.78211302,50-300M
BMNR,2025-06-13,4.960000038146973,2025-07-04,135.0,27.217741726154344,21,603226393.99126,2992002937.2079105,2-10B
BMR,2023-09-22,1.2699999809265137,2024-02-16,13.569999694824219,10.68503929025604,147,15529854.074074073,19722914.377865613,<50M
BMR,2023-10-27,1.2599999904632568,2024-02-16,13.569999694824219,10.769841109153514,112,15529854.074074073,19567615.9852291,<50M
BMR,2023-12-01,1.2999999523162842,2024-02-16,13.569999694824219,10.438461686591431,77,15529854.074074073,20188809.555775147,<50M
BNAI,2025-01-24,5.324999809265137,2026-03-06,56.42499923706055,10.596244367724651,406,7503183.975346687,39954453.23760234,<50M
BNAI,2025-02-21,4.39900016784668,2026-03-06,56.42499923706055,12.82677815051794,378,7503183.975346687,33006507.566934593,<50M
BNAI,2025-06-13,3.7699999809265137,2026-03-06,56.42499923706055,14.966843374676506,266,7503183.975346687,28287003.443945132,<50M
BNAI,2025-10-17,4.369999885559082,2026-03-06,56.42499923706055,12.911899477050383,140,7503183.975346687,32788913.11359376,<50M
BNED,2020-04-03,115.0,2021-10-08,1185.0,10.304347826086957,553,34664980.01784121,3986472702.051739,2-10B
BNGO,2019-09-06,660.0,2021-02-12,8220.0,12.454545454545455,525,11777000.0,7772820000.0,2-10B
BNGO,2019-10-25,535.2000122070312,2021-02-12,8220.0,15.358744044311157,476,11777000.0,6303050543.762207,2-10B
BNKK,2023-03-03,15.228500366210938,2023-12-01,169.75,11.146862522106382,273,8000939.860139861,121842315.59017156,50-300M
BNKK,2023-04-21,16.729999542236328,2023-12-01,169.75,10.146443792269777,224,8000939.860139861,133855720.19760026,50-300M
BOOT,2020-03-20,12.529999732971191,2021-12-10,129.86000061035156,10.363926845795579,630,30284844.00353442,379469087.2773605,300M-2B
BOOT,2020-04-03,10.710000038146973,2021-12-10,129.86000061035156,12.125116727153602,616,30284844.00353442,324350680.4331288,300M-2B
BTBT,2020-04-24,1.5299999713897705,2021-01-08,25.030000686645508,16.359477878884917,259,360633502.8248587,551769249.0042266,300M-2B
BTCT,2023-09-22,1.809999942779541,2024-11-15,19.270000457763672,10.646409429257517,420,11800566.666666668,21359024.991432827,<50M
BTCT,2024-07-26,1.9199999570846558,2024-11-15,19.270000457763672,10.036458796084247,112,11800566.666666668,22657087.493574623,<50M
BTU,2020-04-24,2.6600000858306885,2022-04-15,32.540000915527344,12.233082656223097,721,121900000.0,324254010.4627609,300M-2B
BTU,2020-05-15,2.940000057220459,2022-04-15,32.540000915527344,11.068027306874061,700,121900000.0,358386006.97517395,300M-2B
BTU,2020-06-19,3.140000104904175,2022-04-15,32.540000915527344,10.363057270190883,665,121900000.0,382766012.7878189,300M-2B
BTU,2020-07-31,3.119999885559082,2022-04-15,32.540000915527344,10.429487855476765,623,121900000.0,380327986.0496521,300M-2B
BTU,2020-09-25,3.049999952316284,2022-04-15,32.540000915527344,10.668852925986196,567,121900000.0,371794994.18735504,300M-2B
BTU,2021-03-26,2.869999885559082,2022-04-15,32.540000915527344,11.337979865176365,385,121900000.0,349852986.0496521,300M-2B
BUUU,2025-08-15,4.130000114440918,2026-09-25,46.974998474121094,11.374091325050761,406,18847500.01064396,77840177.20088476,50-300M
BVS,2023-03-17,1.2999999523162842,2024-11-01,13.579999923706055,10.446154170628848,595,84091880.01469508,109319440.0092903,50-300M
BW,2024-03-22,1.3200000524520874,2026-03-20,15.180000305175781,11.49999977422484,728,148965065.96385542,196633894.8858178,50-300M
BW,2024-11-15,1.7699999809265137,2026-05-15,21.850000381469727,12.344633116906733,546,148965065.96385542,263668163.91474095,50-300M
BW,2025-09-05,2.130000114440918,2026-05-15,21.850000381469727,10.258215590380336,252,148965065.96385542,317295607.5507109,300M-2B
BXC,2020-03-06,8.520000457763672,2021-12-31,95.76000213623047,11.239436266575687,665,7860217.002881844,66969052.4626751,50-300M
BYRN,2023-09-15,3.309999942779541,2025-07-04,33.18000030517578,10.02416944977745,658,23404753.867403317,77469733.96187422,50-300M
CABA,2022-02-18,2.430000066757202,2024-02-09,25.0,10.288065560986636,721,169545445.04504502,411995442.77783895,300M-2B
CADL,2023-07-14,1.159999966621399,2025-02-21,11.630000114440918,10.025862456112225,588,76518565.0132861,88761532.86132921,50-300M
CADL,2023-07-28,1.0499999523162842,2025-02-21,11.630000114440918,11.076191088185587,574,76518565.0132861,80344489.6152609,50-300M
CADL,2023-09-22,1.1399999856948853,2025-02-21,11.630000114440918,10.201754614366832,518,76518565.0132861,87231163.0205393,50-300M
CADL,2023-12-22,1.1200000047683716,2025-02-21,11.630000114440918,10.38392862939865,427,76518565.0132861,85700793.17974938,50-300M
CALX,2020-01-03,7.929999828338623,2021-12-31,79.97000122070312,10.084489653445209,728,62963988.99826288,499304421.9477396,300M-2B
CALX,2020-03-13,6.960000038146973,2021-12-31,79.97000122070312,11.489942641148936,658,62963988.99826288,438229365.82979524,300M-2B
CAR,2019-11-22,29.225000381469727,2021-11-05,297.4599914550781,10.178271602134325,714,35325753.99829658,1032395174.0759233,300M-2B
CAR,2020-03-06,24.1299991607666,2021-11-05,297.4599914550781,12.327393360987914,609,35325753.99829658,852410414.3323439,300M-2B
CAR,2020-06-12,26.190000534057617,2022-04-22,298.07000732421875,11.381061521423296,679,35325753.99829658,925181516.0813755,300M-2B
CAR,2020-09-25,27.209999084472656,2022-04-22,298.07000732421875,10.9544291566813,574,35325753.99829658,961213733.9519563,300M-2B
CC,2015-11-13,4.423210144042969,2017-10-27,45.125301361083984,10.201934769447305,714,150498994.97964722,665688681.2622474,300M-2B
CC,2015-12-11,4.423210144042969,2017-10-27,45.125301361083984,10.201934769447305,686,150498994.97964722,665688681.2622474,300M-2B
CC,2015-12-25,4.46189022064209,2017-10-27,45.125301361083984,10.11349431062206,672,150498994.97964722,671509993.9161509,300M-2B
CD,2023-09-29,1.4199999570846558,2025-09-26,18.190000534057617,12.809859918167017,728,110003800.0,156205391.27914906,50-300M
CD,2024-02-16,2.869999885559082,2025-10-03,29.40999984741211,10.247387115028745,595,110003800.0,315710893.41106415,300M-2B
CD,2024-03-08,2.319999933242798,2025-10-03,29.40999984741211,12.676724436928778,574,110003800.0,255208808.6564541,50-300M
CD,2025-07-25,2.7100000381469727,2025-10-03,29.40999984741211,10.85239831491733,70,110003800.0,298110302.19631195,50-300M
CDE,2024-03-01,2.7100000381469727,2026-02-27,27.149999618530273,10.018449902714664,728,1027934997.9813664,2785703883.742111,2-10B
CDIO,2023-10-20,7.695000171661377,2024-01-12,78.5999984741211,10.214424525107072,84,2959468.75,22773112.53927648,<50M
CDLX,2018-12-21,104.0,2020-12-18,1409.0999755859375,13.54903822678786,728,5888715.988372093,612426462.7906977,300M-2B
CDLX,2019-03-15,155.5,2021-02-12,1571.800048828125,10.108038899216238,700,5888715.988372093,915695336.1918604,300M-2B
CDLX,2019-04-12,154.89999389648438,2021-02-12,1571.800048828125,10.147192451657022,672,5888715.988372093,912162070.6569672,300M-2B
CDNA,2016-12-09,2.9000000953674316,2018-11-16,29.950000762939453,10.327586130353135,707,51734222.99760633,150029251.62681833,50-300M
CELC,2024-11-15,12.65999984741211,2026-05-22,138.22999572753906,10.918641184327921,553,48931908.00100013,619477947.826245,300M-2B
CELC,2025-01-03,13.619999885559082,2026-05-22,138.22999572753906,10.149045292878496,504,48931908.00100013,666452581.3738093,300M-2B
CELH,2018-12-14,1.1533299684524536,2020-12-11,12.126700401306152,10.514510793106195,728,253035046.9842358,291832902.7556938,50-300M
CENN,2020-09-11,1426.5,2021-01-29,14850.0,10.410094637223974,140,17576452.106430154,25072808929.822617,10-50B
CENN,2020-12-11,1459.800048828125,2021-01-29,14850.0,10.17262604691721,49,17576452.106430154,25658105643.19194,10-50B
CGTL,2025-10-17,6.697500228881836,2026-01-16,72.5999984741211,10.839865023228501,91,1719255.0264550266,11514710.933188787,<50M
CHSN,2023-04-07,10080.0,2024-10-04,118480.0,11.753968253968255,546,3709786.9158878494,37394652112.14952,10-50B
CHSN,2023-12-22,11360.0,2024-10-04,118480.0,10.429577464788732,287,3709786.9158878494,42143179364.48597,10-50B
CIEN,2024-04-12,45.599998474121094,2026-04-10,496.0199890136719,10.877631702009225,728,141808525.0007024,6466468523.649393,2-10B
CIEN,2025-04-04,53.5,2026-05-22,583.739990234375,10.91102785484813,413,141808525.0007024,7586756087.537579,2-10B
CIFR,2024-09-06,2.700000047683716,2026-06-19,29.18000030517578,10.807407329569793,651,415030722.0163487,1120582969.2343485,300M-2B
CIFR,2024-09-20,2.9000000953674316,2026-06-19,29.18000030517578,10.062068739855906,637,415030722.0163487,1203589133.4278252,300M-2B
CIFR,2025-03-28,2.319999933242798,2026-06-19,29.18000030517578,12.577586700353569,448,415030722.0163487,962871247.3716393,300M-2B
CLDX,2019-06-07,2.609999895095825,2021-04-30,30.329999923706055,11.620690093013394,693,78529532.00514139,204962070.29534328,50-300M
CLIR,2020-03-20,3.917210102081299,2021-04-02,57.95000076293945,14.793692258719888,378,6807455.084745763,26666231.827430807,<50M
CLIR,2020-04-03,5.583000183105469,2021-04-02,57.95000076293945,10.379723958867139,364,6807455.084745763,38006022.98461785,<50M
CLIR,2020-05-15,5.52400016784668,2021-04-02,57.95000076293945,10.490586350856148,322,6807455.084745763,37604383.03074433,<50M
CLMT,2020-03-20,1.1799999475479126,2022-02-11,16.290000915527344,13.805086135282142,693,87898234.00147113,103719911.51129009,50-300M
CLMT,2020-04-17,1.5,2022-02-11,16.290000915527344,10.860000610351562,665,87898234.00147113,131847351.0022067,50-300M
CLNE,2020-03-13,1.5800000429153442,2021-02-12,17.290000915527344,10.94303825690069,336,220445014.8148148,348303132.8678811,300M-2B
CLS,2023-02-17,13.170000076293945,2025-02-14,132.05999755859375,10.027334608471438,728,114973107.00033164,1514195827.9661195,300M-2B
CLS,2023-06-30,14.5,2025-06-27,152.6699981689453,10.528965390961746,728,114973107.00033164,1667110051.504809,300M-2B
CLS,2023-08-18,20.530000686645508,2025-08-08,207.66000366210938,10.114953566328396,721,114973107.00033164,2360397965.662576,2-10B
CLS,2023-09-08,23.360000610351562,2025-09-05,242.67999267578125,10.388698045163663,728,114973107.00033164,2685771849.7017627,2-10B
CLS,2023-10-20,25.809999465942383,2025-10-17,276.4599914550781,10.711352079641895,728,114973107.00033164,2967455830.276296,2-10B
CLS,2024-09-06,41.029998779296875,2026-05-01,418.92999267578125,10.210334027286569,602,114973107.00033164,4717346439.875576,2-10B
CLSK,2020-02-21,3.200000047683716,2021-01-08,38.900001525878906,12.156250295694914,322,256817073.02904564,821814645.9389384,300M-2B
CLSK,2022-12-16,1.8899999856948853,2024-03-29,21.209999084472656,11.222221822755465,469,256817073.02904564,485384264.35109854,300M-2B
CLSK,2023-03-10,2.0799999237060547,2024-03-29,21.209999084472656,10.197115318485968,385,256817073.02904564,534179492.3068272,300M-2B
CLYM,2025-02-07,1.6799999475479126,2026-08-21,17.280000686645508,10.285715015567101,560,57436255.03194889,96492905.44102266,50-300M
CLYM,2025-11-21,1.7000000476837158,2026-08-21,17.280000686645508,10.164706001149739,273,57436255.03194889,97641636.29308717,50-300M
CLYM,2025-12-05,1.7200000286102295,2026-08-21,17.280000686645508,10.046511860007266,259,57436255.03194889,98790360.29821652,50-300M
CMT,2020-03-20,1.7000000476837158,2021-07-02,17.280000686645508,10.164706001149739,469,8849034.001743678,15043358.224919075,<50M
CMT,2020-04-03,1.159999966621399,2021-07-02,17.280000686645508,14.896552744716896,455,8849034.001743678,10264879.146654291,<50M
CNR,2020-04-24,4.677619934082031,2022-04-15,47.93579864501953,10.24790370328084,721,49636257.00488334,232179545.21926117,50-300M
CNR,2020-06-26,5.021560192108154,2022-06-03,53.930198669433594,10.739729607182621,707,49636257.00488334,249251452.26097172,50-300M
CNR,2020-07-24,5.296720027923584,2022-07-15,56.033199310302734,10.578848611008958,721,49636257.00488334,262909356.5889279,50-300M
CNR,2020-12-25,6.475949764251709,2022-12-02,75.30000305175781,11.62763853843123,707,49636257.00488334,321441906.8491115,300M-2B
CNTY,2020-03-20,1.149999976158142,2021-11-05,15.75,13.695652457852,595,28137691.89189189,32358345.00482082,<50M
CODX,2018-05-25,48.599998474121094,2020-05-22,556.5,11.450617643462056,728,7010298.181818182,340700480.93949753,300M-2B
CODX,2018-10-05,71.0999984741211,2020-08-07,771.9000244140625,10.856540660757087,672,7010298.181818182,498432190.0304066,300M-2B
COGT,2020-03-13,1.2904000282287598,2020-07-10,13.279999732971191,10.291382084980036,119,173524982.01209804,223916641.68680635,50-300M
COGT,2020-04-03,1.2799999713897705,2020-07-10,13.279999732971191,10.375000023283064,98,173524982.01209804,222111972.01089594,50-300M
COHN,2019-09-06,2.8168599605560303,2021-05-07,30.15250015258789,10.704295057194104,609,3228970.048780488,9095556.444244409,<50M
COHN,2019-11-29,2.6001598834991455,2021-05-07,30.15250015258789,11.596402338155603,525,3228970.048780488,8395838.385859303,<50M
COHN,2020-03-27,2.8255300521850586,2021-05-07,30.15250015258789,10.671449107140145,406,3228970.048780488,9123551.910434723,<50M
COHN,2020-05-08,2.842789888381958,2021-05-07,30.15250015258789,10.606658014303656,364,3228970.048780488,9179283.404561369,<50M
COIN,2023-01-06,33.2599983215332,2024-12-06,343.6199951171875,10.33132929819545,700,263836923.0000505,8775215616.140163,2-10B
COSM,2022-10-21,1.9924999475479126,2022-12-16,23.010000228881836,11.548306566933311,56,100633772.74963108,200512786.92518848,50-300M
CPSH,2019-02-08,1.3600000143051147,2021-02-05,22.540000915527344,16.573529910618454,728,19387942.11886305,26367601.559000485,<50M
CPSH,2020-07-17,2.5399999618530273,2021-02-12,25.979999542236328,10.228346430085347,210,19387942.11886305,49245372.24232085,<50M
CPSH,2020-07-31,2.0999999046325684,2021-02-12,25.979999542236328,12.371428915270346,196,19387942.11886305,40714676.60063416,<50M
CPSS,2020-04-03,1.1299999952316284,2022-02-25,12.0,10.619469071360685,693,21554714.02569593,24356826.746255517,<50M
CRBP,2022-09-02,6.0,2024-08-30,61.18000030517578,10.196666717529297,728,19341293.02325581,116047758.13953486,50-300M
CRBP,2022-09-23,5.126999855041504,2024-08-30,61.18000030517578,11.93290462940349,707,19341293.02325581,99162806.52654779,50-300M
CRBP,2023-10-13,6.03000020980835,2024-08-30,61.18000030517578,10.145936679348848,322,19341293.02325581,116628000.9881973,50-300M
CRBP,2023-12-08,5.329999923706055,2024-08-30,61.18000030517578,11.47842423656849,266,19341293.02325581,103089090.33832991,50-300M
CRBP,2024-01-12,5.929999828338623,2024-08-30,61.18000030517578,10.317032390592203,231,19341293.02325581,114693864.30775397,50-300M
CRDF,2019-07-12,2.1500000953674316,2020-11-27,21.920000076293945,10.19534842046035,504,77795248.85496183,167259792.45730102,50-300M
CRDF,2019-08-30,1.8700000047683716,2020-11-27,21.920000076293945,11.721925144598636,455,77795248.85496183,145477115.72973529,50-300M
CRDO,2023-05-05,7.630000114440918,2025-01-24,80.47000122070312,10.546526869429739,630,187951918.00175372,1434073155.8627708,300M-2B
CRDO,2023-09-15,14.960000038146973,2025-09-12,161.99000549316406,10.828208895728654,728,187951918.00175372,2811760700.4760323,2-10B
CRDO,2023-10-13,15.5600004196167,2025-09-19,169.55999755859375,10.89717178572998,707,187951918.00175372,2924531922.9750514,2-10B
CRDO,2023-12-08,18.209999084472656,2025-10-31,187.6199951171875,10.303130398132076,693,187951918.00175372,3422604254.736815,2-10B
CRDO,2024-01-05,17.530000686645508,2025-10-31,187.6199951171875,10.702794510448474,665,187951918.00175372,3294797251.627083,2-10B
CRDO,2024-04-19,16.90999984741211,2025-10-31,187.6199951171875,11.095209746314733,560,187951918.00175372,3178266904.7304688,2-10B
CRDO,2024-08-02,25.329999923706055,2026-06-19,271.8299865722656,10.731543126372577,686,187951918.00175372,4760822068.644828,2-10B
CRDO,2024-09-06,24.3799991607666,2026-06-19,271.8299865722656,11.149712712447782,651,187951918.00175372,4582267603.147229,2-10B
CRIS,2018-12-21,304.0,2020-12-11,3156.0,10.381578947368421,721,2090076.688727808,635383313.3732536,300M-2B
CRIS,2019-01-11,380.0,2021-01-08,4036.0,10.621052631578948,728,2090076.688727808,794229141.716567,300M-2B
CRIS,2019-05-31,560.0,2021-05-28,5760.0,10.285714285714286,728,2090076.688727808,1170442945.6875725,300M-2B
CRIS,2019-11-15,576.0,2021-05-28,5760.0,10.0,560,2090076.688727808,1203884172.7072175,300M-2B
CRIS,2020-02-21,568.0,2021-05-28,5760.0,10.140845070422536,462,2090076.688727808,1187163559.1973948,300M-2B
CRMD,2018-03-23,1.0540000200271606,2018-10-12,11.300000190734863,10.721062595846698,203,77944324.05721717,82153319.11731039,50-300M
CRMD,2018-04-20,1.0959999561309814,2018-10-12,11.300000190734863,10.310219564812114,175,77944324.05721717,85426975.74736902,50-300M
CRMD,2018-05-11,1.0199999809265137,2018-10-12,11.300000190734863,11.078431766705078,154,77944324.05721717,79503209.05169152,50-300M
CRML,2025-02-28,1.909999966621399,2025-10-17,20.860000610351562,10.921466479002532,231,146888752.97927463,280557513.28747344,50-300M
CRML,2025-04-25,1.559999942779541,2025-10-17,20.860000610351562,13.371795753520418,175,146888752.97927463,229146446.24262655,50-300M
CROX,2020-03-20,10.770000457763672,2021-11-12,180.57000732421875,16.76601668053346,602,47945075.0040122,516368479.7407249,300M-2B
CRVS,2024-01-26,2.049999952316284,2026-01-23,25.100000381469727,12.24390290990464,728,84120944.01913877,172447931.22803527,50-300M
CSBR,2016-09-30,1.6799999475479126,2018-09-28,17.469999313354492,10.398809439758187,728,13918568.92430279,23383195.062770694,<50M
CTEV,2024-11-15,6.179999828338623,2025-08-22,72.16000366210938,11.67637632143887,280,16947463.01916933,104735318.54924163,50-300M
CTEV,2024-12-06,7.079999923706055,2025-08-22,72.16000366210938,10.192091022557092,259,16947463.01916933,119988036.88273004,50-300M
CTRM,2020-10-30,12.0600004196167,2021-02-12,147.0,12.189054302261134,105,9662353.99061033,116527993.18124565,50-300M
CTRN,2020-03-20,8.819999694824219,2021-04-23,108.44999694824219,12.295918446786702,399,8339446.993670885,73553919.93917996,50-300M
CTRN,2020-04-24,9.59000015258789,2021-04-23,108.44999694824219,11.308654350644263,364,8339446.993670885,79975297.94180241,50-300M
CVE,2020-03-27,1.6461800336837769,2022-03-25,16.53860092163086,10.046653818672086,728,1875000000.0,3086587563.1570816,2-10B
CVGI,2020-04-03,1.3200000524520874,2021-05-07,13.350000381469727,10.113636250748783,399,40632681.84818482,53635142.170872934,50-300M
CVM,2018-03-23,45.0,2020-02-21,494.70001220703125,10.993333604600695,700,17588986.904761907,791504410.7142859,300M-2B
CVM,2018-06-29,27.600000381469727,2020-02-21,494.70001220703125,17.92391323802902,602,17588986.904761907,485456045.2810947,300M-2B
CVNA,2020-03-20,5.869999885559082,2021-08-13,72.19599914550781,12.299148305457178,511,1100463770.0078185,6459722204.007811,2-10B
CVNA,2022-10-14,3.427999973297119,2024-10-11,38.45000076293945,11.216453052056902,728,1100463770.0078185,3772389774.2012486,2-10B
CVNA,2023-10-06,7.53000020980835,2025-09-19,78.37799835205078,10.408764431368539,714,1100463770.0078185,8286492419.045361,2-10B
CVNA,2024-01-12,8.555999755859375,2026-01-09,92.61799621582031,10.824918052667435,728,1100463770.0078185,9415567747.518982,2-10B
CWH,2020-03-20,3.6093900203704834,2021-11-26,41.36439895629883,11.460218685941014,616,103294916.04477613,372831639.12702185,300M-2B
CWH,2020-04-03,3.837559938430786,2021-11-26,41.36439895629883,10.77882811472467,602,103294916.04477613,396400431.6570043,300M-2B
CZR,2020-03-20,8.819999694824219,2021-10-01,119.48999786376953,13.547619274169481,560,203720372.0027018,1796813618.893306,300M-2B
CZR,2020-04-03,10.15999984741211,2021-10-01,119.48999786376953,11.760826738024535,546,203720372.0027018,2069798948.4621882,2-10B
DAC,2019-08-02,7.282969951629639,2021-06-25,74.6095962524414,10.244391607814714,693,18203475.003237925,132575361.46382305,50-300M
DAC,2019-11-22,5.347169876098633,2021-09-03,82.6072998046875,15.448789120004337,651,18203475.003237925,97337073.1776283,50-300M
DAC,2020-01-17,7.997280120849609,2021-09-03,82.6072998046875,10.329424323817674,595,18203475.003237925,145578288.77377743,50-300M
DAVE,2022-12-16,9.088000297546387,2024-11-29,98.68000030517578,10.858274325961212,714,12755506.99898832,115922051.40216087,50-300M
DAVE,2024-06-28,30.299999237060547,2026-06-26,348.7099914550781,11.508580865855727,728,12755506.99898832,386491852.3376665,300M-2B
DDD,2020-09-25,4.650000095367432,2021-02-05,47.95000076293945,10.31182790957568,133,166147027.06552708,772583691.6997162,300M-2B
DDS,2020-04-03,21.328800201416016,2021-11-19,327.3919982910156,15.349761599308344,595,15619451.000526594,333144149.6460392,300M-2B
DDS,2020-06-12,26.708999633789062,2021-11-19,327.3919982910156,12.25774094050449,525,15619451.000526594,417179911.053051,300M-2B
DFDV,2023-07-28,2.4800000190734863,2025-05-23,34.25,13.810483764752389,665,32620789.94800693,80899559.69324937,50-300M
DFIN,2020-04-03,4.300000190734863,2021-11-12,50.15999984741211,11.665115726155316,588,24585383.007611603,105717151.62201956,50-300M
DFLI,2025-06-27,1.6039999723434448,2025-10-03,18.899999618530273,11.783042359357005,98,14978803.38028169,24026000.20770973,<50M
DFNS,2024-06-28,388.0,2024-12-20,5001.25,12.889819587628866,175,2840296.0609911056,1102034871.6645489,300M-2B
DGNX,2025-01-24,8.550000190734863,2025-10-10,199.44000244140625,23.326315554650837,259,50130129.93197279,428612620.4799308,300M-2B
DMRA,2025-04-04,2.5399999618530273,2025-12-26,34.13999938964844,13.440944843456611,266,61735518.98238747,156808215.86024103,50-300M
DMRA,2025-08-01,3.2049999237060547,2025-12-26,34.13999938964844,10.652106147375862,147,61735518.98238747,197862333.62850553,50-300M
DOGZ,2023-11-10,3.25,2024-10-25,56.84000015258789,17.48923081618089,350,17620657.777777776,57267137.777777776,50-300M
DOMH,2024-12-27,1.149999976158142,2025-02-14,11.9399995803833,10.382608546020851,49,24243646.122448977,27880192.462802757,<50M
DRCT,2022-02-25,341.0,2024-02-16,3940.199951171875,11.554838566486437,721,802726.7080745341,273729807.4534161,50-300M
DRCT,2022-03-18,433.3999938964844,2024-03-15,7152.2001953125,16.502538754120913,728,802726.7080745341,347901750.38004804,300M-2B
DRCT,2022-04-08,629.2000122070312,2024-03-15,7152.2001953125,11.367132957014547,707,802726.7080745341,505075654.51940686,300M-2B
DRCT,2022-09-16,611.5999755859375,2024-03-15,7152.2001953125,11.694245390478315,546,802726.7080745341,490947635.060565,300M-2B
DRCT,2022-11-18,664.4000244140625,2024-03-15,7152.2001953125,10.764900560652537,483,802726.7080745341,533331644.44254047,300M-2B
DRCT,2023-03-31,712.7999877929688,2024-03-15,7152.2001953125,10.03395106312746,350,802726.7080745341,572183587.7166178,300M-2B
DRCT,2023-06-09,715.0,2024-03-15,7152.2001953125,10.003077196241259,280,802726.7080745341,573949596.2732918,300M-2B
DRUG,2022-11-04,4.703999996185303,2024-10-25,48.939998626708984,10.40391128112176,721,9864060.997928176,46400542.896625735,<50M
DRUG,2022-12-16,4.699999809265137,2024-10-25,48.939998626708984,10.412766087826915,679,9864060.997928176,46361084.8088421,<50M
DTST,2016-12-30,2.240000009536743,2018-01-12,23.229999542236328,10.37053546577464,378,2337737.8571428573,5236532.822294406,<50M
DTST,2017-01-27,2.200000047683716,2018-01-12,23.229999542236328,10.55909047215439,350,2337737.8571428573,5143023.397186314,<50M
DVN,2020-03-20,5.149799823760986,2022-03-11,55.18709945678711,10.716358178070509,721,1100000000.0,5664779806.137085,2-10B
DWTX,2022-12-30,5.900000095367432,2023-07-14,60.5,10.254237122386398,196,33992552.98013245,200556065.82456395,50-300M
EDRY,2020-05-22,3.430000066757202,2022-04-22,39.79999923706055,11.603498094006845,700,2866591.001168679,9832407.325374164,<50M
EDRY,2020-06-26,3.5299999713897705,2022-04-22,39.79999923706055,11.274787410661418,665,2866591.001168679,10119066.15211161,<50M
EDRY,2020-08-28,3.75,2022-04-22,39.79999923706055,10.613333129882813,602,2866591.001168679,10749716.254382547,<50M
EDRY,2020-10-16,3.9791998863220215,2022-04-22,39.79999923706055,10.00201054836874,553,2866591.001168679,11406738.585982136,<50M
EDRY,2020-10-30,3.7100000381469727,2022-04-22,39.79999923706055,10.727762487285414,539,2866591.001168679,10635052.723687567,<50M
EDSA,2024-12-20,1.7300000190734863,2026-05-01,17.59000015258789,10.16763003390505,497,13503722.921914358,23361440.91247491,<50M
EDSA,2025-01-17,1.7000999450683594,2026-05-01,17.59000015258789,10.346450632865949,469,13503722.921914358,22957678.597764947,<50M
EDSA,2025-11-07,1.7100000381469727,2026-05-01,17.59000015258789,10.286549567360916,175,13503722.921914358,23091366.7115997,<50M
EDSA,2025-12-12,1.7400000095367432,2026-05-01,17.59000015258789,10.109195434585684,140,13503722.921914358,23496478.01291252,<50M
EGAN,2017-03-24,1.649999976158142,2018-07-06,17.950000762939453,10.878788498369687,469,26171466.94772344,43182919.839767285,<50M
EGAN,2017-07-14,1.649999976158142,2018-07-06,17.950000762939453,10.878788498369687,357,26171466.94772344,43182919.839767285,<50M
EGAN,2017-08-04,1.7000999450683594,2018-07-06,17.950000762939453,10.558203248584718,336,26171466.94772344,44494109.520183004,<50M
EGAN,2017-08-25,1.75,2018-07-06,17.950000762939453,10.257143293108259,315,26171466.94772344,45800067.15851602,<50M
EH,2019-12-20,10.0,2021-02-12,124.08999633789062,12.408999633789062,420,75845362.00873363,758453620.0873363,300M-2B
EH,2020-01-31,10.859999656677246,2021-02-12,124.08999633789062,11.42633519896975,378,75845362.00873363,823680605.3754086,300M-2B
EH,2020-05-01,11.0,2021-02-12,124.08999633789062,11.280908757990057,287,75845362.00873363,834298982.0960699,300M-2B
ELF,2022-05-20,21.25,2024-03-01,217.39999389648438,10.230587948069854,651,59007996.00119072,1253919915.025303,300M-2B
ELPW,2025-03-28,33734.0,2025-05-16,397440.0,11.781585344163158,49,932089.138576779,31443095000.749065,10-50B
ELPW,2026-01-23,2956.679931640625,2026-01-30,50184.0,16.973091832822607,7,932089.138576779,2755889250.53016,2-10B
ENPH,2017-05-05,1.159999966621399,2019-05-03,13.829999923706055,11.92241407039617,728,132144647.989114,153287787.25656876,50-300M
ENPH,2018-07-27,5.590000152587891,2020-07-24,59.650001525878906,10.670840768808198,728,132144647.989114,738688602.4228203,300M-2B
ENPH,2019-11-01,18.829999923706055,2021-10-29,231.6300048828125,12.301115550786678,728,132144647.989114,2488283711.55318,2-10B
ENPH,2020-03-20,26.0,2021-11-19,267.739990234375,10.297691932091347,609,132144647.989114,3435760847.7169642,2-10B
EOSE,2023-10-27,1.5499999523162842,2025-10-24,16.059999465942383,10.361290296778842,728,364167744.1340782,564459986.04295,300M-2B
EOSE,2023-11-10,1.2799999713897705,2025-11-07,18.260000228881836,14.265625497675511,728,364167744.1340782,466134702.07269734,300M-2B
EOSE,2024-07-26,1.7999999523162842,2025-11-07,18.260000228881836,10.144444840337034,469,364167744.1340782,655501922.0764695,300M-2B
EOSE,2024-08-09,1.5199999809265137,2025-11-07,18.260000228881836,12.013158196062266,455,364167744.1340782,553534964.1378504,300M-2B
ERAS,2024-04-19,1.7949999570846558,2026-04-17,19.010000228881836,10.590529628622875,728,349762034.9946217,627822837.8051878,300M-2B
ERAS,2024-06-21,2.109999895095825,2026-04-24,21.489999771118164,10.184834521113661,672,349762034.9946217,737997857.1471541,300M-2B
ERAS,2025-01-17,1.850000023841858,2026-04-24,21.489999771118164,11.61621594279243,462,349762034.9946217,647059773.0790268,300M-2B
ERNA,2021-04-02,28125.0,2021-04-30,373500.0,13.28,28,1632410.9589041097,45911558219.178085,10-50B
ESEA,2019-12-13,2.964139938354492,2021-09-17,33.81650161743164,11.408537491723308,644,7055880.997624704,20914618.665335923,<50M
ESEA,2020-01-24,3.1758899688720703,2021-09-17,33.81650161743164,10.647881994929977,602,7055880.997624704,22408701.681911353,<50M
ETON,2024-06-28,3.2899999618530273,2026-06-26,35.70000076293945,10.85106418749991,728,28583134.993706167,94038513.03893322,50-300M
EUDA,2023-07-21,11.144000053405762,2024-12-13,119.18800354003906,10.695262290815725,511,2994324.985574149,33368757.799152523,<50M
EVER,2018-11-16,5.510000228881836,2020-07-10,62.15999984741211,11.281306218752455,602,35239750.992626205,194171036.03510928,50-300M
EVGN,2020-03-20,9.100000381469727,2021-02-12,95.4000015258789,10.483516211729103,329,15801406.146363037,143792801.95966172,50-300M
EVGN,2020-04-03,9.199999809265137,2021-02-12,95.4000015258789,10.369565598230063,315,15801406.146363037,145372933.5326609,50-300M
EVI,2015-02-20,2.1956000328063965,2017-02-17,24.099000930786133,10.976043255010797,728,12878531.981753672,28276105.24163659,<50M
EVI,2015-11-27,3.316699981689453,2017-09-01,33.54100036621094,10.112762852046057,644,12878531.981753672,42714226.78806944,<50M
EVI,2015-12-25,3.554500102996826,2017-12-22,35.82699966430664,10.079335666385443,728,12878531.981753672,45776743.25559135,<50M
EVI,2016-01-15,3.94950008392334,2017-12-29,39.862998962402344,10.09317587424973,714,12878531.981753672,50863763.14274554,50-300M
EVI,2016-06-03,3.9593000411987305,2017-12-29,39.862998962402344,10.068193505823139,574,12878531.981753672,50989972.20593648,50-300M
EVI,2016-06-17,3.8606998920440674,2017-12-29,39.862998962402344,10.325329623405842,560,12878531.981753672,49720147.03164247,<50M
EVI,2016-09-02,4.699900150299072,2018-08-24,47.237998962402344,10.050851603601922,721,12878531.981753672,60527814.39667549,50-300M
EXEL,2014-10-10,1.4500000476837158,2016-09-23,14.890000343322754,10.268965416317466,714,247781691.99717963,359283465.21106225,300M-2B
EXEL,2014-11-28,1.659999966621399,2016-11-25,17.0,10.240964061342803,728,247781691.99717963,411317600.4447119,300M-2B
EXEL,2015-01-16,1.659999966621399,2017-01-13,18.510000228881836,11.150602771730938,728,247781691.99717963,411317600.4447119,300M-2B
EXEL,2015-02-06,1.909999966621399,2017-02-03,20.260000228881836,10.607330148135956,728,247781691.99717963,473263023.44400686,300M-2B
EYPT,2022-12-16,2.4700000286102295,2024-02-09,28.799999237060547,11.659918584399838,420,86212137.90322581,212943983.08751678,50-300M
EYPT,2023-03-10,2.4200000762939453,2024-02-09,28.799999237060547,11.900825755826279,336,86212137.90322581,208633380.30327058,50-300M
EZRA,2018-10-12,60894.0,2020-01-24,791216.0,12.993332676454166,469,1679936.059479554,102298026405.94795,>50B
FCEL,2019-05-10,51.0,2021-02-12,786.0,15.411764705882353,644,79954195.98370197,4077663995.168801,2-10B
FCEL,2020-06-19,66.0,2021-02-12,786.0,11.909090909090908,238,79954195.98370197,5276976934.924331,2-10B
FCEL,2020-07-24,75.5999984741211,2021-02-12,786.0,10.396825606670594,203,79954195.98370197,6044537094.367448,2-10B
FCEL,2020-09-04,76.80000305175781,2021-02-12,786.0,10.234374593322492,161,79954195.98370197,6140482495.549154,2-10B
FFAI,2024-03-15,581.4000244140625,2024-05-24,6960.0,11.97110372847734,70,6126999.28057554,3562237531.311562,2-10B
FFAI,2024-03-29,600.0,2024-05-24,6960.0,11.6,56,6126999.28057554,3676199568.345324,2-10B
FLGT,2018-08-24,4.349999904632568,2020-08-21,48.0,11.034483000535701,728,27515292.9948284,119691521.90344071,50-300M
FLGT,2020-02-28,14.84000015258789,2021-02-12,161.08999633789062,10.855120935413115,350,27515292.9948284,408326952.24175394,300M-2B
FLGT,2020-03-13,8.539999961853027,2021-02-12,161.08999633789062,18.86299731351954,336,27515292.9948284,234980601.1262094,50-300M
FLGT,2020-05-01,15.960000038146973,2021-02-12,161.08999633789062,10.093358142409746,287,27515292.9948284,439144077.2470864,300M-2B
FLGT,2020-05-22,15.15999984741211,2021-02-12,161.08999633789062,10.625989311298676,266,27515292.9948284,417131837.60309803,300M-2B
FLGT,2020-06-12,15.930000305175781,2021-02-12,161.08999633789062,10.112366180278805,245,27515292.9948284,438318625.80461746,300M-2B
FLL,2020-03-13,1.090000033378601,2021-12-31,12.109999656677246,11.110091087924722,658,36644479.7752809,39942484.17819765,<50M
FLNA,2018-09-28,1.0099999904632568,2020-09-25,11.470000267028809,11.356436015180417,728,48307895.64417883,48790974.13992062,<50M
FLNA,2018-11-09,1.149999976158142,2020-10-09,11.920000076293945,10.365217672539124,700,48307895.64417883,55554078.83905567,50-300M
FTAI,2022-11-25,17.0,2024-11-22,173.7100067138672,10.218235689051012,728,102707091.00048386,1746020547.0082254,300M-2B
FTAI,2022-12-16,17.09000015258789,2024-11-22,173.7100067138672,10.16442394165589,707,102707091.00048386,1755264200.8701274,300M-2B
FTAI,2022-12-30,17.1200008392334,2024-11-22,173.7100067138672,10.146612044304408,693,102707091.00048386,1758345484.1235046,300M-2B
FTFT,2019-01-11,603.3599853515625,2021-01-08,6096.0,10.103421088569565,728,9375000.0,5656499862.670898,2-10B
FTFT,2019-02-15,632.0,2021-02-12,6800.0,10.759493670886076,728,9375000.0,5925000000.0,2-10B
FTFT,2019-03-22,672.0,2021-02-12,6800.0,10.119047619047619,693,9375000.0,6300000000.0,2-10B
FTFT,2019-09-13,677.0399780273438,2021-02-12,6800.0,10.043720047097967,518,9375000.0,6347249794.006348,2-10B
FTFT,2019-10-04,560.0,2021-02-12,6800.0,12.142857142857142,497,9375000.0,5250000000.0,2-10B
FTFT,2020-01-24,635.2000122070312,2021-02-12,6800.0,10.705289466813912,385,9375000.0,5955000114.440918,2-10B
FTFT,2020-03-06,625.5999755859375,2021-02-12,6800.0,10.869565641576495,343,9375000.0,5864999771.118164,2-10B
FVRR,2019-06-14,31.489999771118164,2021-02-12,323.1000061035156,10.260400395425053,609,35950728.05164319,1132088418.1177754,300M-2B
FVRR,2020-02-28,31.479999542236328,2021-02-12,323.1000061035156,10.263659809461442,350,35950728.05164319,1131728902.6087904,300M-2B
FWDI,2024-08-09,3.509999990463257,2025-09-12,36.099998474121094,10.284899878121237,399,73846883.00248139,259202558.6344509,50-300M
FWDI,2024-09-20,3.5299999713897705,2025-09-12,36.099998474121094,10.22662854580943,357,73846883.00248139,260679494.88598302,50-300M
FWDI,2024-10-18,3.569999933242798,2025-09-12,36.099998474121094,10.112044579600251,329,73846883.00248139,263633367.38904727,50-300M
FXHO,2024-01-26,265000.0,2024-08-23,2750000.0,10.377358490566039,210,27276331.021897808,7228227720802.919,>50B
FXHO,2024-03-22,270125.0,2024-08-23,2750000.0,10.18047200370199,154,27276331.021897808,7368018917290.1455,>50B
FXHO,2024-04-05,231250.0,2024-08-23,2750000.0,11.891891891891891,140,27276331.021897808,6307651548813.868,>50B
GBR,2020-02-21,1.090000033378601,2021-01-29,11.109999656677246,10.192659923358272,343,5131934.269581584,5593808.525140714,<50M
GDC,2019-12-20,5850.0,2021-02-19,58950.0,10.076923076923077,427,4162500.0,24350625000.0,10-50B
GDC,2024-04-12,170.25,2025-09-12,2017.5,11.85022026431718,518,4162500.0,708665625.0,300M-2B
GEVO,2020-02-28,1.4600000381469727,2021-02-12,14.609999656677246,10.00684881845634,350,247237104.13793105,360966181.4727264,300M-2B
GEVO,2020-06-12,1.1899000406265259,2021-02-12,14.609999656677246,12.27834201012763,245,247237104.13793105,294187440.25810874,50-300M
GLBS,2015-12-11,920.0,2017-01-20,9700.0,10.543478260869565,406,21582301.12044818,19855717030.812325,10-50B
GLSI,2020-09-25,5.0,2020-12-11,56.0,11.2,77,14678207.99543118,73391039.9771559,50-300M
GME,2019-02-01,2.717750072479248,2021-01-29,81.25,29.8960529236157,728,504500990.0,1371107602.1383524,300M-2B
GMEX,2023-08-11,17771.900390625,2024-11-15,255780.0,14.392383165445187,462,904442.105263158,16073655003.824015,10-50B
GNPX,2019-10-11,21948.400390625,2021-02-12,308440.0,14.052960330163582,490,819709.0666666667,17991302799.02552,10-50B
GNS,2022-11-11,5.797999858856201,2023-02-03,67.5999984741211,11.659192845764723,84,191947509.67741936,1112911634.0174768,300M-2B
GOGO,2020-04-17,1.840000033378601,2022-04-15,23.280000686645508,12.652174056703064,728,135507862.17391306,249334470.92306292,50-300M
GOLD,2019-12-20,3.5963499546051025,2021-11-12,37.31529998779297,10.37588122924772,693,29154756.00275989,104850705.42704837,50-300M
GOLD,2020-01-24,3.5876100063323975,2021-11-12,37.31529998779297,10.40115840961774,658,29154756.00275989,104595894.3676809,50-300M
GOLD,2020-03-20,3.51774001121521,2022-03-04,37.638099670410156,10.699511490449234,714,29154756.00275989,102558851.70812528,50-300M
GOSS,2024-09-20,1.0499999523162842,2026-09-11,10.729999542236328,10.219047647160469,721,6116390.991810737,6422210.249749024,<50M
GOSS,2025-05-16,1.0399999618530273,2026-09-25,10.989999771118164,10.567307859835546,497,6116390.991810737,6361046.398161367,<50M
GPRE,2020-04-03,4.059999942779541,2021-11-05,42.060001373291016,10.359606395584347,581,70095327.9947055,284587027.64761746,50-300M
GPUS,2016-01-15,94479000.0,2017-12-15,1081500032.0,11.446988558303962,700,176957127.96757382,1.6718732493248408e+16,>50B
GPUS,2017-06-02,98700000.0,2017-12-15,1081500032.0,10.95744713272543,196,176957127.96757382,1.7465668530399536e+16,>50B
GPUS,2017-09-22,107100000.0,2017-12-15,1081500032.0,10.098039514472456,84,176957127.96757382,1.8952108405327156e+16,>50B
GRNQ,2020-04-03,30.0,2021-02-19,337.0,11.233333333333333,322,1812785.9728506787,54383579.18552036,50-300M
GRNQ,2020-05-08,30.15999984741211,2021-02-19,337.0,11.17374010958148,287,1812785.9728506787,54673624.664567284,50-300M
GROW,2019-04-12,1.137179970741272,2021-04-09,11.508999824523926,10.120649431612634,728,12298195.95959596,13985262.121503763,<50M
GROW,2020-02-28,1.035889983177185,2021-04-09,11.508999824523926,11.110253030176617,406,12298195.95959596,12739578.005695583,<50M
GRRR,2024-06-14,3.049999952316284,2025-03-14,33.59000015258789,11.013114976306275,273,27757473.987206824,84660294.33740132,50-300M
GRVY,2015-06-26,1.6749999523162842,2017-02-24,16.90999984741211,10.09552258436068,609,6948900.0,11639407.168650627,<50M
GRVY,2015-07-10,1.6100000143051147,2017-02-24,16.90999984741211,10.503105401965206,595,6948900.0,11187729.099404812,<50M
GRVY,2015-08-28,1.5800000429153442,2017-02-24,16.90999984741211,10.702531258297023,546,6948900.0,10979262.298214436,<50M
GRVY,2015-10-09,1.649999976158142,2017-02-24,16.90999984741211,10.248484904093958,504,6948900.0,11465684.834325314,<50M
GRVY,2016-11-18,4.824999809265137,2018-01-05,48.599998474121094,10.072538942032214,413,6948900.0,33528441.17460251,<50M
GRVY,2017-06-16,8.59000015258789,2019-05-31,92.0,10.71012786563029,714,6948900.0,59691052.06031799,50-300M
GRVY,2017-07-14,8.055000305175781,2019-05-31,92.0,11.421476910545234,686,6948900.0,55973391.62063599,50-300M
GRWG,2019-12-06,4.010000228881836,2021-02-05,58.13999938964844,14.49875213744325,427,58920449.06832298,236271014.2497957,50-300M
GRWG,2020-02-28,5.53000020980835,2021-02-05,58.13999938964844,10.513561877724298,343,58920449.06832298,325830095.70982826,300M-2B
GSL,2020-04-03,2.702820062637329,2022-03-11,27.74370002746582,10.264723283278565,707,35918244.00538842,97080550.51246679,50-300M
GTBP,2019-12-20,46.5,2021-06-11,540.0,11.612903225806452,539,1804379.0140845072,83903624.1549296,50-300M
GTEC,2020-03-20,1.3970999717712402,2021-03-26,15.5,11.094410073138242,371,26544222.033898305,37084931.85424885,<50M
GYRE,2021-12-24,2.587559938430786,2023-12-22,29.68000030517578,11.470265814663634,728,111509849.05405404,288538418.15273434,50-300M
GYRE,2023-03-17,2.934000015258789,2023-12-22,29.68000030517578,10.115882805323674,280,111509849.05405404,327169898.8260998,300M-2B
HAPN,2020-06-26,4.409999847412109,2021-10-29,45.959999084472656,10.42176886047809,490,115407464.02640264,508946898.74665415,300M-2B
HAPN,2020-09-25,4.53000020980835,2021-10-29,45.959999084472656,10.14569469223426,399,115407464.02640264,522795836.2530535,300M-2B
HCTI,2025-05-23,86.6520004272461,2025-07-25,1023.3900146484375,11.810344938403196,63,14974322.24783229,1297554977.8168843,300M-2B
HCTI,2025-06-06,97.11000061035156,2025-07-25,1023.3900146484375,10.538461623069416,49,14974322.24783229,1454156442.6265948,300M-2B
HCWB,2026-04-03,1.6073999404907227,2026-05-22,17.34000015258789,10.78760781047072,49,1836324.0963855423,2951707.2432518005,<50M
HDSN,2020-10-30,1.0399999618530273,2022-08-26,10.479999542236328,10.076923006385034,665,42088547.08171207,43772087.359429896,<50M
HDSN,2020-12-18,1.1299999952316284,2022-12-09,11.609999656677246,10.274336022716016,721,42088547.08171207,47560058.001640804,<50M
HIMS,2023-09-15,6.309999942779541,2025-05-16,64.6500015258789,10.245642173080705,609,233313412.99753436,1472207622.6641412,300M-2B
HNRG,2020-12-25,1.0299999713897705,2022-12-23,11.300000190734863,10.970874276324363,728,47143356.99517574,48557656.35624875,<50M
HOLO,2023-10-20,4138.39990234375,2024-02-16,53088.0,12.828146446150367,119,22912360.0,94820508386.46484,>50B
HOLO,2023-11-10,4476.7998046875,2024-02-16,53088.0,11.858470853312095,98,22912360.0,102574048772.92969,>50B
HOLO,2023-12-01,3920.0,2024-02-16,53088.0,13.542857142857143,77,22912360.0,89816451200.0,>50B
HOOD,2023-08-11,10.720000267028809,2025-08-08,114.62999725341797,10.693096492355705,728,899082272.999185,9638162206.632132,2-10B
HOV,2019-03-29,10.970000267028809,2021-03-26,110.04000091552734,10.03099345824641,728,5959890.003471017,65379994.92953938,50-300M
HOV,2019-05-24,11.220000267028809,2021-04-30,132.58999633789062,11.817289944949534,707,5959890.003471017,66869967.43040714,50-300M
HOV,2020-03-13,9.899999618530273,2021-05-28,142.42999267578125,14.386868501407681,441,5959890.003471017,59002908.76084546,50-300M
HRI,2020-03-20,13.41919994354248,2021-11-12,192.49600219726562,14.344819587392584,602,33431443.99912556,448623231.4256093,300M-2B
HRTG,2022-10-14,1.5399999618530273,2024-08-30,16.1299991607666,10.474025688518815,686,29732415.996371333,45787919.500210196,<50M
HRTG,2022-11-11,1.4800000190734863,2024-08-30,16.1299991607666,10.89864794114283,658,29732415.996371333,44003976.2417304,<50M
HRTG,2022-12-09,1.5499999523162842,2024-08-30,16.1299991607666,10.406451391603143,630,29732415.996371333,46085243.37662349,<50M
HTCO,2024-07-19,9.550000190734863,2025-01-03,103.0,10.785340098728756,168,6755324.152542373,64513346.945255496,50-300M
HTCO,2024-08-30,10.0,2025-01-03,103.0,10.3,126,6755324.152542373,67553241.52542374,50-300M
HUDI,2021-01-22,7.130000114440918,2022-11-04,180.0,25.24544139002644,651,14319182.312925171,102095771.52985685,50-300M
HUDI,2021-12-03,16.3700008392334,2022-11-04,180.0,10.99572332144299,336,14319182.312925171,234405026.4797211,50-300M
HUDI,2022-01-21,15.140000343322754,2022-11-04,180.0,11.889035397504863,287,14319182.312925171,216792425.1337882,50-300M
HUDI,2022-08-05,17.229999542236328,2022-11-04,180.0,10.446895228218754,91,14319182.312925171,246719504.69689924,50-300M
HUDI,2022-08-19,17.43000030517578,2022-11-04,180.0,10.327022194402922,77,14319182.312925171,249583352.08415338,50-300M
HUT,2024-05-10,7.989999771118164,2026-05-08,98.45999908447266,12.322903867955134,728,123259467.99726725,984843121.0863119,300M-2B
HUT,2024-08-02,12.399999618530273,2026-05-29,124.83000183105469,10.06693594123274,665,123259467.99726725,1528417356.1463583,300M-2B
HUT,2024-08-30,10.109999656677246,2026-05-29,124.83000183105469,12.3471816093099,637,123259467.99726725,1246153179.1345918,300M-2B
HUT,2024-10-04,12.020000457763672,2026-05-29,124.83000183105469,10.385191104583317,602,123259467.99726725,1481578861.750859,300M-2B
HUT,2025-03-28,11.720000267028809,2026-05-29,124.83000183105469,10.651023804345092,427,123259467.99726725,1444600997.841801,300M-2B
HYMC,2023-12-29,2.450000047683716,2025-12-26,25.010000228881836,10.208163160048443,728,93181680.9971778,228295122.8863344,50-300M
HYPD,2025-03-21,1.3799999952316284,2025-09-12,14.979999542236328,10.855072169563295,175,15539433.92857143,21444418.747330777,<50M
IBIO,2019-09-27,270.25,2020-07-24,2750.0,10.175763182238668,301,64307256.22489959,17379035994.779114,10-50B
IBRX,2018-12-14,1.350000023841858,2020-07-17,13.829999923706055,10.244444207007016,581,1059836273.0011586,1430778993.82003,300M-2B
IBRX,2020-01-10,3.559999942779541,2021-02-19,39.119998931884766,10.988763921535641,406,1059836273.0011586,3773017071.2398067,2-10B
IBRX,2020-03-13,3.0899999141693115,2021-02-19,39.119998931884766,12.660194180750144,343,1059836273.0011586,3274893992.607103,2-10B
IDT,2019-12-13,6.409999847412109,2021-11-12,66.4000015258789,10.358814837208831,700,24868565.993811697,159407504.22569096,50-300M
IDT,2020-03-13,5.829999923706055,2021-11-12,66.4000015258789,11.389365762404555,609,24868565.993811697,144983737.8466012,50-300M
IDT,2020-05-29,6.340000152587891,2021-11-12,66.4000015258789,10.473186108485415,532,24868565.993811697,157666712.1954082,50-300M
IDT,2020-06-12,5.96999979019165,2021-11-12,66.4000015258789,11.122278703421415,518,24868565.993811697,148465333.76542303,50-300M
IDT,2020-08-21,6.639999866485596,2021-11-12,66.4000015258789,10.000000430876959,448,24868565.993811697,165127274.8785979,50-300M
IDT,2020-09-04,6.380000114440918,2021-11-12,66.4000015258789,10.407523563453347,434,24868565.993811697,158661453.88650015,50-300M
IDT,2020-09-25,6.309999942779541,2021-11-12,66.4000015258789,10.52297973502514,413,24868565.993811697,156920649.99796104,50-300M
IESC,2022-12-16,28.280000686645508,2024-11-29,309.8550109863281,10.95668329076983,714,39848712.00075063,1126921602.743167,300M-2B
IMNM,2022-05-13,2.240000009536743,2024-03-08,26.6200008392334,11.883928895490813,665,113577629.00165015,254413890.04685703,50-300M
IMNM,2022-06-17,2.5399999618530273,2024-03-08,26.6200008392334,10.480315448435316,630,113577629.00165015,288487173.3315487,50-300M
IMNM,2022-12-30,2.2100000381469727,2024-03-08,26.6200008392334,12.045249040607969,434,113577629.00165015,251006564.42628956,50-300M
IMTE,2018-04-27,18.5,2018-05-04,201.10000610351562,10.870270600190034,7,3446433.9250493096,63759027.61341223,50-300M
IMTE,2020-04-10,33.5,2022-04-01,335.0,10.0,721,3446433.9250493096,115455536.48915187,50-300M
IMTE,2020-05-01,31.201000213623047,2022-04-01,335.0,10.736835284329494,700,3446433.9250493096,107532185.63170123,50-300M
IMTE,2020-05-15,32.099998474121094,2022-04-01,335.0,10.436137567734647,686,3446433.9250493096,110630523.73524201,50-300M
IMVT,2022-05-13,4.039999961853027,2024-01-05,42.779998779296875,10.589108708722604,602,206552681.99189347,834472827.3678901,300M-2B
IMVT,2022-06-10,3.390000104904175,2024-01-05,42.779998779296875,12.619468275947483,574,206552681.99189347,700213613.6207576,300M-2B
IMVT,2022-07-29,4.119999885559082,2024-01-05,42.779998779296875,10.383495137765435,525,206552681.99189347,850997026.1685226,300M-2B
INBX,2024-07-05,12.890000343322754,2026-05-08,134.35000610351562,10.42280857448629,672,14717660.00199342,189710642.47860274,50-300M
INBX,2024-08-09,11.039999961853027,2026-05-08,134.35000610351562,12.169384652875074,637,14717660.00199342,162482965.86057317,50-300M
INBX,2025-01-24,13.149999618530273,2026-05-08,134.35000610351562,10.216730798546703,469,14717660.00199342,193537223.41187173,50-300M
INBX,2025-02-07,12.600000381469727,2026-05-08,134.35000610351562,10.662698574287216,455,14717660.00199342,185442521.63945884,50-300M
INBX,2025-04-04,13.34000015258789,2026-05-08,134.35000610351562,10.071214735140195,399,14717660.00199342,196333586.67232892,50-300M
INDO,2020-03-13,2.7300000190734863,2022-03-04,40.77000045776367,14.934065997406215,721,15386839.860139862,42006073.1116625,<50M
INDO,2020-05-29,3.869999885559082,2022-03-04,40.77000045776367,10.534884150745603,644,15386839.860139862,59547068.49785718,50-300M
INDO,2020-07-10,4.060100078582764,2022-03-04,40.77000045776367,10.041624508919748,602,15386839.860139862,62472109.725294255,50-300M
INDO,2020-12-25,3.815000057220459,2022-03-04,40.77000045776367,10.686762738207655,434,15386839.860139862,58700794.94687561,50-300M
INDO,2021-11-05,4.050000190734863,2022-03-04,40.77000045776367,10.066666305604803,119,15386839.860139862,62316704.36837324,50-300M
INKT,2024-12-13,6.159999847412109,2025-07-11,64.16999816894531,10.417207753000824,210,5103002.024291499,31434491.690979317,<50M
INMD,2020-03-20,8.630000114440918,2021-10-29,94.73999786376953,10.977983384407768,588,57480772.0225511,496059069.1327683,300M-2B
INO,2019-05-31,28.68000030517578,2020-06-26,359.760009765625,12.543933261419818,392,103397518.4,2965440859.2664185,2-10B
INO,2019-07-12,35.880001068115234,2020-06-26,359.760009765625,10.026755826529943,350,103397518.4,3709903070.632465,2-10B
INO,2020-01-03,35.7599983215332,2020-06-26,359.760009765625,10.060403429856771,175,103397518.4,3697495084.4346986,2-10B
INOD,2020-04-17,1.0,2021-10-29,10.619999885559082,10.619999885559082,560,34382650.9931935,34382650.9931935,<50M
INOD,2022-11-11,3.380000114440918,2024-11-08,42.779998779296875,12.656803944035685,728,34382650.9931935,116213364.29177617,50-300M
INOD,2023-05-05,6.159999847412109,2025-02-21,61.90999984741211,10.050324899508114,658,34382650.9931935,211797124.87169576,50-300M
INOD,2023-10-13,6.840000152587891,2025-10-03,84.13500213623047,12.300438634405333,721,34382650.9931935,235177338.03981972,50-300M
INOD,2023-11-10,8.350000381469727,2025-10-03,84.13500213623047,10.07604769970339,693,34382650.9931935,287095148.9091062,50-300M
INOD,2023-11-24,6.760000228881836,2025-10-03,84.13500213623047,12.44600581177009,679,34382650.9931935,232426728.58355233,50-300M
INOD,2023-12-29,8.140000343322754,2025-10-03,84.13500213623047,10.335994912487498,644,34382650.9931935,279874790.8889415,50-300M
INOD,2024-02-16,8.1899995803833,2025-10-03,84.13500213623047,10.272894560062097,595,34382650.9931935,281593897.20672023,50-300M
INSG,2023-11-24,1.9259999990463257,2024-10-25,19.639999389648438,10.197299791990313,336,16420591.941391945,31626060.06346099,<50M
INSG,2024-01-12,1.9299999475479126,2024-10-25,19.639999389648438,10.176165763424649,287,16420591.941391945,31691741.58559213,<50M
INVE,2020-04-17,2.75,2021-12-31,28.139999389648438,10.23272705078125,623,24235752.916666668,66648320.520833336,50-300M
IONQ,2022-12-23,3.299999952316284,2024-12-20,44.41999816894531,13.460605700241517,728,381002314.0103432,1257307618.0665264,300M-2B
IONQ,2023-02-24,4.570000171661377,2025-01-03,47.77000045776367,10.452953755666353,679,381002314.0103432,1741180640.4306502,300M-2B
IONQ,2023-03-10,4.559999942779541,2025-01-03,47.77000045776367,10.475877424824164,665,381002314.0103432,1737370530.0860376,300M-2B
IONQ,2024-04-19,7.085000038146973,2025-10-03,73.27999877929688,10.34297789481208,532,381002314.0103432,2699401409.2973666,2-10B
IONQ,2024-06-21,6.760000228881836,2025-10-03,73.27999877929688,10.840236138781616,469,381002314.0103432,2575575729.914429,2-10B
IONQ,2024-08-02,7.079999923706055,2025-10-03,73.27999877929688,10.350282424994457,427,381002314.0103432,2697496354.12506,2-10B
IONQ,2024-09-06,6.800000190734863,2025-10-03,73.27999877929688,10.776470106448283,392,381002314.0103432,2590815807.940758,2-10B
IPI,2020-03-27,7.801000118255615,2022-03-25,89.2699966430664,11.44340408791432,728,13456673.992374728,104975515.40584251,50-300M
IPI,2020-06-26,9.776000022888184,2022-04-15,111.94999694824219,11.451513572640941,658,13456673.992374728,131552445.25745416,50-300M
IPI,2020-08-21,10.8100004196167,2022-04-15,111.94999694824219,10.356151027070146,602,13456673.992374728,145466651.50421593,50-300M
IPWR,2019-10-11,2.180000066757202,2021-02-05,22.469999313354492,10.307338818929079,483,16434654.926108375,35827548.836047836,<50M
IPWR,2019-11-08,2.240000009536743,2021-02-05,22.469999313354492,10.031249650754036,455,16434654.926108375,36813627.19121584,<50M
IPWR,2019-12-27,2.240000009536743,2021-02-05,22.469999313354492,10.031249650754036,406,16434654.926108375,36813627.19121584,<50M
IPWR,2020-02-28,2.2200000286102295,2021-02-05,22.469999313354492,10.121621181879544,343,16434654.926108375,36484934.40615984,<50M
IPWR,2020-03-13,1.75,2021-02-05,22.469999313354492,12.839999607631139,329,16434654.926108375,28760646.120689657,<50M
IPWR,2020-05-01,1.9299999475479126,2021-02-05,22.469999313354492,11.642487007267999,280,16434654.926108375,31718883.145357206,<50M
IREN,2022-12-09,1.399999976158142,2024-12-06,15.390000343322754,10.99285757529493,728,394058647.9914984,551682097.7930075,300M-2B
IREN,2023-09-22,3.8299999237060547,2025-09-19,38.63999938964844,10.088772887561547,728,394058647.9914984,1509244591.74315,300M-2B
IREN,2024-01-05,6.190000057220459,2025-10-24,62.900001525878906,10.16155104110344,658,394058647.9914984,2439223053.615592,2-10B
IREN,2024-02-23,6.179999828338623,2025-10-24,62.900001525878906,10.177994057127409,609,394058647.9914984,2435282376.94281,2-10B
IREN,2025-03-28,6.070000171661377,2026-05-29,63.540000915527344,10.46787464886286,427,394058647.9914984,2391936060.9530454,2-10B
ITOC,2025-02-07,2.7300000190734863,2025-07-25,29.149999618530273,10.677655463322402,168,117050000.0,319546502.2325516,300M-2B
ITOC,2025-02-28,1.9746999740600586,2025-07-25,29.149999618530273,14.761735960626343,147,117050000.0,231138631.96372986,50-300M
ITOC,2025-04-18,2.799999952316284,2025-07-25,29.149999618530273,10.410714326768506,98,117050000.0,327739994.41862106,300M-2B
IZEA,2019-06-14,1.9276000261306763,2021-04-09,20.440000534057617,10.603859855245688,665,17416285.9922179,33571633.33369855,<50M
IZEA,2019-07-19,1.7496000528335571,2021-04-09,20.440000534057617,11.682670277103675,630,17416285.9922179,30471534.892148774,<50M
IZM,2023-03-17,3.2799999713897705,2024-04-12,45.04999923706055,13.73475598476069,392,2403622.0472440943,7883880.246192451,<50M
JAGX,2020-03-13,4725000.0,2021-01-08,47250000.0,10.0,301,520139.9551066218,2457661287878.788,>50B
JAGX,2020-08-28,4644675.0,2021-01-08,47250000.0,10.172939979654121,133,520139.9551066218,2415881045984.8486,>50B
JAGX,2020-09-18,4228875.0,2021-01-08,47250000.0,11.1731843575419,112,520139.9551066218,2199606852651.515,>50B
JANX,2023-10-27,6.019999980926514,2024-12-06,64.98999786376953,10.795680742471895,406,61136773.00242131,368043372.3084849,300M-2B
JANX,2023-11-10,6.039999961853027,2024-12-06,64.98999786376953,10.759933489110665,392,61136773.00242131,369266106.6024419,300M-2B
JILL,2020-04-03,1.5499999523162842,2021-07-30,23.200000762939453,14.967742888165839,483,14862977.01863354,23037613.670160014,<50M
JILL,2020-08-21,1.8569999933242798,2021-07-30,23.200000762939453,12.493269168735068,343,14862977.01863354,27600548.22438141,<50M
JLHL,2025-07-04,3.799999952316284,2026-06-05,44.79999923706055,11.789473631375383,336,21448631.97158082,81504800.46925664,50-300M
JLHL,2025-08-01,4.089900016784668,2026-06-05,44.79999923706055,10.953812820167837,308,21448631.97158082,87722760.26057656,50-300M
JOB,2014-10-17,1.5,2015-01-02,16.600000381469727,11.066666920979818,77,109870684.52380952,164806026.78571427,50-300M
JOB,2014-11-14,1.600000023841858,2015-01-02,16.600000381469727,10.37500008381903,49,109870684.52380952,175793097.85761648,50-300M
JYD,2024-05-31,34.0,2025-03-28,363.5,10.691176470588236,301,8298900.0,282162600.0,50-300M
JYD,2024-08-30,34.0,2025-03-28,363.5,10.691176470588236,210,8298900.0,282162600.0,50-300M
JYNT,2020-03-20,8.680000305175781,2021-09-03,107.30000305175781,12.361751069038107,532,14143153.956834532,122762580.6614718,50-300M
KINS,2022-12-02,1.1200000047683716,2024-11-29,16.75,14.95535707918509,728,14476133.010231556,16213269.040486924,<50M
KINS,2023-12-29,2.130000114440918,2025-05-09,21.670000076293945,10.173708409392214,497,14476133.010231556,30834164.968455166,<50M
KNTK,2020-10-30,4.136199951171875,2022-05-27,41.421199798583984,10.014312723650718,574,162379129.00604686,671632545.4661427,300M-2B
KOD,2018-11-09,8.640000343322754,2020-11-06,108.58999633789062,12.568286113762966,728,62849457.01142132,543019330.1563289,300M-2B
KOD,2019-09-27,14.079999923706055,2021-01-22,164.3300018310547,11.671164966015192,483,62849457.01142132,884920349.9257792,300M-2B
KOD,2023-10-27,1.4199999570846558,2025-10-24,18.690000534057617,13.161972604864932,728,62849457.01142132,89246226.25901219,50-300M
KOD,2023-11-10,1.7200000286102295,2025-10-24,18.690000534057617,10.866279199517951,714,62849457.01142132,108101067.85778207,50-300M
KOD,2024-04-19,3.359999895095825,2026-04-17,44.900001525878906,13.36309610944151,728,62849457.01142132,211174168.96520522,50-300M
KOD,2025-02-21,4.449999809265137,2026-08-07,45.369998931884766,10.195505814949028,532,62849457.01142132,279680071.7132423,50-300M
KOD,2025-05-09,3.7699999809265137,2026-08-07,45.369998931884766,12.034482536186818,455,62849457.01142132,236942451.73430014,50-300M
KODK,2019-08-16,2.049999952316284,2020-07-31,21.850000381469727,10.65853701936994,350,97900000.0,200694995.33176422,50-300M
KODK,2020-03-13,2.009999990463257,2020-07-31,21.850000381469727,10.870647007532485,140,97900000.0,196778999.06635284,50-300M
KODK,2020-07-10,2.0999999046325684,2020-07-31,21.850000381469727,10.40476255892629,21,97900000.0,205589990.66352844,50-300M
KOPN,2019-03-15,1.1100000143051147,2021-02-19,11.850000381469727,10.675675881759421,707,185872613.963039,206318604.15790236,50-300M
KOPN,2019-05-17,1.100000023841858,2021-02-19,11.850000381469727,10.772727386025355,644,185872613.963039,204459879.79089135,50-300M
KOPN,2019-05-31,1.149999976158142,2021-02-19,11.850000381469727,10.30434837143003,630,185872613.963039,213753501.6259464,50-300M
KOPN,2019-06-28,1.090000033378601,2021-02-19,11.850000381469727,10.871559650084656,602,185872613.963039,202601155.42388037,50-300M
KOPN,2019-08-09,1.059999942779541,2021-02-19,11.850000381469727,11.179246246369177,560,185872613.963039,197024960.16510507,50-300M
KOPN,2020-06-26,1.1799999475479126,2021-02-19,11.850000381469727,10.042373651028125,238,185872613.963039,219329674.72697943,50-300M
KOSS,2019-02-01,1.9067000150680542,2021-01-29,64.0,33.565846485670534,728,9466437.974683544,18049657.428969912,<50M
KRUS,2020-03-20,8.0600004196167,2021-12-31,80.83999633789062,10.02977569841554,651,12149835.994623655,97927683.21494074,50-300M
KULR,2023-09-15,3.4000000953674316,2024-12-27,37.279998779296875,10.96470521577091,469,46280321.991701245,157353099.18541968,50-300M
KULR,2024-04-19,3.5776000022888184,2024-12-27,37.279998779296875,10.420393212054586,252,46280321.991701245,165572480.06343764,50-300M
KXIN,2020-08-28,238950.0,2020-11-27,3029400.0,12.677966101694915,91,40033883.75,9566096522062.5,>50B
LAC,2019-11-08,2.990000009536743,2021-11-05,32.66999816894531,10.926420757439079,728,363042943.1034483,1085498403.3415577,300M-2B
LAC,2020-03-13,3.2899999618530273,2021-11-19,37.4900016784668,11.395137420412398,616,363042943.1034483,1194411268.9613557,300M-2B
LASE,2023-09-29,1.399999976158142,2024-09-27,14.34000015258789,10.242857426283315,364,60677716.34048574,84948801.43001054,50-300M
LASE,2023-12-29,1.1799999475479126,2024-09-27,14.34000015258789,12.152543042384865,273,60677716.34048574,71599702.09910029,50-300M
LASE,2024-04-05,1.409999966621399,2024-09-27,14.34000015258789,10.170213114932892,175,60677716.34048574,85555578.0147476,50-300M
LASR,2025-04-04,6.639999866485596,2026-05-22,78.54499816894531,11.82906622715302,413,57690196.99853588,383062900.36780596,300M-2B
LE,2020-04-03,4.159999847412109,2021-08-13,42.41999816894531,10.197115318485968,497,29544153.98832685,122903676.08335957,50-300M
LEDS,2020-01-17,2.009999990463257,2021-06-04,20.5,10.19900502351507,504,8273403.043478262,16629540.038489986,<50M
LEDS,2020-01-31,2.030100107192993,2021-06-04,20.5,10.09802419465177,490,8273403.043478262,16795836.405416057,<50M
LEDS,2020-03-13,1.3700000047683716,2021-06-04,20.5,14.963503597553617,448,8273403.043478262,11334562.209015878,<50M
LEDS,2020-05-15,2.033099889755249,2021-06-04,20.5,10.083124839708615,385,8273403.043478262,16820654.815596394,<50M
LEU,2018-12-14,1.649999976158142,2020-12-11,17.799999237060547,10.787878481371887,728,19733907.996827703,32560947.72427268,<50M
LEU,2019-09-13,3.200000047683716,2021-09-10,33.45000076293945,10.453125082654877,728,19733907.996827703,63148506.53083471,50-300M
LEU,2019-10-11,3.990000009536743,2021-10-01,41.33000183105469,10.35839642412765,721,19733907.996827703,78738293.09553975,50-300M
LEU,2019-11-15,6.159999847412109,2021-11-12,85.58999633789062,13.8944802691591,728,19733907.996827703,121560870.24930325,50-300M
LEU,2020-05-29,8.550000190734863,2021-11-12,85.58999633789062,10.010525664156068,532,19733907.996827703,168724917.1368211,50-300M
LEU,2020-09-25,8.449999809265137,2021-11-12,85.58999633789062,10.128993878087917,413,19733907.996827703,166751518.80924985,50-300M
LEU,2024-03-15,38.25,2025-10-24,383.0,10.013071895424837,588,19733907.996827703,754821980.8786596,300M-2B
LEU,2024-08-02,37.599998474121094,2025-10-24,383.0,10.18617062613997,448,19733907.996827703,741994910.5691677,300M-2B
LEU,2024-08-16,37.31999969482422,2025-10-24,383.0,10.262593867414123,434,19733907.996827703,736469440.4192991,300M-2B
LEU,2024-09-06,35.36000061035156,2025-10-24,383.0,10.831447776838488,413,19733907.996827703,697790998.8124491,300M-2B
LFMD,2023-03-17,1.149999976158142,2024-05-03,12.510000228881836,10.878261294121561,413,48200837.04918033,55430961.45735987,50-300M
LFWD,2020-04-03,35.279998779296875,2021-02-12,362.0400085449219,10.261905359174088,315,2832015.977175464,99913520.21769962,50-300M
LITE,2024-02-09,50.20500183105469,2026-02-06,551.989990234375,10.99472104576117,728,89700000.0,4503388664.245605,2-10B
LIVE,2019-07-12,6.800000190734863,2021-06-25,68.51000213623047,10.0750000315554,714,3071655.989911728,20887261.317271635,<50M
LIVE,2020-02-07,6.75,2021-06-25,68.51000213623047,10.149629946108218,504,3071655.989911728,20733677.931904163,<50M
LMB,2022-05-27,5.389999866485596,2024-05-24,58.0099983215332,10.762523146286656,728,11924992.99687011,64275710.66097155,50-300M
LMB,2022-06-24,5.400000095367432,2024-05-24,58.0099983215332,10.742592092044404,700,11924992.99687011,64394963.32035455,50-300M
LMB,2022-09-23,6.369999885559082,2024-09-20,80.0199966430664,12.562009117845253,728,11924992.99687011,75962204.02535546,50-300M
LNAI,2023-07-07,37.84000015258789,2024-01-19,381.6000061035156,10.084566716826979,196,4533890.186915888,171562405.36471397,50-300M
LNTH,2016-01-29,2.1700000762939453,2018-01-26,23.600000381469727,10.875575830289925,728,65272369.00070021,141641045.71140602,50-300M
LOB,2020-03-20,9.026849746704102,2021-11-19,96.75589752197266,10.718678191946236,609,46283620.00539228,417795283.52222425,300M-2B
LODE,2019-08-23,5.599999904632568,2021-02-19,56.70000076293945,10.125000308666916,546,75993047.01492538,425561056.0363204,300M-2B
LODE,2020-02-28,5.0,2021-02-19,56.70000076293945,11.34000015258789,357,75993047.01492538,379965235.07462686,300M-2B
LOVE,2020-02-28,8.6899995803833,2021-06-11,91.38999938964844,10.516686283386148,469,14423432.98826777,125339626.61573358,50-300M
LPA,2024-04-05,7.949999809265137,2024-05-31,130.0,16.352201650180497,56,31698635.09933775,252004142.99370027,50-300M
LPTH,2024-04-26,1.399999976158142,2026-04-24,16.09000015258789,11.492857447570689,728,70036251.98776758,98050751.11308023,50-300M
LTBR,2024-04-19,2.5199999809265137,2025-10-31,26.829999923706055,10.64682544713418,560,37458091.071428575,94394388.78554362,50-300M
LTBR,2024-06-07,2.430000066757202,2025-10-31,26.829999923706055,11.041151928654175,511,37458091.071428575,91023163.80416879,50-300M
LTBR,2024-08-02,2.509999990463257,2025-10-31,26.829999923706055,10.689243038106223,455,37458091.071428575,94019808.23205753,50-300M
LTBR,2024-08-16,2.609999895095825,2025-10-31,26.829999923706055,10.27969387053213,441,37458091.071428575,97765613.76691845,50-300M
LUMN,2024-06-21,1.0700000524520874,2026-05-29,10.989999771118164,10.271027319982561,707,1031445404.0783036,1103646636.4652493,300M-2B
LUMN,2024-07-05,1.0299999713897705,2026-05-29,10.989999771118164,10.669902986783045,693,1031445404.0783036,1062388736.690763,300M-2B
LUNR,2024-01-05,2.299999952316284,2025-01-24,23.06999969482422,10.030434857875054,385,228924067.97900265,526525345.4357559,300M-2B
LUNR,2024-06-14,3.880000114440918,2026-05-29,43.83000183105469,11.296391891310627,714,228924067.97900265,888225409.9568108,300M-2B
LUNR,2024-08-02,3.5399999618530273,2026-05-29,43.83000183105469,12.38135658287174,665,228924067.97900265,810391191.9129093,300M-2B
LWLG,2025-02-14,1.5,2026-05-08,16.43000030517578,10.953333536783854,448,154167255.028463,231250882.5426945,50-300M
LXU,2020-03-13,1.7799999713897705,2022-03-11,21.360000610351562,12.000000535772097,728,71997503.99221033,128155555.04626927,50-300M
MARA,2019-01-11,1.559999942779541,2021-01-08,26.389999389648438,16.91666689591531,728,386299297.0037453,602626881.2216196,300M-2B
MBX,2025-04-04,6.039999961853027,2026-08-14,68.56999969482422,11.352649027796922,497,48160095.99239938,290886977.9569304,50-300M
MCRB,2019-05-31,68.19999694824219,2020-11-06,691.7999877929688,10.143695289575808,525,10044781.002638524,685054033.7257085,300M-2B
MCRB,2019-10-04,64.0,2020-11-06,691.7999877929688,10.809374809265137,399,10044781.002638524,642865984.1688656,300M-2B
MCRB,2020-01-03,65.4000015258789,2020-11-06,691.7999877929688,10.577981217924316,308,10044781.002638524,656928692.899679,300M-2B
MCRB,2020-02-28,62.79999923706055,2020-11-06,691.7999877929688,11.015923506328845,252,10044781.002638524,630812239.3021396,300M-2B
MCRB,2020-03-13,64.4000015258789,2020-11-06,691.7999877929688,10.742235580770467,238,10044781.002638524,646883911.8970404,300M-2B
MDGL,2016-01-08,9.520000457763672,2018-01-05,96.52999877929688,10.139705266565983,728,23104126.00093564,219951290.10513684,50-300M
MFI,2024-09-06,4.4008002281188965,2025-09-12,44.0099983215332,10.000453563043258,371,50176485.0,220816686.6342044,50-300M
MGNI,2019-02-08,4.639999866485596,2021-02-05,54.95000076293945,11.84267291898855,728,143424156.98254365,665488069.2498116,300M-2B
MGNI,2019-03-29,6.079999923706055,2021-02-12,61.70000076293945,10.148026568613888,686,143424156.98254365,872018863.5114706,300M-2B
MGNI,2019-05-24,5.789999961853027,2021-02-12,61.70000076293945,10.656304174342866,630,143424156.98254365,830425863.4577303,300M-2B
MGNI,2020-03-13,6.019999980926514,2021-02-12,61.70000076293945,10.249169594423064,336,143424156.98254365,863413422.299314,300M-2B
MGNI,2020-05-15,5.119999885559082,2021-02-12,61.70000076293945,12.050781668367572,273,143424156.98254365,734331667.3370312,300M-2B
MGNI,2020-07-24,5.960000038146973,2021-02-12,61.70000076293945,10.352349055038369,203,143424156.98254365,854807981.0871575,300M-2B
MGNI,2020-09-11,5.679999828338623,2021-02-12,61.70000076293945,10.86267651895096,154,143424156.98254365,814649187.0404596,300M-2B
MGRT,2025-07-18,3.4700000286102295,2026-05-08,138.0,39.769452121667676,294,13750000.0,47712500.393390656,<50M
MLGO,2024-12-20,54.29999923706055,2025-04-04,556.7999877929688,10.25414356567697,105,12437460.997067448,675354122.6517327,300M-2B
MLGO,2025-01-17,51.29999923706055,2025-04-04,556.7999877929688,10.853801093055786,77,12437460.997067448,638041739.6605303,300M-2B
MLTX,2022-04-15,5.050000190734863,2024-02-09,63.189998626708984,12.51287054258779,665,85106685.0387597,429788775.6785484,300M-2B
MLTX,2022-06-10,5.170000076293945,2024-02-09,63.189998626708984,12.222436691336764,609,85106685.0387597,440001568.14351237,300M-2B
MLTX,2022-07-29,6.300000190734863,2024-02-09,63.189998626708984,10.030158208509228,560,85106685.0387597,536172131.97699803,300M-2B
MNPR,2023-05-12,4.675000190734863,2025-02-07,48.459999084472656,10.365774782322571,637,6712171.995972253,31379405.361415494,<50M
MNPR,2023-06-09,4.699999809265137,2025-02-07,48.459999084472656,10.310638521504444,609,6712171.995972253,31547207.100824382,<50M
MNPR,2023-07-21,3.890000104904175,2025-02-07,48.459999084472656,12.457582976251977,567,6712171.995972253,26110349.76846693,<50M
MOD,2022-03-11,8.859999656677246,2024-03-01,91.69999694824219,10.349887189796158,721,53112708.0006214,470578574.65070444,300M-2B
MOD,2022-03-25,9.119999885559082,2024-03-22,101.11000061035156,11.086623013060843,728,53112708.0006214,484387890.8874001,300M-2B
MOD,2022-09-30,12.9399995803833,2024-09-27,131.72000122070312,10.179289450703475,728,53112708.0006214,687278419.2410617,300M-2B
MPU,2019-10-04,1.1275999546051025,2021-09-24,11.869999885559082,10.526782869298787,721,3421292.142857143,3857848.8649765085,<50M
MPU,2019-11-08,1.1187000274658203,2021-10-08,12.192000389099121,10.89836425294235,700,3421292.142857143,3827399.6141828815,<50M
MRNA,2018-12-21,14.470000267028809,2020-12-11,156.92999267578125,10.845196252923387,721,399235889.0011531,5776943420.454169,2-10B
MRNA,2019-01-25,14.90999984741211,2020-12-11,156.92999267578125,10.525150521917624,686,399235889.0011531,5952607044.088631,2-10B
MRNA,2019-06-07,17.520000457763672,2021-06-04,206.07000732421875,11.761986412100951,728,399235889.0011531,6994612958.055889,2-10B
MSTR,2020-03-20,10.074000358581543,2021-02-12,103.43099975585938,10.267122897980803,329,384225750.99876696,3870690353.337841,2-10B
MSTR,2022-06-17,16.760000228881836,2024-03-15,178.23599243164062,10.634605608447051,637,384225750.99876696,6439623674.681629,2-10B
MSTR,2022-07-01,16.677000045776367,2024-03-15,178.23599243164062,10.687533245931773,623,384225750.99876696,6407732866.994896,2-10B
MSTR,2022-10-14,20.930999755859375,2024-10-11,212.58999633789062,10.156705308755196,728,384225750.99876696,8042229100.350077,2-10B
MSTR,2022-11-11,17.51799964904785,2024-11-08,270.4200134277344,15.436694762260279,728,384225750.99876696,6730866571.1515465,2-10B
MSTR,2023-08-04,37.696998596191406,2025-07-11,434.5799865722656,11.528238394453291,707,384225750.99876696,14484157596.021107,10-50B
MTC,2022-12-23,5.28000020980835,2024-05-17,56.08000183105469,10.621212045953735,511,99587810.98265897,525823662.8827936,300M-2B
MTC,2023-07-07,5.440000057220459,2024-05-17,56.08000183105469,10.30882375756968,315,99587810.98265897,541757697.444125,300M-2B
MTC,2023-08-25,5.5991997718811035,2024-05-17,56.08000183105469,10.015717266007476,266,99587810.98265897,557612048.5362426,300M-2B
MTDR,2020-03-13,2.6164400577545166,2022-03-04,53.35070037841797,20.39056855909959,721,123754216.00153492,323795488.06242096,300M-2B
MTDR,2020-11-06,6.421989917755127,2022-11-04,70.53230285644531,10.98293578154676,728,123754216.00153492,794748327.4415475,300M-2B
MTUS,2020-04-24,2.359999895095825,2022-03-25,23.8700008392334,10.114407584863127,700,41449283.974358976,97820305.83128425,50-300M
MU,2024-07-26,109.41000366210938,2026-06-19,1133.989990234375,10.364591465845054,693,1129393151.0001118,123566908786.88348,>50B
MU,2025-07-25,111.26000213623047,2026-06-19,1133.989990234375,10.192252098340603,329,1129393151.0001118,125656284392.9165,>50B
MVIS,2018-12-28,9.449999809265137,2020-12-25,98.25,10.396825606670594,728,30150027.160493825,284917750.9160053,50-300M
MVIS,2019-02-08,14.161499977111816,2021-02-05,173.10000610351562,12.223281882800858,728,30150027.160493825,426969608.94325393,300M-2B
MVIS,2020-07-24,30.0,2021-06-11,324.0,10.8,322,30150027.160493825,904500814.8148147,300M-2B
MVIS,2020-10-30,25.950000762939453,2021-06-11,324.0,12.485548765868295,224,30150027.160493825,782393227.81746,300M-2B
MXC,2020-03-20,1.841599941253662,2022-03-04,24.940000534057617,13.54257239880221,714,2046000.0,3767913.4798049927,<50M
MXC,2020-04-17,2.490000009536743,2022-03-04,24.940000534057617,10.016064433147383,686,2046000.0,5094540.0195121765,<50M
MXL,2025-04-04,9.3100004196167,2026-05-08,99.83000183105469,10.722878338512983,399,90693190.99857686,844353646.253128,300M-2B
NAGE,2023-09-22,1.3700000047683716,2025-06-27,14.220000267028809,10.379562202580438,644,79126002.0,108402623.11730218,50-300M
NAGE,2023-10-13,1.309999942779541,2025-06-27,14.220000267028809,10.85496251004179,623,79126002.0,103655058.09237385,50-300M
NAGE,2023-11-10,1.3700000047683716,2025-06-27,14.220000267028809,10.379562202580438,595,79126002.0,108402623.11730218,50-300M
NAGE,2023-12-01,1.409999966621399,2025-06-27,14.220000267028809,10.085106811103238,574,79126002.0,111567660.17888474,50-300M
NAGE,2024-01-19,1.399999976158142,2025-06-27,14.220000267028809,10.157143220852838,525,79126002.0,110776400.9134891,50-300M
NAKA,2024-07-05,90.0,2025-05-23,905.5999755859375,10.06222195095486,322,17894943.012506798,1610544871.1256118,300M-2B
NAKA,2024-07-26,71.99600219726562,2025-05-23,905.5999755859375,12.578475859043348,301,17894943.012506798,1288364356.4483826,300M-2B
NAKA,2025-02-28,67.19999694824219,2025-05-23,905.5999755859375,13.47619072488107,84,17894943.012506798,1202540115.8294246,300M-2B
NBIS,2024-10-25,19.56999969482422,2026-06-19,286.69000244140625,14.649463817683587,602,271855218.0000882,5320206533.298098,2-10B
NBIS,2024-12-20,26.709999084472656,2026-06-19,286.69000244140625,10.733433630406523,546,271855218.0000882,7261252623.891471,2-10B
NBIS,2025-03-07,27.989999771118164,2026-06-19,286.69000244140625,10.242586809065678,469,271855218.0000882,7609227489.599748,2-10B
NBIS,2025-03-21,26.979999542236328,2026-06-19,286.69000244140625,10.626019544314751,455,271855218.0000882,7334653657.196938,2-10B
NBR,2020-04-17,13.635000228881836,2022-04-15,195.19000244140625,14.315364808572003,728,16744388.00289087,228309734.25190327,50-300M
NBTX,2024-06-14,4.599999904632568,2026-05-15,51.5,11.195652406021873,700,50807903.00794552,233716348.99113017,50-300M
NBTX,2024-08-09,4.880000114440918,2026-05-15,51.5,10.553278441039575,644,50807903.00794552,247942572.49327722,50-300M
NBTX,2024-09-13,4.949999809265137,2026-05-15,51.5,10.404040804931979,609,50807903.00794552,251499110.1984919,50-300M
NBTX,2024-10-11,4.949999809265137,2026-05-15,51.5,10.404040804931979,581,50807903.00794552,251499110.1984919,50-300M
NBTX,2025-06-20,4.46999979019165,2026-05-15,51.5,11.521253337193546,329,50807903.00794552,227111315.7855942,50-300M
NCI,2025-11-07,8.4399995803833,2026-03-06,84.4800033569336,10.009479568374214,119,2364281.98630137,19954538.972291358,<50M
NCTY,2020-02-28,72.0,2021-02-19,828.9000244140625,11.512500339084202,357,15273166.93989071,1099668019.672131,300M-2B
NEGG,2019-11-08,73.44000244140625,2021-07-09,933.7999877929688,12.715141023286275,609,20973423.00762301,1540288236.8844798,300M-2B
NEGG,2019-11-22,81.5999984741211,2021-07-09,933.7999877929688,11.443627515374493,595,20973423.00762301,1711431285.419134,300M-2B
NEGG,2020-01-17,83.80799865722656,2021-07-09,933.7999877929688,11.142134435308455,539,20973423.00762301,1757740607.2603137,300M-2B
NEGG,2020-03-13,60.928001403808594,2021-07-09,933.7999877929688,15.32628621122959,483,20973423.00762301,1277868746.451126,300M-2B
NEGG,2020-07-31,88.57599639892578,2021-07-09,933.7999877929688,10.542359394833673,343,20973423.00762301,1857741840.7963629,300M-2B
NEGG,2020-12-04,89.80000305175781,2021-07-09,933.7999877929688,10.39866320778137,217,20973423.00762301,1883413450.0903537,300M-2B
NEGG,2021-01-01,83.0,2021-07-09,933.7999877929688,11.250602262565888,189,20973423.00762301,1740794109.6327097,300M-2B
NEGG,2024-12-20,9.229999542236328,2025-08-15,101.0199966430664,10.944745574558324,238,20973423.00762301,193584684.75948924,50-300M
NEGG,2025-06-13,9.359999656677246,2025-08-15,101.0199966430664,10.792735079963455,63,20973423.00762301,196311232.15069804,50-300M
NEON,2023-08-04,2.140000104904175,2025-07-18,27.40999984741211,12.808410515774007,714,16782921.960072596,35915454.75515393,<50M
NEON,2024-06-07,2.2300000190734863,2025-07-18,27.40999984741211,12.29147964707208,406,16782921.960072596,37425916.29107072,<50M
NEON,2024-08-02,2.700000047683716,2025-07-18,27.40999984741211,10.151851616049667,350,16782921.960072596,45313890.09246809,<50M
NET,2019-10-18,15.289999961853027,2021-10-15,167.69000244140625,10.967299075197875,728,356079715.0001419,5444458828.768806,2-10B
NET,2020-03-13,19.059999465942383,2021-11-19,211.0399932861328,11.072402896087823,616,356079715.0001419,6786879177.7356205,2-10B
NFE,2025-11-14,1.0499999523162842,2026-09-18,12.220000267028809,11.638096020929973,308,16321615.0,17137694.97172475,<50M
NFE,2025-12-19,1.2100000381469727,2026-09-18,12.220000267028809,10.099173456013153,273,16321615.0,19749154.7726202,<50M
NFE,2026-02-13,1.2200000286102295,2026-09-18,12.220000267028809,10.016393426604504,217,16321615.0,19912370.76696515,<50M
NGNE,2015-07-10,38.79999923706055,2015-08-14,442.6000061035156,11.407216876456996,35,20011381.991593923,776441606.0063714,300M-2B
NIO,2019-03-15,5.710000038146973,2021-01-22,61.95000076293945,10.849387101412992,679,2505667022.0708447,14307358791.608135,10-50B
NKTR,2025-04-04,8.278499603271484,2026-04-24,91.68000030517578,11.074470580266238,385,34142993.999306284,282652762.27775776,50-300M
NKTR,2025-05-09,8.830499649047852,2026-04-24,91.68000030517578,10.38219851071068,350,34142993.999306284,301499696.52831703,300M-2B
NKTR,2025-06-13,8.59000015258789,2026-04-24,91.68000030517578,10.672875282494093,315,34142993.999306284,293288323.6638484,50-300M
NKTX,2023-09-29,1.3899999856948853,2024-03-08,14.630000114440918,10.525180046766062,161,71624790.94202898,99558458.38481943,50-300M
NN,2023-03-24,1.7200000286102295,2024-11-29,17.389999389648438,10.110464593247515,616,168809910.00694928,290353050.041643,50-300M
NNE,2024-05-10,4.510000228881836,2025-10-17,47.84000015258789,10.607538298162982,525,53698145.97295708,242178650.62856668,50-300M
NNVC,2019-10-04,1.5399999618530273,2020-01-31,16.760000228881836,10.883117301324555,119,25527352.98013245,39312122.61561274,<50M
NOG,2020-10-30,3.5926499366760254,2022-06-10,36.4015007019043,10.132214756103824,588,106549128.00345722,382793717.9745063,300M-2B
NPCE,2022-11-18,1.475000023841858,2024-02-23,17.020000457763672,11.538983174679915,462,34324274.032371566,50628305.01610252,50-300M
NPCE,2022-12-16,1.6399999856948853,2024-02-23,17.020000457763672,10.378049150135888,434,34324274.032371566,56291808.92207669,50-300M
NTLA,2019-07-05,15.930000305175781,2021-07-02,163.7100067138672,10.276836382776247,728,140126693.02514192,2232218262.653784,2-10B
NTLA,2019-08-23,15.770000457763672,2021-08-06,167.30999755859375,10.609384445276028,714,140126693.02514192,2209798013.1513977,2-10B
NTLA,2020-05-29,17.510000228881836,2021-09-03,176.77999877929688,10.095944972502481,462,140126693.02514192,2453618426.94269,2-10B
NUTX,2024-02-02,16.9950008392334,2026-01-09,186.17999267578125,10.95498578887857,707,6847973.001089864,116381306.9005699,50-300M
NUTX,2024-09-27,19.5,2026-09-18,208.7899932861328,10.707179142878605,721,6847973.001089864,133535473.52125235,50-300M
NUTX,2024-10-11,19.790000915527344,2026-09-18,208.7899932861328,10.550277090806754,707,6847973.001089864,135521391.96107495,50-300M
NVA,2024-07-26,1.0019999742507935,2025-10-17,11.597999572753906,11.574850170456202,448,451028203.0357143,451930247.8281674,300M-2B
NVA,2024-09-27,1.0779999494552612,2025-10-17,11.597999572753906,10.75881272407726,385,451028203.0357143,486208380.0753974,300M-2B
NVAX,2019-03-01,14.050000190734863,2021-02-05,290.17999267578125,20.65337998124282,707,164945725.97156397,2317487481.3613744,2-10B
NVDA,2022-09-16,13.1850004196167,2024-06-14,131.86000061035156,10.000758165632645,637,24100000000.0,317758510112.76245,>50B
NVDA,2022-12-30,14.603400230407715,2024-11-08,147.6199951171875,10.108604351595318,679,24100000000.0,351941945552.8259,>50B
NVNI,2024-10-04,8.0,2024-12-20,85.80000305175781,10.725000381469727,77,11692132.494132709,93537059.95306167,50-300M
NVNI,2024-11-22,8.300000190734863,2024-12-20,85.80000305175781,10.337349527718658,28,11692132.494132709,97044701.93139878,50-300M
NVTS,2024-09-06,2.3299999237060547,2026-05-22,29.25,12.553648479728485,623,261093488.00675675,608347807.135891,300M-2B
NVTS,2025-02-28,2.440000057220459,2026-05-22,29.25,11.987704636909033,448,261093488.00675675,637068125.6763757,300M-2B
NXH,2019-05-17,10.609999656677246,2020-08-21,121.08999633789062,11.412818120279997,462,95497682.98507462,1013230383.6851143,300M-2B
NXH,2019-09-27,11.229999542236328,2020-08-21,121.08999633789062,10.782724957598433,329,95497682.98507462,1072438936.207018,300M-2B
NXTS,2024-09-20,62.474998474121094,2025-01-03,646.7999877929688,10.352941233938429,105,1453333.3333333333,90796997.78238931,50-300M
NXTS,2024-11-01,59.58399963378906,2025-01-03,646.7999877929688,10.855263019741622,63,1453333.3333333333,86595412.80110677,50-300M
NXTT,2025-03-14,6328.0,2025-06-20,68800.0,10.872313527180784,98,1472961.929824561,9320903091.929823,2-10B
NXTT,2025-03-28,6094.0,2025-06-20,68800.0,11.289793239251724,84,1472961.929824561,8976230000.350876,2-10B
OCC,2024-12-06,2.119999885559082,2026-06-12,22.90999984741211,10.806604284966898,553,8842024.011299435,18745089.892065458,<50M
OCGN,2019-11-08,1.0,2021-04-30,12.670000076293945,12.670000076293945,539,339110401.0,339110401.0,300M-2B
OESX,2018-11-02,8.800000190734863,2020-10-09,88.80000305175781,10.090909218985184,707,4089285.995777621,35985717.54281247,<50M
OKLO,2023-09-22,10.350000381469727,2025-09-19,135.22999572753906,13.065699588731421,728,186017650.0,1925282748.460102,300M-2B
OLMA,2025-04-04,3.25,2025-12-12,33.04999923706055,10.169230534480167,252,87497607.02151756,284367222.81993204,50-300M
OMER,2023-10-27,1.0800000429153442,2024-12-27,11.680000305175781,10.814814667642858,427,72388316.00771457,78179384.39490123,50-300M
ONDS,2024-01-19,1.309999942779541,2026-01-09,13.6899995803833,10.45038181554118,721,571601210.9459459,748797553.6319054,300M-2B
ONDS,2024-02-23,1.2599999904632568,2026-01-09,13.6899995803833,10.865079114286326,686,571601210.9459459,720217520.3406779,300M-2B
ONDS,2025-02-21,1.25,2026-01-09,13.6899995803833,10.95199966430664,322,571601210.9459459,714501513.6824323,300M-2B
ONEW,2020-03-20,4.981100082397461,2021-12-31,60.970001220703125,12.24026825643655,651,16665619.014084509,83013116.24426104,50-300M
OPRX,2019-12-06,9.039999961853027,2021-10-29,96.69999694824219,10.696902362422193,693,18835951.05263158,170276996.79725498,50-300M
OPRX,2020-02-28,8.350000381469727,2021-10-29,96.69999694824219,11.580837428802791,609,18835951.05263158,157280198.4748188,50-300M
OPTX,2024-08-09,1.100000023841858,2026-06-12,13.25,12.045454284376355,672,40279877.96833773,44307866.72551863,<50M
OPTX,2024-09-06,1.1399999856948853,2026-06-12,13.25,11.622807163390869,644,40279877.96833773,45919060.30769674,<50M
OPTX,2024-09-20,1.3200000524520874,2026-06-12,13.25,10.037878389009338,630,40279877.96833773,53169441.030969486,50-300M
OPTX,2024-11-15,1.0399999618530273,2026-06-12,13.25,12.740385082699156,574,40279877.96833773,41891071.55051584,<50M
OPTX,2025-03-07,1.2799999713897705,2026-06-12,13.25,10.351562731375457,462,40279877.96833773,51558242.64705574,50-300M
OPTX,2025-04-04,1.1399999856948853,2026-06-12,13.25,11.622807163390869,434,40279877.96833773,45919060.30769674,<50M
OPTX,2025-06-20,1.2699999809265137,2026-06-12,13.25,10.433071022830738,357,40279877.96833773,51155444.251511216,50-300M
OPTX,2025-11-21,1.25,2026-06-12,13.25,10.6,203,40279877.96833773,50349847.46042216,50-300M
ORBS,2024-08-02,1.4320000410079956,2025-09-12,15.619999885559082,10.907820836767607,406,429777400.0,615441254.4243097,300M-2B
ORBS,2024-09-06,1.4199999570846558,2025-09-12,15.619999885559082,11.000000251850619,371,429777400.0,610283889.5559549,300M-2B
ORBS,2024-12-20,1.4900000095367432,2025-09-12,15.619999885559082,10.483221332606236,266,429777400.0,640368330.0986767,300M-2B
ORBS,2025-01-31,1.5520000457763672,2025-09-12,15.619999885559082,10.064432619101751,224,429777400.0,667014544.4736481,300M-2B
ORBS,2025-02-28,1.409999966621399,2025-09-12,15.619999885559082,11.078014365480641,196,429777400.0,605986119.6546316,300M-2B
ORBS,2025-08-08,1.4800000190734863,2025-09-12,15.619999885559082,10.554053840713838,35,429777400.0,636070560.1973534,300M-2B
ORBS,2025-08-22,1.5199999809265137,2025-09-12,15.619999885559082,10.276315843134377,21,429777400.0,653261639.8026466,300M-2B
ORGO,2017-01-13,9.800000190734863,2019-01-11,150.0,15.306122151080498,728,128674548.27586208,1261010597.6461709,300M-2B
ORIO,2020-03-20,2.3882999420166016,2021-03-19,34.40999984741211,14.407738007294613,364,23781000.0,56796160.9210968,50-300M
ORIO,2020-06-19,3.119999885559082,2021-03-19,34.40999984741211,11.028846509475457,273,23781000.0,74196717.27848053,50-300M
ORKA,2025-02-21,11.020000457763672,2026-08-14,111.04000091552734,10.0762247098909,539,66209699.00472616,729630913.3404772,300M-2B
ORKA,2025-04-04,7.829999923706055,2026-08-14,111.04000091552734,14.181354022666513,497,66209699.00472616,518421938.1556066,300M-2B
ORKA,2025-06-27,11.079999923706055,2026-08-14,111.04000091552734,10.021660801454818,413,66209699.00472616,733603459.9209666,300M-2B
ORMP,2019-11-15,2.619999885559082,2021-11-12,28.649999618530273,10.935114835860631,728,41597354.02542373,108985062.78617078,50-300M
ORMP,2020-09-18,2.8399999141693115,2021-11-12,28.649999618530273,10.08802833957489,420,41597354.02542373,118136481.86187385,50-300M
OSCR,2022-12-23,2.2100000381469727,2024-09-20,22.93000030517578,10.375565569854917,637,308645000.0,682105461.7738724,300M-2B
OVV,2020-03-13,2.9043099880218506,2022-03-04,47.755699157714844,16.443044769557,721,282700000.0,821048433.6137772,300M-2B
PACB,2019-10-04,4.980000019073486,2021-02-12,50.31999969482422,10.10441757070236,497,310830758.86524826,1547937185.0775626,300M-2B
PACB,2019-10-25,4.710000038146973,2021-02-12,50.31999969482422,10.68365165334931,476,310830758.86524826,1464012886.1125717,300M-2B
PACB,2019-12-06,5.0,2021-02-12,50.31999969482422,10.063999938964844,434,310830758.86524826,1554153794.3262413,300M-2B
PACB,2020-01-10,4.730000019073486,2021-02-12,50.31999969482422,10.638477693850183,399,310830758.86524826,1470229495.3612504,300M-2B
PAVM,2019-10-11,400.5,2021-09-24,4140.0,10.337078651685394,714,7995917.993730408,3202365156.4890285,2-10B
PAVM,2019-10-25,409.5,2021-09-24,4140.0,10.10989010989011,700,7995917.993730408,3274328418.432602,2-10B
PBT,2020-10-30,2.0416200160980225,2022-10-28,20.507200241088867,10.044572486256557,728,46608796.01449276,95157450.86941814,50-300M
PDS,2020-03-20,6.538000106811523,2022-03-11,67.19999694824219,10.27837195631594,721,12587470.001209628,82296880.2123954,50-300M
PDSB,2020-02-14,1.350000023841858,2021-09-24,16.559999465942383,12.266666054431314,588,72474208.0349557,97840182.57510996,50-300M
PDYN,2023-08-25,1.034999966621399,2025-07-18,12.239999771118164,11.826087116769477,693,49338509.926470585,51065356.127046615,50-300M
PENN,2020-03-20,7.889999866485596,2021-03-12,130.47000122070312,16.536122107542916,357,134066591.00257067,1057785385.1104616,300M-2B
PHOE,2025-04-25,3.6500000953674316,2026-01-30,133.1199951171875,36.47123058603285,280,21600000.0,78840002.05993652,50-300M
PHUN,2017-01-27,508.0,2019-01-18,7450.0,14.665354330708661,721,20462675.25252525,10395039028.282827,10-50B
PHUN,2020-02-07,41.505001068115234,2021-10-22,437.0,10.528851674592776,623,20462675.25252525,849303358.2125558,300M-2B
PHUN,2020-03-13,35.98500061035156,2021-10-22,437.0,12.143948661606835,588,20462675.25252525,736349381.451547,300M-2B
PHUN,2020-09-11,43.5,2021-10-22,437.0,10.045977011494253,406,20462675.25252525,890126373.4848484,300M-2B
PHUN,2020-09-25,41.869998931884766,2021-10-22,437.0,10.437067378743508,392,20462675.25252525,856772190.9667372,300M-2B
PHUN,2020-10-16,39.875,2021-10-22,437.0,10.95924764890282,371,20462675.25252525,815949175.6944444,300M-2B
PHUN,2021-08-20,43.279998779296875,2021-10-22,437.0,10.097042798648145,63,20462675.25252525,885624559.9504412,300M-2B
PHVS,2022-11-11,3.009999990463257,2024-02-02,30.15999984741211,10.019933535870313,448,69666453.00876927,209696022.89200443,50-300M
PL,2024-01-12,2.200000047683716,2026-01-09,22.709999084472656,10.322726632839405,728,363847989.010989,800465593.1738,300M-2B
PL,2025-02-21,4.96999979019165,2026-05-29,51.13999938964844,10.289738742157251,462,363847989.010989,1808324429.0462694,300M-2B
PL,2025-06-20,5.03000020980835,2026-05-29,51.13999938964844,10.166997466506457,343,363847989.010989,1830155461.0636208,300M-2B
PLSE,2022-07-22,1.7400000095367432,2024-07-12,18.579999923706055,10.678160817167344,721,71322607.00269336,124101336.86487183,50-300M
PLSE,2022-08-19,1.600000023841858,2024-08-16,19.010000228881836,11.881249966006726,728,71322607.00269336,114116172.90477283,50-300M
PLSE,2022-10-07,2.009999990463257,2024-08-23,21.479999542236328,10.686566987139987,686,71322607.00269336,143358439.39522827,50-300M
PLSE,2022-11-04,2.049999952316284,2024-08-23,21.479999542236328,10.478048800911527,658,71322607.00269336,146211340.95459446,50-300M
PLTR,2022-12-09,7.110000133514404,2024-12-06,76.33999633789062,10.736989438023611,728,2402053479.998957,17078600563.501326,10-50B
PLTR,2023-02-10,7.510000228881836,2025-02-07,110.8499984741211,14.760318920872463,728,2402053479.998957,18039422184.57858,10-50B
PLTR,2023-08-11,15.40999984741211,2025-08-08,186.9600067138672,12.132382126224645,728,2402053479.998957,37015643760.25966,10-50B
PLTR,2023-11-24,19.200000762939453,2025-10-31,200.47000122070312,10.441145482017776,707,2402053479.998957,46119428648.60135,10-50B
PLTR,2023-12-08,17.770000457763672,2025-10-31,200.47000122070312,11.28137287881263,693,2402053479.998957,42684491439.15429,10-50B
PLUG,2018-10-12,1.809999942779541,2020-10-09,18.43000030517578,10.182320932493292,728,1397195277.9411764,2528923373.1253743,2-10B
PLUG,2018-10-26,1.8300000429153442,2020-10-09,18.43000030517578,10.071038181952847,714,1397195277.9411764,2556867418.593469,2-10B
PLUG,2018-11-09,1.8700000047683716,2020-11-06,18.860000610351562,10.085561797999922,728,1397195277.9411764,2612755176.4123464,2-10B
POLA,2019-11-15,15.399999618530273,2021-01-22,165.1999969482422,10.727272794829352,434,4309318.939393939,66363510.02279195,50-300M
POLA,2019-12-13,16.450000762939453,2021-01-22,165.1999969482422,10.042552540205632,406,4309318.939393939,70888299.84077974,50-300M
POLA,2020-03-06,14.699999809265137,2021-01-22,165.1999969482422,11.238095176308757,322,4309318.939393939,63346987.587153554,50-300M
POLA,2020-08-14,13.789999961853027,2021-01-22,165.1999969482422,11.979695243309013,161,4309318.939393939,59425508.00985495,50-300M
POWL,2022-09-30,6.762460231781006,2024-09-27,72.59500122070312,10.734998614784317,728,36432564.0016613,246373765.20305082,50-300M
POWL,2022-12-30,11.40149974822998,2024-11-08,114.76899719238281,10.066131625376746,679,36432564.0016613,415385869.292314,300M-2B
PPTA,2024-01-19,3.059999942779541,2026-01-16,32.22999954223633,10.532679785921928,728,125095803.00171526,382793150.0272094,300M-2B
PR,2020-11-20,1.0153299570083618,2022-11-18,10.779999732971191,10.6172379319272,728,837557029.0129151,850396742.2597344,300M-2B
PRAX,2023-10-20,18.0,2025-10-17,189.99000549316406,10.555000305175781,728,27919988.00155962,502559784.02807313,300M-2B
PRAX,2025-03-21,37.119998931884766,2026-08-21,375.94000244140625,10.127694322708805,518,27919988.00155962,1036389924.7961285,300M-2B
PRAX,2025-04-04,32.650001525878906,2026-08-21,375.94000244140625,11.514241496847413,504,27919988.00155962,911587650.8534423,300M-2B
PRAX,2025-05-16,37.02000045776367,2026-08-21,375.94000244140625,10.155051263986836,462,27919988.00155962,1033597968.5984933,300M-2B
PRCH,2023-07-21,1.2699999809265137,2025-07-18,13.479999542236328,10.614173027311505,728,131832044.00963277,167426693.37773693,50-300M
PRCH,2024-06-14,1.7200000286102295,2025-09-19,18.860000610351562,10.965116451533177,462,131832044.00963277,226751119.4683134,50-300M
PRCH,2024-07-19,1.8600000143051147,2025-09-19,18.860000610351562,10.139785196398265,427,131832044.00963277,245207603.74378946,50-300M
PRCH,2024-08-02,1.8799999952316284,2025-09-19,18.860000610351562,10.031915243716735,413,131832044.00963277,247844242.10948542,50-300M
PRTS,2018-08-03,13.399999618530273,2020-07-31,137.4499969482422,10.257462750832365,728,8065432.01438849,108076785.91608761,50-300M
PRTS,2018-08-31,14.600000381469727,2020-08-28,152.5,10.44520520653907,728,8065432.01438849,117755310.48679009,50-300M
PRTS,2018-10-05,15.0,2020-08-28,152.5,10.166666666666666,693,8065432.01438849,120981480.21582735,50-300M
PRTS,2020-03-20,15.5,2021-02-12,206.0,13.290322580645162,329,8065432.01438849,125014196.22302158,50-300M
PSNL,2024-06-28,1.1699999570846558,2026-06-26,13.020000457763672,11.12820592763629,728,106799871.98776758,124955845.64233479,50-300M
PVLA,2024-04-19,11.607999801635742,2026-02-27,134.99000549316406,11.629049603717425,679,14408407.0005349,167252785.60409614,50-300M
PVLA,2024-08-09,15.15999984741211,2026-08-07,157.77000427246094,10.406992471005406,728,14408407.0005349,218431447.92956063,50-300M
PVLA,2024-12-13,13.600000381469727,2026-08-07,157.77000427246094,11.600735282877325,602,14408407.0005349,195954340.7036457,50-300M
QBTS,2023-05-26,1.6699999570846558,2025-05-23,18.799999237060547,11.257484862382865,728,379626628.0190363,633976452.4999832,300M-2B
QBTS,2023-06-23,1.6299999952316284,2025-05-23,18.799999237060547,11.533741896967923,700,379626628.0190363,618791401.8608283,300M-2B
QBTS,2023-07-07,1.8600000143051147,2025-05-23,18.799999237060547,10.107526393801733,686,379626628.0190363,706105533.54601,300M-2B
QBTS,2023-08-11,1.4500000476837158,2025-07-18,18.889999389648438,13.02758535754811,707,379626628.0190363,550458628.7296109,300M-2B
QMCO,2023-11-17,7.004000186920166,2024-12-27,70.66999816894531,10.089948070092882,406,39410001.00115518,276027654.37861484,50-300M
QMCO,2023-12-29,6.980000019073486,2024-12-27,70.66999816894531,10.124641543815631,364,39410001.00115518,275081807.7397493,50-300M
QMCO,2024-08-02,7.004000186920166,2024-12-27,70.66999816894531,10.089948070092882,147,39410001.00115518,276027654.37861484,50-300M
QNTM,2024-12-20,3.0,2025-06-20,35.0,11.666666666666666,182,8087520.87628866,24262562.62886598,<50M
QNTM,2025-01-17,3.4200000762939453,2025-06-20,35.0,10.233917900354978,154,8087520.87628866,27659322.01393609,<50M
QS,2020-08-21,9.79259967803955,2020-12-25,114.7699966430664,11.720074384378696,126,619113506.9246435,6062730728.580201,2-10B
QTTB,2025-05-09,1.5499999523162842,2026-08-21,15.970000267028809,10.303226295693499,469,29769466.004184097,46142670.88696659,<50M
QTTB,2025-06-20,1.5499999523162842,2026-08-21,15.970000267028809,10.303226295693499,427,29769466.004184097,46142670.88696659,<50M
QUBT,2022-12-23,1.559999942779541,2024-12-20,17.6200008392334,11.294872747135386,728,226346860.9649123,353101090.15359193,300M-2B
QUBT,2023-02-10,1.7599999904632568,2024-12-27,18.350000381469727,10.426136636875633,686,226346860.9649123,398370473.1396338,300M-2B
QURE,2017-03-17,6.199999809265137,2019-03-15,63.349998474121094,10.217742003709793,728,69366411.99719365,430071741.1520075,300M-2B
QURE,2017-08-25,7.940000057220459,2019-06-21,82.19000244140625,10.35138562331174,665,69366411.99719365,550769315.2268955,300M-2B
QURE,2023-10-27,5.630000114440918,2025-10-10,61.55500030517578,10.933392371926878,714,69366411.99719365,390532907.4825561,300M-2B
QURE,2023-12-22,6.320000171661377,2025-10-31,67.69000244140625,10.710443133360258,679,69366411.99719365,438395735.72979766,300M-2B
QURE,2024-01-05,6.559999942779541,2025-10-31,67.69000244140625,10.318598023146519,665,69366411.99719365,455043658.7324124,300M-2B
QURE,2024-08-16,6.610000133514404,2025-10-31,67.69000244140625,10.240544791852649,441,69366411.99719365,458511992.5628652,300M-2B
QURE,2024-11-15,6.204999923706055,2025-10-31,67.69000244140625,10.908944927267155,350,69366411.99719365,430418581.1503494,300M-2B
QXO,2022-06-10,16.59830093383789,2024-06-07,220.0,13.2543686776699,728,1037490709.039088,17220583004.69163,10-50B
QXO,2022-08-19,21.664499282836914,2024-06-07,220.0,10.154861976168023,658,1037490709.039088,22476716721.927284,10-50B
QXO,2022-09-09,19.79800033569336,2024-06-07,220.0,11.112233370527177,637,1037490709.039088,20540241405.834606,10-50B
QXO,2022-12-16,21.464500427246094,2024-06-07,220.0,10.249481498332086,539,1037490709.039088,22269219767.433357,10-50B
QXO,2023-03-10,18.6648006439209,2024-06-07,220.0,11.786892568373277,455,1037490709.039088,19364557254.13472,10-50B
QXO,2023-09-15,21.664499282836914,2024-06-07,220.0,10.154861976168023,266,1037490709.039088,22476716721.927284,10-50B
QXO,2023-10-20,21.59779930114746,2024-06-07,220.0,10.18622300042911,231,1037490709.039088,22407516110.631397,10-50B
RCAT,2022-12-02,1.149999976158142,2024-11-29,11.770000457763672,10.23478321893906,728,152714362.06373292,175621512.73229873,50-300M
RCAT,2023-03-10,1.0800000429153442,2025-01-03,13.199999809265137,12.222221559948418,665,152714362.06373292,164931517.58262098,50-300M
RCMT,2020-05-01,1.3799999952316284,2022-04-29,17.479999542236328,12.666666378721521,728,7110758.988346145,9812847.370010938,<50M
RCON,2020-06-26,4140.0,2021-06-04,44100.0,10.652173913043478,343,20963224.08759124,86787747722.62773,>50B
RCON,2020-10-30,3960.0,2021-06-04,44100.0,11.136363636363637,217,20963224.08759124,83014367386.8613,>50B
RDNW,2020-03-13,4.502200126647949,2021-03-19,56.0,12.438363116855497,371,39011087.9338843,175635725.0366082,50-300M
RDNW,2020-04-24,5.400000095367432,2021-03-19,56.0,10.370370187223042,329,39011087.9338843,210659878.56336248,50-300M
REAX,2026-05-08,2.0399999618530273,2026-08-28,21.09000015258789,10.33823556223543,112,21920000.0,44716799.16381836,<50M
REAX,2026-07-10,2.049999952316284,2026-08-28,21.09000015258789,10.287805191779839,49,21920000.0,44935998.95477295,<50M
REKR,2019-06-14,1.2599999904632568,2021-04-30,23.450000762939453,18.611111857483213,686,137636495.68664023,173421983.2525628,50-300M
REKR,2019-09-27,2.240000009536743,2021-04-30,23.450000762939453,10.468750296027531,581,137636495.68664023,308305751.65067804,300M-2B
REKR,2019-11-15,2.190000057220459,2021-04-30,23.450000762939453,10.707762625678704,532,137636495.68664023,301423933.4293656,300M-2B
RGC,2025-03-21,1.542889952659607,2026-01-09,45.790000915527344,29.678073174690997,294,494488908.0267558,762941967.896102,300M-2B
RGNX,2016-07-15,7.900000095367432,2018-07-06,79.30000305175781,10.037974948666067,721,66013192.0,521504223.0955086,300M-2B
RGTI,2023-02-03,1.0499999523162842,2025-01-03,19.020000457763672,18.114286972876364,700,333768747.01655734,350457168.4520511,300M-2B
RGTI,2023-08-25,1.7400000095367432,2025-01-03,19.020000457763672,10.931034685929426,497,333768747.01655734,580757622.9918766,300M-2B
RGTI,2023-09-15,1.8600000143051147,2025-09-12,19.09000015258789,10.263440863316232,728,333768747.01655734,620809874.2253969,300M-2B
RICK,2020-03-20,8.329400062561035,2022-01-07,90.75160217285156,10.895334776962104,658,7644500.0,63674098.77824783,50-300M
RICK,2020-04-03,8.12168025970459,2022-01-07,90.75160217285156,11.173993468212755,644,7644500.0,62086184.74531174,50-300M
RICK,2020-04-17,9.051619529724121,2022-01-07,90.75160217285156,10.026007155386647,630,7644500.0,69195105.49497604,50-300M
RIOT,2015-11-27,2.354300022125244,2017-11-24,23.600000381469727,10.024211085962541,728,375258934.9939246,883472118.9588922,300M-2B
RIOT,2016-08-05,2.8155999183654785,2017-12-15,28.5,10.12217673899668,497,375258934.9939246,1056579026.7348106,300M-2B
RIOT,2016-09-30,2.7021000385284424,2017-12-15,28.5,10.547351909117708,441,375258934.9939246,1013987182.705226,300M-2B
RIOT,2017-01-27,2.773400068283081,2017-12-15,28.5,10.276195030759984,322,375258934.9939246,1040743155.9359868,300M-2B
RIOT,2017-02-24,2.8090999126434326,2017-12-15,28.5,10.145598549814768,294,375258934.9939246,1054139841.5101012,300M-2B
RIOT,2019-01-04,1.649999976158142,2021-01-01,16.989999771118164,10.296969707040638,728,375258934.9939246,619177233.7931054,300M-2B
RKDA,2017-12-08,164.72000122070312,2018-03-16,1676.4000244140625,10.177270592463795,98,2409211.267605634,396845282.94093174,300M-2B
RKDA,2017-12-22,164.0,2018-03-16,1676.4000244140625,10.22195136837843,84,2409211.267605634,395110647.887324,300M-2B
RKLB,2023-09-15,5.119999885559082,2025-09-12,53.34000015258789,10.417969012662075,728,627759738.9987199,3214129791.832045,2-10B
RLAY,2025-04-04,2.0,2026-07-10,20.0049991607666,10.0024995803833,462,219141631.0038824,438283262.0077648,300M-2B
RLMD,2018-10-26,4.800000190734863,2020-02-28,48.779998779296875,10.162499341865407,490,106669846.03174604,512015281.2980395,300M-2B
ROKU,2018-12-21,27.280000686645508,2020-12-18,340.7099914550781,12.489368873874966,728,148418969.00123787,4048869576.2649875,2-10B
ROLR,2025-12-05,1.6200000047683716,2026-01-16,16.8799991607666,10.419752537704538,42,11029312.978369383,17867487.077550262,<50M
ROLR,2025-12-19,1.3799999952316284,2026-01-16,16.8799991607666,12.231883492096209,28,11029312.978369383,15220451.857557885,<50M
ROOT,2022-09-30,7.880000114440918,2024-04-05,82.9000015258789,10.52030460938142,553,15493252.010265185,122086827.61395164,50-300M
ROOT,2022-11-18,7.050000190734863,2024-11-15,88.91000366210938,12.611347695983786,728,15493252.010265185,109227429.62747286,50-300M
RRC,2020-03-06,2.605570077896118,2022-03-04,26.334199905395508,10.106886062592183,728,233679515.0116069,608868352.1315197,300M-2B
RRC,2020-03-27,2.158050060272217,2022-03-25,31.33650016784668,14.520747569634176,728,233679515.0116069,504292091.45518064,300M-2B
RUN,2020-03-20,8.359999656677246,2021-01-08,96.5,11.543062674999529,294,240846982.03592816,2013480687.1321104,2-10B
RUN,2020-04-03,8.850000381469727,2021-01-08,96.5,10.903954332256669,280,240846982.03592816,2131495882.8937967,2-10B
RVLV,2020-03-20,7.659999847412109,2021-11-19,86.01000213623047,11.228460032579308,609,71085419.98069498,544514306.2053492,300M-2B
RVP,2019-09-27,1.100000023841858,2021-02-05,18.989999771118164,17.26363578138274,497,29937158.485677272,32930875.048002478,<50M
RVSN,2023-12-15,34.79999923706055,2024-02-02,355.20001220703125,10.206897126272292,49,2192186.1333333333,76288075.76749471,50-300M
RYAM,2020-04-24,1.0499999523162842,2021-03-12,10.59000015258789,10.08571488905929,322,67644207.9868709,71026415.16068725,50-300M
RYM,2024-03-29,5.534999847412109,2024-11-29,56.75,10.252936145343071,245,2200000.0,12176999.66430664,<50M
RYM,2024-07-05,5.295000076293945,2024-11-29,56.75,10.717658013655823,147,2200000.0,11649000.16784668,<50M
RYTM,2022-05-06,4.28000020980835,2024-02-09,51.18000030517578,11.95794341035033,644,68852082.00325733,294686925.4196831,50-300M
RYZ,2020-04-24,3.595060110092163,2022-04-15,37.045799255371094,10.304639733665367,721,51898653.00546448,186578777.1874601,50-300M
RYZ,2020-05-15,3.577270030975342,2022-04-15,37.045799255371094,10.35588561517414,700,51898653.00546448,185655496.04443642,50-300M
RZLT,2024-02-02,1.0499999523162842,2025-11-07,10.760000228881836,10.247619730977545,644,96292331.0,101106942.95842385,50-300M
SATL,2024-06-21,1.0499999523162842,2026-05-22,10.609999656677246,10.104762036676044,700,153739911.0707804,161426899.2934292,50-300M
SATL,2024-08-09,1.0199999809265137,2026-05-22,10.609999656677246,10.401960642234215,651,153739911.0707804,156814706.35983992,50-300M
SATL,2024-08-23,1.0499999523162842,2026-05-22,10.609999656677246,10.104762036676044,637,153739911.0707804,161426899.2934292,50-300M
SATL,2024-09-27,1.059999942779541,2026-05-22,10.609999656677246,10.009434178699683,602,153739911.0707804,162964296.93795896,50-300M
SBET,2024-06-28,7.1999897956848145,2025-05-30,76.69999694824219,10.652792451763052,336,217223603.97553515,1564007732.0057323,300M-2B
SBET,2024-11-01,7.287600040435791,2025-05-30,76.69999694824219,10.524726456263592,210,217223603.97553515,1583038745.1157181,300M-2B
SBET,2024-11-29,7.415999889373779,2025-05-30,76.69999694824219,10.342502439643223,182,217223603.97553515,1610930223.0519423,300M-2B
SBET,2025-01-03,7.572000026702881,2025-05-30,76.69999694824219,10.129423755646776,147,217223603.97553515,1644817135.1032481,300M-2B
SBFM,2015-12-18,4800000.0,2016-01-08,49600000.0,10.333333333333334,21,4310301.438684631,20689446905686.23,>50B
SBFM,2020-08-07,93200.0,2021-02-19,952000.0,10.214592274678111,196,4310301.438684631,401720094085.4076,>50B
SBFM,2020-08-21,90400.0,2021-02-19,952000.0,10.530973451327434,182,4310301.438684631,389651250057.09064,>50B
SBFM,2020-09-18,90000.0,2021-02-19,952000.0,10.577777777777778,154,4310301.438684631,387927129481.6168,>50B
SCKT,2020-03-20,1.1299999952316284,2021-02-19,12.220000267028809,10.814159573977646,336,8291680.623174295,9369599.064649139,<50M
SCKT,2020-04-24,1.1984000205993652,2021-02-19,12.220000267028809,10.196929286530823,301,8291680.623174295,9936750.229615433,<50M
SCKT,2020-09-25,1.1799999475479126,2021-02-19,12.220000267028809,10.355932890016192,147,8291680.623174295,9784182.700429711,<50M
SD,2020-04-17,1.0630099773406982,2022-04-15,16.662700653076172,15.675018116726218,728,37075296.0085531,39411409.56995171,<50M
SD,2020-05-08,1.6653900146484375,2022-05-06,17.592899322509766,10.563831395508645,728,37075296.0085531,61744827.76277941,50-300M
SDEV,2024-07-26,3.500999927520752,2026-01-09,95.80000305175781,27.363611835204747,532,50615436.60714285,177204639.89303833,50-300M
SDEV,2025-09-19,9.100000381469727,2026-01-09,95.80000305175781,10.527472421521516,112,50615436.60714285,460600492.4332567,300M-2B
SDEV,2025-10-03,6.800000190734863,2026-01-09,95.80000305175781,14.088235347741202,98,50615436.60714285,344184978.5826998,300M-2B
SDOT,2026-05-15,3.874000072479248,2026-07-03,50.54999923706055,13.0485282114902,49,1454828.0432822362,5636003.945120226,<50M
SEI,2024-06-21,8.180000305175781,2026-06-19,82.87999725341797,10.132028626084134,728,76566392.00652528,626313109.9795853,300M-2B
SENS,2020-06-12,8.20199966430664,2021-02-19,92.5999984741211,11.289929561579552,252,52874053.032581456,433672965.2237646,300M-2B
SENS,2020-09-04,8.465999603271484,2021-02-19,92.5999984741211,10.937869455880676,168,52874053.032581456,447631711.99719006,300M-2B
SEZL,2023-09-15,2.2366700172424316,2025-07-04,182.16000366210938,81.44250258546974,658,33675013.99569651,75319894.13439363,50-300M
SGLY,2016-01-15,329.0,2016-11-18,3360.0,10.212765957446809,308,5403788.461538461,1777846403.8461537,300M-2B
SGLY,2016-02-19,327.6000061035156,2016-11-18,3360.0,10.25641006532308,273,5403788.461538461,1770281132.9821072,300M-2B
SGRY,2019-08-09,6.46999979019165,2021-06-25,67.05000305175781,10.363215645447756,686,130918260.02747253,847041114.9100032,300M-2B
SGRY,2020-03-13,6.389999866485596,2021-06-25,67.05000305175781,10.492958443304994,469,130918260.02747253,836567664.0960759,300M-2B
SIEB,2015-12-18,1.121899962425232,2017-12-15,13.25,11.810322171111611,728,41100935.77981651,46111138.30701801,<50M
SIF,2025-03-21,2.799999952316284,2026-08-07,28.09000015258789,10.032143082484911,504,6254128.005591799,17511558.117436975,<50M
SIF,2025-04-04,2.63319993019104,2026-08-07,28.09000015258789,10.667629081453738,490,6254128.005591799,16468369.427730152,<50M
SIG,2020-03-20,7.614019870758057,2021-11-19,106.93000030517578,14.043829950568512,609,38317242.99840192,291748249.58249724,50-300M
SIG,2020-05-15,8.88290023803711,2021-11-19,106.93000030517578,12.037735136019554,553,38317242.99840192,340368246.95143014,300M-2B
SIG,2020-06-26,9.680580139160156,2021-11-19,106.93000030517578,11.045825639376666,511,38317242.99840192,370933141.55770314,300M-2B
SIG,2020-07-31,10.564800262451172,2021-11-19,106.93000030517578,10.121346135167407,476,38317242.99840192,404814018.8859219,300M-2B
SITM,2019-11-22,18.049999237060547,2021-11-19,287.5899963378906,15.932964459489076,728,30071036.000394147,542782176.8647346,300M-2B
SITM,2020-02-14,28.850000381469727,2021-11-26,300.9800109863281,10.43258256522058,651,30071036.000394147,867549400.082561,300M-2B
SITM,2020-02-28,22.65999984741211,2021-11-26,300.9800109863281,13.282436584866156,637,30071036.000394147,681409671.1804554,300M-2B
SITM,2020-05-29,29.809999465942383,2021-11-26,300.9800109863281,10.096612424639414,546,30071036.000394147,896417567.1120837,300M-2B
SLGL,2024-04-12,8.401009559631348,2026-02-27,90.55500030517578,10.779061690432062,686,3273998.995143192,27504896.85642138,<50M
SLGL,2024-04-26,8.895999908447266,2026-02-27,90.55500030517578,10.179294203812725,672,3273998.995143192,29125494.761050276,<50M
SLGL,2024-07-19,8.210000038146973,2026-02-27,90.55500030517578,11.029841642438576,588,3273998.995143192,26879531.875018757,<50M
SLGL,2025-01-24,8.857999801635742,2026-02-27,90.55500030517578,10.2229625573545,399,3273998.995143192,29001082.449534014,<50M
SLS,2024-06-28,1.190000057220459,2026-06-26,12.390000343322754,10.411764493745219,728,201945709.0277778,240315405.29848173,50-300M
SLS,2025-02-07,1.3700000047683716,2026-08-21,15.460000038146973,11.284671521414209,560,201945709.0277778,276665622.3310078,50-300M
SLS,2025-06-20,1.5399999618530273,2026-08-21,15.460000038146973,10.038961312404517,427,201945709.0277778,310996384.19916034,300M-2B
SLS,2025-11-14,1.4299999475479126,2026-08-21,15.460000038146973,10.811189234417073,280,201945709.0277778,288782353.3172483,50-300M
SM,2020-03-06,3.7544000148773193,2022-03-04,39.745601654052734,10.586405683079958,728,237854067.9976683,892999316.4290768,300M-2B
SM,2020-06-12,4.57781982421875,2022-06-10,50.38959884643555,11.007335539911736,728,237854067.9976683,1088853067.7508004,300M-2B
SMCI,2022-01-21,4.10099983215332,2024-01-19,42.33599853515625,10.323335837087026,728,656965384.0009652,2694214929.5185,2-10B
SMMT,2022-07-29,1.0099999904632568,2024-07-26,11.550000190734863,11.435643861181843,728,797749602.0060791,805727090.4182068,300M-2B
SMMT,2023-02-03,3.140000104904175,2024-09-13,31.93000030517578,10.168789566378122,588,797749602.0060791,2504933833.986352,2-10B
SMR,2023-09-29,4.900000095367432,2025-07-25,51.66999816894531,10.544897380266436,665,429723272.00460833,2105644073.8041856,2-10B
SMR,2023-10-20,3.799999952316284,2025-07-25,51.66999816894531,13.597368109820618,644,429723272.00460833,1632948413.1267092,300M-2B
SMR,2024-03-22,4.25,2025-07-25,51.66999816894531,12.157646627987132,490,429723272.00460833,1826323906.0195854,300M-2B
SMR,2024-04-19,4.860000133514404,2025-07-25,51.66999816894531,10.631686573963377,462,429723272.00460833,2088455159.3166432,2-10B
SMX,2025-10-31,3606.0,2025-12-05,74079.203125,20.543317561009427,35,1088607.9875518673,3925520403.1120334,2-10B
SNAP,2018-12-21,4.989999771118164,2020-12-11,53.33000183105469,10.687375606653475,721,1691197711.909263,8439076195.342785,2-10B
SNDK,2025-02-14,36.650001525878906,2026-06-19,2184.75,59.61118442129744,490,146419001.00023672,5366256610.076341,2-10B
SNDK,2025-11-21,200.27000427246094,2026-06-19,2184.75,10.909022586466406,210,146419001.00023672,29323333955.88687,10-50B
SNDK,2025-12-12,206.17999267578125,2026-06-19,2184.75,10.596323977154888,189,146419001.00023672,30188668553.824013,10-50B
SNDL,2020-09-25,1.8200000524520874,2021-02-12,20.799999237060547,11.428570680004484,140,246120842.85714287,447939946.909552,300M-2B
SNDL,2020-10-16,1.899999976158142,2021-02-12,20.799999237060547,10.947368156876918,119,246120842.85714287,467629595.5605933,300M-2B
SOS,2020-03-13,533.31298828125,2021-02-19,8452.5,15.849042092975349,343,18170319.396051105,9690467335.132772,2-10B
SOS,2020-04-03,757.5,2021-02-19,8452.5,11.158415841584159,322,18170319.396051105,13764016942.508713,10-50B
SOUN,2022-12-09,1.3700000047683716,2024-12-06,15.010000228881836,10.956204508495315,728,481004683.0282862,658976418.0423611,300M-2B
SOUN,2023-03-10,1.9900000095367432,2024-12-27,23.950000762939453,12.035176205107069,658,481004683.0282862,957199323.8135077,300M-2B
SOUN,2023-08-04,2.0999999046325684,2024-12-27,23.950000762939453,11.404762785991613,511,481004683.0282862,1010109788.4872198,300M-2B
SOUN,2023-09-08,2.299999952316284,2024-12-27,23.950000762939453,10.413044025857427,476,481004683.0282862,1106310748.0289676,300M-2B
SPRB,2025-09-19,8.375,2025-10-10,173.60000610351562,20.72835893773321,21,2874012.992006476,24069858.80805424,<50M
SPT,2020-03-20,13.989999771118164,2021-09-24,144.1199951171875,10.30164385096831,553,60592211.95379207,847685031.3650944,300M-2B
STEX,2025-01-24,1.0149999856948853,2025-07-04,10.40999984741211,10.256157629682386,161,116465416.7166327,118212396.30133103,50-300M
STGW,2020-03-20,1.0199999809265137,2021-11-05,10.609999656677246,10.401960642234215,595,244475450.9433962,249364955.29926497,50-300M
STI,2025-05-16,3.5199999809265137,2026-06-05,35.720001220703125,10.147727674504452,385,8512771.068249257,29964953.997869164,<50M
STI,2025-06-13,3.240000009536743,2026-06-05,35.720001220703125,11.024691702334405,357,8512771.068249257,27581378.342311706,<50M
STI,2025-08-01,3.490000009536743,2026-06-05,35.720001220703125,10.234957341861021,308,8512771.068249257,29709571.10937402,<50M
STIM,2020-03-13,2.0799999237060547,2021-01-22,21.270000457763672,10.225962133626282,315,76197221.875,158490215.68661332,50-300M
STIM,2020-05-15,2.0799999237060547,2021-01-22,21.270000457763672,10.225962133626282,252,76197221.875,158490215.68661332,50-300M
STKS,2020-03-20,1.2283999919891357,2021-11-12,16.1299991607666,13.130901388763,602,31689023.78048781,38926796.558094755,<50M
STKS,2020-04-03,1.059999942779541,2021-11-12,16.1299991607666,15.216981161782309,588,31689023.78048781,33590363.394056596,<50M
STKS,2020-05-08,1.5399999618530273,2021-11-12,16.1299991607666,10.474025688518815,553,31689023.78048781,48801095.413110904,<50M
STKS,2020-07-03,1.5299999713897705,2021-11-12,16.1299991607666,10.542483308751287,497,31689023.78048781,48484205.47751611,<50M
STX,2024-06-21,103.08000183105469,2026-06-19,1070.22998046875,10.382518058379818,728,228718551.00015157,23576308655.8918,10-50B
STX,2024-07-19,102.62999725341797,2026-06-19,1070.22998046875,10.428042571472517,700,228718551.00015157,23473384260.951294,10-50B
STX,2024-10-25,103.01000213623047,2026-06-19,1070.22998046875,10.389573422718442,602,228718551.00015157,23560298427.12115,10-50B
STX,2025-01-31,96.36000061035156,2026-06-19,1070.22998046875,11.106579220525447,504,228718551.00015157,22039319713.97333,10-50B
SUPX,2024-04-19,4.039999961853027,2025-10-03,75.0,18.56435661093416,532,43216534.979423866,174594799.66829243,50-300M
SWVL,2023-03-10,1.5,2024-04-05,17.190000534057617,11.460000356038412,392,29999772.062663183,44999658.093994774,<50M
SYRE,2023-04-14,3.75,2024-03-15,45.369998931884766,12.098666381835937,336,88173762.0052172,330651607.5195645,300M-2B
TBCH,2017-05-19,3.200000047683716,2018-08-03,32.33000183105469,10.103125421656289,441,17909710.96319499,57311075.93622553,50-300M
TBCH,2017-07-28,3.0208001136779785,2018-08-03,32.33000183105469,10.70246312712537,371,17909710.96319499,54101656.91355916,50-300M
TBCH,2017-10-06,3.200000047683716,2018-08-03,32.33000183105469,10.103125421656289,301,17909710.96319499,57311075.93622553,50-300M
TE,2024-09-06,1.0499999523162842,2026-05-29,10.5600004196167,10.057143713503507,630,294476525.0,309200337.20826507,300M-2B
TE,2024-10-04,1.0,2026-05-29,10.5600004196167,10.5600004196167,602,294476525.0,294476525.0,50-300M
TE,2025-04-04,1.0299999713897705,2026-05-29,10.5600004196167,10.252427876641761,420,294476525.0,303310812.32495904,300M-2B
TE,2025-04-18,1.0499999523162842,2026-05-29,10.5600004196167,10.057143713503507,406,294476525.0,309200337.20826507,300M-2B
TE,2025-05-23,1.0499999523162842,2026-05-29,10.5600004196167,10.057143713503507,371,294476525.0,309200337.20826507,300M-2B
TECK,2016-01-15,2.8844499588012695,2018-01-12,28.87420082092285,10.01029701791828,728,489542830.0,1412061795.824957,300M-2B
TGLS,2020-03-20,2.5136001110076904,2021-11-12,31.836299896240234,12.665618431834494,602,44364616.00454029,111514903.71382603,50-300M
TGLS,2020-04-03,2.7155399322509766,2021-11-12,31.836299896240234,11.723745807652461,588,44364616.00454029,120473886.33930992,50-300M
TGLS,2020-04-17,3.1713099479675293,2021-11-12,31.836299896240234,10.038848431274873,574,44364616.00454029,140693948.07295808,50-300M
TGTX,2018-12-21,3.4700000286102295,2020-12-18,53.9900016784668,15.559078165221326,728,153069053.0,531149618.28934073,300M-2B
TGTX,2019-10-04,5.289999961853027,2021-02-05,54.29999923706055,10.264650213350828,490,153069053.0,809735284.530879,300M-2B
TH,2020-09-04,1.3899999856948853,2022-08-19,14.170000076293945,10.194244764117832,714,99623423.01886792,138476556.5711019,50-300M
TH,2020-12-25,1.6100000143051147,2022-12-16,16.40999984741211,10.192546398513393,721,99623423.01886792,160393712.48550186,50-300M
TH,2021-02-26,1.6699999570846558,2023-01-13,18.0,10.778443390754855,686,99623423.01886792,166371112.16613594,50-300M
TIL,2023-09-22,8.319999694824219,2024-09-13,84.5199966430664,10.158653815293452,357,6781975.95024188,56426037.83631763,50-300M
TIL,2023-10-06,7.599999904632568,2024-09-13,84.5199966430664,11.121052329427974,343,6781975.95024188,51543016.575058654,50-300M
TJGC,2026-03-20,1.7652000188827515,2026-09-25,23.280000686645508,13.188307521875128,189,10100022.981099656,17828560.756953336,<50M
TNDM,2017-07-14,5.699999809265137,2019-03-15,73.1500015258789,12.833334030463705,609,69578707.02075702,396598616.7472298,300M-2B
TNDM,2017-09-08,5.632999897003174,2019-03-15,73.1500015258789,12.985976009833697,553,69578707.02075702,391936849.4815383,300M-2B
TNDM,2017-10-13,2.990000009536743,2019-03-15,73.1500015258789,24.46488337543933,518,69578707.02075702,208040334.65561774,50-300M
TNGX,2024-11-08,2.950000047683716,2026-06-26,31.469999313354492,10.66779620497435,595,168610366.99386504,497400590.6718707,300M-2B
TNGX,2024-12-13,3.059999942779541,2026-06-26,31.469999313354492,10.284313693407727,560,168610366.99386504,515947713.35326445,300M-2B
TNGX,2025-01-10,2.924999952316284,2026-06-26,31.469999313354492,10.758974299617902,532,168610366.99386504,493185315.4170864,300M-2B
TOMZ,2019-02-15,2.880000114440918,2020-07-31,44.040000915527344,15.291666376921878,532,9792566.32264321,28202592.129882723,<50M
TOON,2019-11-22,2.640000104904175,2020-06-05,59.400001525878906,22.499999683914776,196,62204104.464747466,164218842.31240356,50-300M
TOP,2022-07-29,49.95000076293945,2023-04-28,541.0499877929688,10.831831422000745,273,125705513.0,6278990470.255695,2-10B
TOP,2022-08-19,51.20000076293945,2023-04-28,541.0499877929688,10.567382416615152,252,125705513.0,6436122361.505695,2-10B
TOP,2022-10-14,27.450000762939453,2023-04-28,541.0499877929688,19.710381521134465,196,125705513.0,3450616427.7556953,2-10B
TPST,2023-09-08,5.328700065612793,2023-10-20,60.58000183105469,11.368626697905182,42,16539766.811279826,88135456.4924871,50-300M
TPST,2023-09-22,5.031000137329102,2023-10-20,60.58000183105469,12.041343704517546,28,16539766.811279826,83211569.09894012,50-300M
TRAW,2019-11-22,57.86249923706055,2021-02-19,613.125,10.596241228503617,455,15368276.409849085,889246882.0398283,300M-2B
TRGP,2020-03-27,6.638169765472412,2022-03-25,74.51629638671875,11.225427944658135,728,214431020.999258,1423429520.3766544,300M-2B
TRGP,2020-04-17,7.531000137329102,2022-04-15,77.4614028930664,10.285672750039065,728,214431020.999258,1614880048.5930316,300M-2B
TRON,2024-03-15,1.0700000524520874,2025-06-20,11.039999961853027,10.317756467911368,462,474382063.9455782,507588833.3040982,300M-2B
TRON,2024-06-07,1.100000023841858,2025-06-20,11.039999961853027,10.036363384152253,378,474382063.9455782,521820281.6502858,300M-2B
TRON,2024-06-21,1.0099999904632568,2025-06-20,11.039999961853027,10.930693134748752,364,474382063.9455782,479125880.0609741,300M-2B
TRON,2024-07-05,1.059999942779541,2025-06-20,11.039999961853027,10.415094865858054,350,474382063.9455782,502844960.63795346,300M-2B
TRON,2024-08-02,1.0049999952316284,2025-06-20,11.039999961853027,10.9850746410288,322,474382063.9455782,476753972.00327617,300M-2B
TROO,2019-07-26,1.1699999570846558,2021-07-16,12.404999732971191,10.602564263234092,721,122160166.12021858,142927389.11811015,50-300M
TROO,2020-07-03,1.0700000524520874,2021-07-16,12.404999732971191,11.593457126046884,378,122160166.12021858,130711384.15618959,50-300M
TROO,2020-12-04,1.190000057220459,2021-07-16,12.404999732971191,10.424369022255473,224,122160166.12021858,145370604.6731209,50-300M
TRVI,2023-11-24,1.149999976158142,2025-10-31,11.65999984741211,10.13913051230245,707,142475841.00968188,163847213.7642454,50-300M
TRVI,2023-12-29,1.340000033378601,2025-12-05,13.470000267028809,10.052238754850105,707,142475841.00968188,190917631.708618,50-300M
TSLA,2018-12-21,21.31800079345703,2020-12-18,231.66700744628906,10.86720137084303,728,3949547393.9992633,84196454479.07245,>50B
TSLA,2020-03-13,36.439998626708984,2021-11-05,407.3630065917969,11.179007188359687,602,3949547393.9992633,143921501613.4552,>50B
TTMI,2024-05-24,18.799999237060547,2026-05-22,189.9199981689453,10.102127972141346,728,105348863.99618503,1980558562.753474,300M-2B
TTMI,2025-03-28,20.860000610351562,2026-06-19,216.44000244140625,10.375838739621134,448,105348863.99618503,2197577367.2602634,2-10B
TVGN,2024-10-04,13.949999809265137,2024-10-25,152.5,10.931899791046195,21,6511539.948783611,90835981.0435537,50-300M
TWI,2020-04-03,1.2999999523162842,2022-03-25,15.75,12.11538505977429,721,64542351.93370166,83905054.43619299,50-300M
TXG,2025-04-04,7.46999979019165,2026-09-18,76.5999984741211,10.254350820022692,532,130291167.99788415,973274997.6080197,300M-2B
TXG,2025-04-18,7.510000228881836,2026-09-18,76.5999984741211,10.199733174379153,518,130291167.99788415,978486701.4853917,300M-2B
UAVS,2018-12-28,567.0,2020-12-25,6580.0,11.604938271604938,728,62905706.00203459,35667535303.15361,10-50B
UI,2024-04-19,106.6500015258789,2026-04-17,1084.5,10.168776225819773,728,60528380.99930241,6455351925.934582,2-10B
UMAC,2024-03-22,1.6710000038146973,2026-03-13,20.399999618530273,12.208258271669338,721,49956504.98016747,83477320.01242879,50-300M
UONE,2018-06-22,22.5,2020-06-19,363.0,16.133333333333333,728,4614964.03712297,103836690.83526683,50-300M
UONEK,2020-05-15,6.331999778747559,2021-10-01,71.9000015258789,11.35502274766352,504,4614964.030612245,29221951.220764678,<50M
UPWK,2020-04-03,5.400000095367432,2021-10-15,59.209999084472656,10.964814451627124,560,124903365.03667484,674478183.1097573,300M-2B
URGN,2025-05-23,4.190000057220459,2026-08-14,48.220001220703125,11.508353356131233,448,48880563.99231324,204809565.9247608,50-300M
UUU,2019-09-06,1.0099999904632568,2021-02-12,10.5600004196167,10.4554460587402,525,3028462.9702970297,3058747.5711183264,<50M
VANI,2020-04-03,2.5199999809265137,2021-03-12,45.599998474121094,18.09523762669062,343,90203356.09756096,227312455.64536113,50-300M
VANI,2020-05-01,3.390000104904175,2021-03-12,45.599998474121094,13.451326567262766,315,90203356.09756096,305789386.63344026,300M-2B
VERI,2019-08-23,4.409999847412109,2021-02-12,47.0,10.657596740639502,539,100457068.21705426,443015655.5086772,300M-2B
VERU,2019-02-15,13.300000190734863,2021-02-12,207.8000030517578,15.62406015576728,728,17050319.918699186,226769258.17078963,50-300M
VERU,2019-08-09,19.600000381469727,2021-02-12,207.8000030517578,10.602040765683684,553,17050319.918699186,334186276.91068494,300M-2B
VERU,2019-10-11,20.700000762939453,2021-02-12,207.8000030517578,10.038647120428882,490,17050319.918699186,352941635.3254349,300M-2B
VERU,2019-10-25,20.0,2021-02-12,207.8000030517578,10.390000152587891,476,17050319.918699186,341006398.37398374,300M-2B
VET,2020-03-20,2.080620050430298,2022-03-11,22.286699295043945,10.711566146079761,721,153200000.0,318750991.72592163,300M-2B
VET,2020-09-11,2.8889100551605225,2022-08-26,29.107500076293945,10.075599281569389,714,153200000.0,442581020.45059204,300M-2B
VET,2020-09-25,2.362689971923828,2022-08-26,29.107500076293945,12.319644313127155,700,153200000.0,361964103.69873047,300M-2B
VET,2020-10-30,2.452039957046509,2022-08-26,29.107500076293945,11.870728285910168,665,153200000.0,375652521.41952515,300M-2B
VICR,2024-06-21,32.88999938964844,2026-05-29,334.8399963378906,10.1806020842699,707,46106731.99957621,1516450387.3247457,300M-2B
VIP,2019-08-23,40.250999450683594,2021-08-20,418.3299865722656,10.393033521684664,728,18429901.72413793,741821964.1744283,300M-2B
VIP,2021-05-21,119.66000366210938,2021-08-27,1250.199951171875,10.447935090342588,98,18429901.72413793,2205322107.8026605,2-10B
VISN,2023-11-03,1.6299999952316284,2025-10-31,17.299999237060547,10.613496495502847,728,230626411.9379845,375921050.3592023,300M-2B
VISN,2023-12-01,1.8899999856948853,2025-11-28,19.739999771118164,10.444444402395312,728,230626411.9379845,435883915.2636534,300M-2B
VISN,2024-02-23,1.899999976158142,2025-11-28,19.739999771118164,10.389473694117116,644,230626411.9379845,438190177.1836084,300M-2B
VIVO,2018-10-12,12.899999618530273,2020-10-09,162.8000030517578,12.62015564852443,728,31993554.922279797,412716846.2928367,300M-2B
VIVO,2019-07-19,13.399999618530273,2020-10-09,162.8000030517578,12.14925430495004,448,31993554.922279797,428713623.75397664,300M-2B
VKTX,2016-06-24,1.2400000095367432,2018-06-15,12.739999771118164,10.274193284786953,721,116652936.99879952,144649642.9910005,50-300M
VKTX,2016-07-08,1.2300000190734863,2018-06-15,12.739999771118164,10.357723230536806,707,116652936.99879952,143483114.7335016,50-300M
VKTX,2016-08-19,1.2599999904632568,2018-06-15,12.739999771118164,10.11111100598828,665,116652936.99879952,146982699.50599828,50-300M
VKTX,2016-09-16,1.2799999713897705,2018-08-31,13.069999694824219,10.21093748981366,714,116652936.99879952,149315756.0209961,50-300M
VKTX,2022-02-18,3.4000000953674316,2024-02-16,36.20000076293945,10.647058749281413,728,116652936.99879952,396619996.9208093,300M-2B
VKTX,2023-01-06,8.4399995803833,2024-03-01,85.22000122070312,10.097157044743938,420,116652936.99879952,984550739.3203475,300M-2B
VOR,2025-05-09,3.0260000228881836,2025-07-11,50.0,16.52346319293058,63,59162294.01135777,179025103.03248605,50-300M
VRME,2017-08-11,1.75,2018-01-05,19.5,11.142857142857142,147,13165195.652173914,23039092.39130435,<50M
VRT,2022-06-10,10.082300186157227,2024-05-24,106.16999816894531,10.53033496411011,714,384988173.0002412,3881566328.3086624,2-10B
VRT,2022-09-23,9.942399978637695,2024-05-24,106.16999816894531,10.678508046051542,609,384988173.0002412,3827706403.013364,2-10B
VRT,2022-10-14,10.212200164794922,2024-10-11,111.83999633789062,10.951606366220943,728,384988173.0002412,3931576283.757159,2-10B
VRT,2022-11-25,13.729499816894531,2024-11-22,140.14999389648438,10.207946084388734,728,384988173.0002412,5285695050.713372,2-10B
VRT,2022-12-09,13.640000343322754,2024-11-22,140.14999389648438,10.274925980122324,714,384988173.0002412,5251238811.89849,2-10B
VRT,2023-01-27,14.380000114440918,2025-01-24,146.32000732421875,10.175243821957894,728,384988173.0002412,5536129971.801868,2-10B
VRT,2023-03-10,14.239999771118164,2025-01-24,146.32000732421875,10.27528157837388,686,384988173.0002412,5482231495.406635,2-10B
VSAT,2024-11-15,7.400000095367432,2026-07-03,83.05999755859375,11.22432384975119,595,137755810.00271443,1019393007.1575046,300M-2B
VTGN,2019-11-15,8.880000114440918,2021-07-02,101.69999694824219,11.45270221143969,595,44376910.96634094,394066974.45964193,300M-2B
VUZI,2019-04-05,2.75,2021-03-19,28.809999465942383,10.476363442160867,714,84414230.1754386,232139132.98245615,50-300M
VUZI,2019-07-12,2.880000114440918,2021-04-09,29.270000457763672,10.16319419954111,637,84414230.1754386,243112992.56570515,50-300M
W,2020-03-20,27.239999771118164,2021-03-26,343.67999267578125,12.616739925239495,371,136968070.0,3731010195.4504967,2-10B
WATT,2020-04-03,374.4599914550781,2021-02-19,4338.0,11.584682206351024,322,5527071.032357473,2069666971.5481892,2-10B
WDC,2024-06-21,57.25360107421875,2026-06-19,746.22998046875,13.033764976658853,728,360540943.99924,20642267378.654728,10-50B
WGS,2023-04-14,9.536999702453613,2025-03-21,104.38999938964844,10.945790358239364,707,29822540.997652583,284417564.62102336,50-300M
WKHS,2018-07-06,4800.0,2020-07-03,62730.0,13.06875,728,10928585.09933775,52457208476.8212,>50B
WKHS,2019-09-06,10170.0,2021-02-05,121830.0,11.979351032448378,518,10928585.09933775,111143710460.26491,>50B
WKSP,2017-06-02,35.29999923706055,2019-03-29,400.0,11.331445004113498,665,15298332.20796759,540031115.2695547,300M-2B
WKSP,2017-08-11,38.599998474121094,2019-03-29,400.0,10.362694710161069,595,15298332.20796759,590515599.8841466,300M-2B
WKSP,2017-09-29,30.600000381469727,2019-03-29,400.0,13.071895261878028,546,15298332.20796759,468128971.39965886,300M-2B
WKSP,2018-10-05,39.0,2019-03-29,400.0,10.256410256410257,175,15298332.20796759,596634956.110736,300M-2B
WKSP,2019-10-25,12.600000381469727,2021-06-11,131.3000030517578,10.420634847349293,595,15298332.20796759,192758991.65624225,50-300M
WKSP,2019-12-20,11.800000190734863,2021-06-11,131.3000030517578,11.127118722832911,539,15298332.20796759,180520322.97194287,50-300M
WKSP,2020-01-10,12.600000381469727,2021-06-11,131.3000030517578,10.420634847349293,518,15298332.20796759,192758991.65624225,50-300M
WPRT,2020-03-20,8.0,2021-02-12,119.30000305175781,14.912500381469727,329,18995733.83838384,151965870.7070707,50-300M
WPRT,2020-06-26,11.699999809265137,2021-02-12,119.30000305175781,10.196581623641146,231,18995733.83838384,222250082.28594223,50-300M
WULF,2020-03-13,3.4700000286102295,2021-11-19,42.310001373291016,12.193083868715876,616,498968677.0030581,1731421323.47622,300M-2B
WULF,2020-11-06,4.179800033569336,2021-11-19,42.310001373291016,10.12249414648682,378,498968677.0030581,2085589292.8874292,2-10B
WULF,2023-10-06,1.1799999475479126,2025-10-03,11.920000076293945,10.101695428939793,728,498968677.0030581,588783012.6916599,300M-2B
WULF,2024-01-19,1.3799999952316284,2025-11-28,15.510000228881836,11.239130639474048,679,498968677.0030581,688576771.8849521,300M-2B
WULF,2024-05-10,2.2300000190734863,2026-05-08,23.389999389648438,10.488788874255905,728,498968677.0030581,1112700159.2338917,300M-2B
WULF,2025-03-28,2.7200000286102295,2026-06-19,28.979999542236328,10.654411484342342,448,498968677.0030581,1357194815.7239263,300M-2B
XCUR,2023-11-24,2.500499963760376,2024-11-29,29.489999771118164,11.79364135113589,371,6545995.161290322,16368260.663582047,<50M
XCUR,2023-12-29,2.9014999866485596,2024-11-29,29.489999771118164,10.163708394560851,336,6545995.161290322,18993204.873085406,<50M
XCUR,2024-01-26,2.631999969482422,2024-11-29,29.489999771118164,11.20440733778478,308,6545995.161290322,17229059.06474821,<50M
XCUR,2024-04-05,2.799499988555908,2024-11-29,29.489999771118164,10.534023894149135,238,6545995.161290322,18325513.37911929,<50M
XCUR,2024-08-09,2.6505000591278076,2024-11-29,29.489999771118164,11.126202268722965,112,6545995.161290322,17350160.562050343,<50M
XCUR,2024-10-04,2.700000047683716,2024-11-29,29.489999771118164,10.92222194455779,56,6545995.161290322,17674187.247621242,<50M
XCUR,2024-11-08,2.75,2024-11-29,29.489999771118164,10.723636280406605,21,6545995.161290322,18001486.693548385,<50M
XHLD,2026-01-02,1.25,2026-09-11,12.529999732971191,10.023999786376953,252,11979942.96357616,14974928.7044702,<50M
XHLD,2026-03-27,1.0700000524520874,2026-09-11,12.529999732971191,11.710279550226716,168,11979942.96357616,12818539.599399507,<50M
XHLD,2026-05-01,1.2200000286102295,2026-09-11,12.529999732971191,10.270491343549244,133,11979942.96357616,14615530.758311832,<50M
XHLD,2026-07-31,1.0,2026-09-11,12.529999732971191,12.529999732971191,42,11979942.96357616,11979942.96357616,<50M
XMAX,2016-06-24,10.5,2016-10-21,107.5,10.238095238095237,119,64523425.94718713,677495972.4454648,300M-2B
XPEL,2019-07-19,6.010000228881836,2021-06-11,90.20999908447266,15.009982637098215,693,27570748.00089847,165700201.7958432,50-300M
XPEL,2019-10-11,9.899999618530273,2021-07-23,101.4000015258789,10.242424791217564,651,27570748.00089847,272950394.69148916,50-300M
XPEL,2020-03-13,9.210000038146973,2021-07-23,101.4000015258789,11.00977210704554,497,27570748.00089847,253926590.14001548,50-300M
XPEL,2020-04-03,9.300000190734863,2021-07-23,101.4000015258789,10.903225746908992,476,27570748.00089847,256407961.66705862,50-300M
XTIA,2019-11-29,3526875.0,2020-01-03,38390752.0,10.885203473329788,35,38477789.25404277,135706352975352.08,>50B
XWEL,2020-03-13,13.140000343322754,2020-06-05,142.1999969482422,10.821917293213984,84,8589266.48199446,112862964.52229781,50-300M
YDKG,2024-08-09,27.239999771118164,2025-09-05,545.0,20.00734231201605,392,5542261.673707044,150971206.72325686,50-300M
YDKG,2025-03-21,51.02000045776367,2025-09-05,545.0,10.682085360841423,168,5542261.673707044,282766193.1295794,50-300M
YYAI,2025-01-24,17920.0,2025-08-22,196000.0,10.9375,210,4581917.604011384,82107963463.884,>50B
ZDGE,2019-06-21,1.5299999713897705,2021-06-18,17.190000534057617,11.235294676798677,728,15685077.88778878,23998168.719563156,<50M
ZDGE,2019-07-12,1.559999942779541,2021-06-25,18.100000381469727,11.602564772675517,714,15685077.88778878,24468720.607443143,<50M
ZDGE,2019-10-11,1.600000023841858,2021-06-25,18.100000381469727,11.312500069849191,623,15685077.88778878,25096124.994423445,<50M
ZDGE,2019-11-15,1.6399999856948853,2021-06-25,18.100000381469727,11.036585694725215,588,15685077.88778878,25723527.51159676,<50M
ZDGE,2019-11-29,1.7351000308990479,2021-06-25,18.100000381469727,10.431675441842481,574,15685077.88778878,27215179.127756283,<50M
ZEPP,2023-09-08,4.800000190734863,2025-09-05,49.97999954223633,10.412499490877012,728,14664980.896226414,70391911.09900992,50-300M
ZEPP,2024-02-02,4.760000228881836,2025-10-17,51.439998626708984,10.806721880934168,623,14664980.896226414,69805312.42258549,50-300M
ZEPP,2024-02-23,4.71999979019165,2025-10-17,51.439998626708984,10.89830527823399,602,14664980.896226414,69218706.75335324,50-300M
ZJYL,2023-03-31,7.449999809265137,2024-02-02,262.0199890136719,35.17046922441698,308,78432484.87804879,584321997.3816543,300M-2B
ZKIN,2020-02-28,7.28000020980835,2021-03-19,78.4000015258789,10.769230668462141,385,57312308.23529412,417233615.977542,300M-2B
ZKIN,2020-05-01,7.840000152587891,2021-03-19,78.4000015258789,10.0,322,57312308.23529412,449328505.3098701,300M-2B
ZKIN,2020-05-29,7.559999942779541,2021-03-19,78.4000015258789,10.37037065069792,294,57312308.23529412,433281046.9793869,300M-2B
ZKIN,2020-09-04,7.489999771118164,2021-03-19,78.4000015258789,10.467290243211151,196,57312308.23529412,429269175.5646066,300M-2B
