symbol,name,market_cap,last_price,shares,sector,industry,ipo_year,asof,source,currency
A,Agilent Technologies Inc. Common Stock,46608478143.0,165.32,281928853.99830633,Industrials,Biotechnology: Laboratory Analytical Instruments,1999,2026-09-24,nasdaq_screener,
AA,Alcoa Corporation Common Stock ,11617293769.0,44.02,263909445.00227168,Industrials,Aluminum,2016,2026-09-24,nasdaq_screener,
AAC,Ares Acquisition Corporation III Class A Ordinary Shares,711690941.0,10.08,70604260.01984127,Industrials,Metal Fabrications,2026,2026-09-24,nasdaq_screener,
AACI,Armada Acquisition Corp. III Class A Ordinary Share,0.0,10.04,,Finance,Blank Checks,2026,2026-09-24,nasdaq_screener,
AACO,Abony Acquisition Corp. I Class A Ordinary Share,0.0,10.0,,,,2026,2026-09-24,nasdaq_screener,
AACP,Apogee Acquisition Corp Class A Ordinary Shares,0.0,10.1,,Finance,Blank Checks,2026,2026-09-24,nasdaq_screener,
AADX,Applied Aerospace & Defense Inc. Common Stock,2187673743.0,12.69,172393517.9669031,Industrials,Military/Government/Technical,2026,2026-09-24,nasdaq_screener,
AAL,American Airlines Group Inc. Common Stock,8837298846.0,13.35,661969951.011236,Consumer Discretionary,Air Freight/Delivery Services,,2026-09-24,nasdaq_screener,
AAME,Atlantic American Corporation Common Stock,28352147.0,1.39,20397228.05755396,Finance,Life Insurance,,2026-09-24,nasdaq_screener,
AAMI,Acadian Asset Management Inc. Common Stock,3247701613.0,91.51,35490127.996940225,Finance,Investment Managers,2014,2026-09-24,nasdaq_screener,
AAOI,Applied Optoelectronics Inc. Common Stock,8580629566.0,101.06,84906288.99663566,Technology,Semiconductors,2013,2026-09-24,nasdaq_screener,
AAON,AAON Inc. Common Stock,6790881708.0,82.36,82453638.99951433,Industrials,Industrial Machinery/Components,,2026-09-24,nasdaq_screener,
AAP,Advance Auto Parts Inc.,2482440000.0,41.1,60400000.0,Consumer Discretionary,Auto & Home Supply Stores,,2026-09-24,nasdaq_screener,
AAPG,Ascentage Pharma Group International American Depository Shares,1454089938.0,15.58,93330548.01026958,Health Care,Biotechnology: Pharmaceutical Preparations,2025,2026-09-24,nasdaq_screener,
AAPL,Apple Inc. Common Stock,4918530543600.0,337.02,14594180000.0,Technology,Computer Manufacturing,1980,2026-09-24,nasdaq_screener,
AARD,Aardvark Therapeutics Inc. Common Stock,121679744.0,5.56,21884846.043165468,Health Care,Biotechnology: Pharmaceutical Preparations,2025,2026-09-24,nasdaq_screener,
AAT,American Assets Trust Inc. Common Stock,1319576537.0,21.49,61404212.98278269,Real Estate,Real Estate Investment Trusts,2011,2026-09-24,nasdaq_screener,
AAUC,Allied Gold Corporation Common Shares,3118605845.0,22.38,139347892.98480788,,,2025,2026-09-24,nasdaq_screener,
ABAT,American Battery Technology Company Common Stock,329354621.0,2.31,142577758.008658,Industrials,Mining & Quarrying of Nonmetallic Minerals (No Fuels),,2026-09-24,nasdaq_screener,
ABBV,AbbVie Inc. Common Stock,468427449908.0,265.08,1767117285.0007546,Health Care,Biotechnology: Pharmaceutical Preparations,2012,2026-09-24,nasdaq_screener,
ABCB,Ameris Bancorp Common Stock,5477963920.0,81.63,67107239.00526767,Finance,Major Banks,1994,2026-09-24,nasdaq_screener,
ABCL,AbCellera Biologics Inc. Common Shares,3987277062.0,12.31,323905529.00081235,Health Care,Biotechnology: Pharmaceutical Preparations,2020,2026-09-24,nasdaq_screener,
ABEO,Abeona Therapeutics Inc. Common Stock,316227614.0,5.53,57184016.99819168,Health Care,Biotechnology: Pharmaceutical Preparations,,2026-09-24,nasdaq_screener,
ABG,Asbury Automotive Group Inc Common Stock,3258631974.0,181.52,17951917.000881445,Consumer Discretionary,Retail-Auto Dealers and Gas Stations,2002,2026-09-24,nasdaq_screener,
ABLV,Able View Global Inc. Class B Ordinary Shares,53558679.0,0.9699,55220825.85833591,Consumer Discretionary,Other Consumer Services,,2026-09-24,nasdaq_screener,
ABM,ABM Industries Incorporated Common Stock,2912559076.0,49.69,58614591.99034011,Consumer Discretionary,Diversified Commercial Services,,2026-09-24,nasdaq_screener,
ABNB,Airbnb Inc. Class A Common Stock,89566362314.0,149.58,598785682.0029415,Consumer Discretionary,Diversified Commercial Services,2020,2026-09-24,nasdaq_screener,
ABOS,Acumen Pharmaceuticals Inc. Common Stock,166691342.0,2.305,72317285.03253795,Health Care,Biotechnology: Biological Products (No Diagnostic Substances),2021,2026-09-24,nasdaq_screener,
ABR,Arbor Realty Trust Common Stock,781678200.0,4.19,186558042.95942718,Real Estate,Real Estate Investment Trusts,2004,2026-09-24,nasdaq_screener,
ABSI,Absci Corporation Common Stock,1672378527.0,9.745,171614009.9538225,Health Care,Biotechnology: Commercial Physical & Biological Resarch,2021,2026-09-24,nasdaq_screener,
ABT,Abbott Laboratories Common Stock,179077367303.0,103.49,1730383295.9996135,Health Care,Biotechnology: Pharmaceutical Preparations,,2026-09-24,nasdaq_screener,
ABTC,American Bitcoin Corp. Class A Common Stock,721643356.0,9.91,72819713.0171544,Finance,Finance: Consumer Services,2018,2026-09-24,nasdaq_screener,
ABTS,Abits Group Inc Ordinary Shares,4082345.0,1.27,3214444.8818897638,Finance,Finance: Consumer Services,,2026-09-24,nasdaq_screener,
ABUS,Arbutus Biopharma Corporation Common Stock,959562000.0,4.85,197847835.0515464,Health Care,Biotechnology: Pharmaceutical Preparations,,2026-09-24,nasdaq_screener,
ABVC,ABVC BioPharma Inc. Common Stock,30385976.0,1.14,26654364.912280705,Health Care,Biotechnology: Pharmaceutical Preparations,,2026-09-24,nasdaq_screener,
ABX,Abacus Global Management Inc. Class A Common Stock,764735387.0,7.82,97792248.97698209,Finance,Investment Managers,,2026-09-24,nasdaq_screener,
ACA,Arcosa Inc. Common Stock ,7194147519.0,146.5,49106809.00341297,Industrials,Metal Fabrications,2018,2026-09-24,nasdaq_screener,
ACAA,Averin Capital Acquisition Corp. Class A Ordinary Shares,0.0,9.9801,,Finance,Blank Checks,2026,2026-09-24,nasdaq_screener,
ACAD,ACADIA Pharmaceuticals Inc. Common Stock,4381729323.0,25.43,172305518.01022413,Health Care,Biotechnology: Pharmaceutical Preparations,1985,2026-09-24,nasdaq_screener,
ACB,Aurora Cannabis Inc. Common Shares,261458219.0,4.22,61956923.933649294,Health Care, Medicinal Chemicals and Botanical Products ,,2026-09-24,nasdaq_screener,
ACCL,Acco Group Holdings Limited Class A Ordinary Shares,36557000.0,2.63,13900000.0,Consumer Discretionary,Professional Services,2025,2026-09-24,nasdaq_screener,
ACCO,Acco Brands Corporation Common Stock,392307164.0,4.25,92307568.0,Consumer Discretionary,Publishing,,2026-09-24,nasdaq_screener,
ACCS,ACCESS Newswire Inc. Common Stock,18562424.0,4.85,3827303.9175257734,Consumer Discretionary,Professional Services,,2026-09-24,nasdaq_screener,
ACDC,ProFrac Holding Corp. Class A Common Stock,845049616.0,4.64,182122762.06896552,Energy,Oilfield Services/Equipment,2022,2026-09-24,nasdaq_screener,
ACEL,Accel Entertainment Inc. ,899623703.0,11.08,81193475.0,Consumer Discretionary,Services-Misc. Amusement & Recreation,2017,2026-09-24,nasdaq_screener,
ACET,Adicet Bio Inc. Common Stock,79479050.0,8.49,9361489.988221437,Health Care,Biotechnology: Pharmaceutical Preparations,2018,2026-09-24,nasdaq_screener,
ACFN,Acorn Energy Inc. Common Stock,52036929.0,20.735,2509617.988907644,Consumer Discretionary,Military/Government/Technical,,2026-09-24,nasdaq_screener,
ACGC,ACP Holdings Acquisition Corp. Class A Ordinary Shares,0.0,10.06,,Finance,Blank Checks,2026,2026-09-24,nasdaq_screener,
ACGL,Arch Capital Group Ltd. Common Stock,32471363630.0,95.16,341229125.9983186,Finance,Property-Casualty Insurers,,2026-09-24,nasdaq_screener,
ACH,Accendra Health Inc. Common Stock,57686218.0,0.7501,76904703.37288362,Health Care,Medical Specialities,,2026-09-24,nasdaq_screener,
ACHC,Acadia Healthcare Company Inc. Common Stock,2654288840.0,28.51,93100274.99123114,Health Care,Medical Specialities,,2026-09-24,nasdaq_screener,
ACHR,Archer Aviation Inc. Class A Common Stock,4444007767.0,5.71,778285073.0297723,Industrials,Aerospace,2020,2026-09-24,nasdaq_screener,
ACHV,Achieve Life Sciences Inc. Common Shares,805726497.0,7.83,102902490.03831418,Health Care,Biotechnology: In Vitro & In Vivo Diagnostic Substances,,2026-09-24,nasdaq_screener,
ACI,Albertsons Companies Inc. Class A Common Stock,5678310491.0,11.7,485325682.991453,Consumer Staples,Food Chains,2020,2026-09-24,nasdaq_screener,
ACIC,American Coastal Insurance Corporation Common Stock,430646353.0,9.11,47271827.99121845,Finance,Property-Casualty Insurers,,2026-09-24,nasdaq_screener,
ACIU,AC Immune SA Common Stock,288019212.0,2.83,101773573.14487632,Health Care,Biotechnology: Pharmaceutical Preparations,2016,2026-09-24,nasdaq_screener,
ACIW,ACI Worldwide Inc. Common Stock,4969016962.0,49.22,100955240.99959366,Technology,Computer Software: Prepackaged Software,,2026-09-24,nasdaq_screener,
ACLS,Axcelis Technologies Inc. Common Stock,3657294742.0,118.43,30881488.99772017,Technology,Industrial Machinery/Components,2000,2026-09-24,nasdaq_screener,
ACM,AECOM Common Stock,7908395316.0,61.45,128696424.99593164,Consumer Discretionary,Military/Government/Technical,2007,2026-09-24,nasdaq_screener,
ACMR,ACM Research Inc. Class A Common Stock,5618600641.0,80.67,69649195.99603322,Technology,Industrial Machinery/Components,2017,2026-09-24,nasdaq_screener,
ACN,Accenture plc Class A Ordinary Shares (Ireland),122501473739.0,183.52,667510209.9989102,Consumer Discretionary,Business Services,2001,2026-09-24,nasdaq_screener,
ACNB,ACNB Corporation Common Stock,639383499.0,62.87,10169929.998409417,Finance,Major Banks,,2026-09-24,nasdaq_screener,
ACNT,Ascent Industries Co. Common Stock,132438959.0,14.7,9009452.993197279,Industrials,Major Chemicals,,2026-09-24,nasdaq_screener,
ACOG,Alpha Cognition Inc. Common Stock,191176633.0,8.78,21774103.986332577,,,,2026-09-24,nasdaq_screener,
ACON,Aclarion Inc. Common Stock,8474171.0,2.94,2882371.088435374,Health Care,Medical Specialities,2022,2026-09-24,nasdaq_screener,
ACR,ACRES Commercial Realty Corp. Common Stock,88769344.0,11.87,7478462.005054761,Real Estate,Real Estate Investment Trusts,,2026-09-24,nasdaq_screener,
ACRE,Ares Commercial Real Estate Corporation Common Stock,234130297.0,4.22,55481113.03317536,Real Estate,Real Estate Investment Trusts,2012,2026-09-24,nasdaq_screener,
ACRS,Aclaris Therapeutics Inc. Common Stock,774266177.0,5.26,147198892.96577948,Health Care,Biotechnology: Pharmaceutical Preparations,2015,2026-09-24,nasdaq_screener,
ACRV,Acrivon Therapeutics Inc. Common Stock,88277926.0,2.06,42853362.13592233,Health Care,Biotechnology: Pharmaceutical Preparations,2022,2026-09-24,nasdaq_screener,
ACT,Enact Holdings Inc. Common Stock,6564845290.0,47.75,137483670.9947644,Finance,Specialty Insurers,2021,2026-09-24,nasdaq_screener,
ACTG,Acacia Research Corporation (Acacia Tech) Common Stock,421574998.0,4.32,97586805.09259258,Miscellaneous,Multi-Sector Companies,,2026-09-24,nasdaq_screener,
ACTU,Actuate Therapeutics Inc. Common stock,17568790.0,0.7316,24014201.74958994,Health Care,Biotechnology: Pharmaceutical Preparations,2024,2026-09-24,nasdaq_screener,
ACVA,ACV Auctions Inc. Class A Common Stock,1771097231.0,10.43,169807979.9616491,Consumer Discretionary,Business Services,2025,2026-09-24,nasdaq_screener,
ACXP,Acurx Pharmaceuticals Inc. Common Stock,7616385.0,1.37,5559405.109489051,Health Care,Biotechnology: Pharmaceutical Preparations,2021,2026-09-24,nasdaq_screener,
AD,Array Digital Infrastructure Inc. Common Shares,3022310000.0,34.94,86500000.0,Telecommunications,Telecommunications Equipment,1988,2026-09-24,nasdaq_screener,
ADAC,American Drive Acquisition Company Class A Ordinary Shares,0.0,10.12,,,,2026,2026-09-24,nasdaq_screener,
ADAG,Adagene Inc. American Depositary Shares,196173234.0,2.97,66051593.93939394,Health Care,Biotechnology: Pharmaceutical Preparations,2021,2026-09-24,nasdaq_screener,
ADAM,Adamas Trust Inc. Common Stock,757686596.0,8.43,89879786.00237249,Real Estate,Real Estate Investment Trusts,,2026-09-24,nasdaq_screener,
ADBE,Adobe Inc. Common Stock,93676548000.0,240.69,389200000.0,Technology,Computer Software: Prepackaged Software,1986,2026-09-24,nasdaq_screener,
ADBT,Advasa Holdings Inc. Common Stock,58447884.0,0.12,487065700.0,Technology,Computer Software: Prepackaged Software,,2026-09-24,nasdaq_screener,
ADC,Agree Realty Corporation Common Stock,8348339287.0,67.12,124379309.99702026,Real Estate,Real Estate Investment Trusts,,2026-09-24,nasdaq_screener,
ADCT,ADC Therapeutics SA Common Shares,167244680.0,1.31,127667694.65648854,Health Care,Biotechnology: Pharmaceutical Preparations,2020,2026-09-24,nasdaq_screener,
ADEA,Adeia Inc. Common Stock,2762517758.0,25.05,110280150.01996008,Telecommunications,Cable & Other Pay Television Services,2003,2026-09-24,nasdaq_screener,
ADGM,Adagio Medical Holdings Inc Common Stock,5063985.0,0.228,22210460.52631579,Health Care,Medical/Dental Instruments,,2026-09-24,nasdaq_screener,
ADI,Analog Devices Inc. Common Stock,186669154082.0,385.23,484565465.00012976,Technology,Semiconductors,,2026-09-24,nasdaq_screener,
ADIG,ADI Global Distribution Inc. Common Stock,1570091735.0,20.68,75923198.01740812,Industrials,Wholesale Distributors,2026,2026-09-24,nasdaq_screener,
ADIL,Adial Pharmaceuticals Inc Common Stock,10608596.0,4.04,2625890.099009901,Health Care,Biotechnology: Pharmaceutical Preparations,2018,2026-09-24,nasdaq_screener,
ADM,Archer-Daniels-Midland Company Common Stock,39592979743.0,82.15,481959582.99452215,Consumer Staples,Packaged Foods,,2026-09-24,nasdaq_screener,
ADMA,ADMA Biologics Inc Common Stock,2172651396.0,9.7,223984680.00000003,Health Care,Biotechnology: Biological Products (No Diagnostic Substances),,2026-09-24,nasdaq_screener,
ADNT,Adient plc Ordinary Shares ,1378493144.0,17.88,77096931.99105147,Consumer Discretionary,Auto Parts:O.E.M.,2016,2026-09-24,nasdaq_screener,
ADP,Automatic Data Processing Inc. Common Stock,104750238492.0,263.68,397262736.99939317,Technology,EDP Services,,2026-09-24,nasdaq_screener,
ADPT,Adaptive Biotechnologies Corporation Common Stock,4451128033.0,27.89,159595841.98637503,Health Care,Biotechnology: Biological Products (No Diagnostic Substances),2019,2026-09-24,nasdaq_screener,
ADSE,ADS-TEC ENERGY PLC Ordinary Shares,824924435.0,10.98,75129729.96357012,Consumer Discretionary,Industrial Specialties,,2026-09-24,nasdaq_screener,
ADSK,Autodesk Inc. Common Stock,45384350000.0,217.15,209000000.0,Technology,Computer Software: Prepackaged Software,,2026-09-24,nasdaq_screener,
ADT,ADT Inc. Common Stock,4631745632.0,6.34,730559247.9495268,Consumer Discretionary,Diversified Commercial Services,2018,2026-09-24,nasdaq_screener,
ADTN,ADTRAN Holdings Inc. Common Stock,579332804.0,7.11,81481407.0323488,Utilities,Telecommunications Equipment,1994,2026-09-24,nasdaq_screener,
ADUR,Aduro Clean Technologies Inc. Common Stock,452736205.0,12.68,35704748.02839117,Industrials,Major Chemicals,,2026-09-24,nasdaq_screener,
ADUS,Addus HomeCare Corporation Common Stock,2146237299.0,114.93,18674300.0,Health Care,Medical/Nursing Services,2009,2026-09-24,nasdaq_screener,
ADV,Advantage Solutions Inc. Class A Common Stock,430057594.0,33.54,12822229.99403697,Consumer Discretionary,Business Services,2019,2026-09-24,nasdaq_screener,
ADVB,Advanced Biomed Inc. Common Stock,10441481.0,6.32,1652133.069620253,Health Care,Medical Specialities,2025,2026-09-24,nasdaq_screener,
AEAQ,Activate Energy Acquisition Corp. Class A Ordinary Share,0.0,10.08,,,,2026,2026-09-24,nasdaq_screener,
AEBI,Aebi Schmidt Holding AG Common Stock ,900152854.0,11.6,77599383.96551724,Industrials,Auto Manufacturing,,2026-09-24,nasdaq_screener,
AEC,Anfield Energy Inc. Common Shares,73216412.0,3.67,19949976.021798365,Basic Materials,Metal Mining,,2026-09-24,nasdaq_screener,
AEE,Ameren Corporation Common Stock,27612345855.0,99.74,276843251.0026068,Utilities,Power Generation,,2026-09-24,nasdaq_screener,
AEG,Aegon Ltd. New York Registry Shares,16703316963.0,8.75,1908950510.057143,Finance,Life Insurance,,2026-09-24,nasdaq_screener,
AEHL,Antelope Enterprise Holdings Limited Class A Ordinary Shares,155985941.0,8.225,18964856.04863222,Consumer Discretionary,Telecommunications Equipment,,2026-09-24,nasdaq_screener,
AEHR,Aehr Test Systems Common Stock,3180386589.0,97.38,32659545.99507086,Industrials,Electrical Products,1997,2026-09-24,nasdaq_screener,
AEI,Alset Inc. Common Stock (TX),30089814.0,0.7736,38895829.88624612,Finance,Real Estate,2020,2026-09-24,nasdaq_screener,
AEIS,Advanced Energy Industries Inc. Common Stock,11191295008.0,279.43,40050441.999785274,Technology,Industrial Machinery/Components,1995,2026-09-24,nasdaq_screener,
AEM,Agnico Eagle Mines Limited Common Stock,99263704379.0,195.57,507560998.00071585,Basic Materials,Precious Metals,,2026-09-24,nasdaq_screener,
AEMD,Aethlon Medical Inc. Common Stock,10923887.0,6.81,1604095.007342144,Health Care,Medical/Dental Instruments,,2026-09-24,nasdaq_screener,
AENT,Alliance Entertainment Holding Corporation Class A Common Stock,253878557.0,4.98,50979629.91967871,Consumer Discretionary,Durable Goods,,2026-09-24,nasdaq_screener,
AEO,American Eagle Outfitters Inc. Common Stock,2667767461.0,15.92,167573332.97738692,Consumer Discretionary,Clothing/Shoe/Accessory Stores,,2026-09-24,nasdaq_screener,
AEON,AEON Biopharma Inc. Class A Common Stock,13164068.0,0.2639,49882788.935202725,Health Care,Biotechnology: Pharmaceutical Preparations,,2026-09-24,nasdaq_screener,
AEP,American Electric Power Company Inc. Common Stock,64456646477.0,118.4,544397352.0016892,Utilities,Electric Utilities: Central,,2026-09-24,nasdaq_screener,
AER,AerCap Holdings N.V. Ordinary Shares,22355296209.0,144.76,154430064.99723682,Consumer Discretionary,Diversified Commercial Services,2006,2026-09-24,nasdaq_screener,
AERT,Aeries Technology Inc. Class A Ordinary Share,36839921.0,7.02,5247851.994301994,Consumer Discretionary,Professional Services,2021,2026-09-24,nasdaq_screener,
AES,The AES Corporation Common Stock,10566026110.0,14.81,713438629.9797434,Industrials,Electric Utilities: Central,,2026-09-24,nasdaq_screener,
AESI,Atlas Energy Solutions Inc. Common Stock,1440039756.0,11.52,125003451.04166667,Industrials,Mining & Quarrying of Nonmetallic Minerals (No Fuels),2023,2026-09-24,nasdaq_screener,
AESP,Aeon Acquisition I Corp. Class A Ordinary Shares,0.0,9.97,,Finance,Blank Checks,2026,2026-09-24,nasdaq_screener,
AEVA,Aeva Technologies Inc. Common Stock,1060921637.0,15.22,69705758.01576872,Consumer Discretionary,Auto Parts:O.E.M.,,2026-09-24,nasdaq_screener,
AEXA,American Exceptionalism Acquisition Corp. A Class A Ordinary Shares,0.0,11.2,,,,2025,2026-09-24,nasdaq_screener,
AEYE,AudioEye Inc. Common Stock,89747472.0,7.14,12569673.949579833,Technology,Computer Software: Prepackaged Software,,2026-09-24,nasdaq_screener,
AFCG,Advanced Flower Capital Inc. Common Stock,79351717.0,3.5,22671919.14285714,Finance,Real Estate,2021,2026-09-24,nasdaq_screener,
AFG,American Financial Group Inc. Common Stock,11579153512.0,139.64,82921465.9982813,Finance,Property-Casualty Insurers,,2026-09-24,nasdaq_screener,
AFJK,Aimei Health Technology Co. Ltd Ordinary Share,0.0,12.14,,,,2024,2026-09-24,nasdaq_screener,
AFL,AFLAC Incorporated Common Stock,57769788229.0,115.23,501343298.003992,Finance,Accident &Health Insurance,,2026-09-24,nasdaq_screener,
AFRI,Forafric Global PLC Ordinary Shares,297680518.0,11.04,26963815.036231887,Consumer Staples,Packaged Foods,,2026-09-24,nasdaq_screener,
AFRM,Affirm Holdings Inc. Class A Common Stock,22975013321.0,68.09,337421255.99941254,Finance,Finance: Consumer Services,2021,2026-09-24,nasdaq_screener,
AFYA,Afya Limited Class A Common Shares,1272756045.0,13.58,93722831.00147276,Real Estate,Other Consumer Services,2019,2026-09-24,nasdaq_screener,
AG,First Majestic Silver Corp. Ordinary Shares (Canada),9389866596.0,19.05,492906382.992126,Basic Materials,Precious Metals,,2026-09-24,nasdaq_screener,
AGBK,AGI Inc Class A Common Shares,933587470.0,5.83,160135072.04116637,Finance,Commercial Banks,2026,2026-09-24,nasdaq_screener,
AGCC,Agencia Comercial Spirits Ltd Class A Ordinary Shares,529841165.0,14.21,37286500.0,Consumer Staples,Beverages (Production/Distribution),2025,2026-09-24,nasdaq_screener,
AGCO,AGCO Corporation Common Stock,8521460785.0,121.68,70031729.00230111,Industrials,Industrial Machinery/Components,,2026-09-24,nasdaq_screener,
AGEN,Agenus Inc. Common Stock,379360094.0,8.4,45161915.95238095,Health Care,Biotechnology: Biological Products (No Diagnostic Substances),2000,2026-09-24,nasdaq_screener,
AGI,Alamos Gold Inc. Class A Common Shares,14484607025.0,34.49,419965410.98869234,Basic Materials,Precious Metals,2015,2026-09-24,nasdaq_screener,
AGIG,Abundia Global Impact Group Inc. Common stock,56512411.0,1.28,44150321.09375,Energy,Oil & Gas Production,,2026-09-24,nasdaq_screener,
AGIO,Agios Pharmaceuticals Inc. Common Stock,2041207346.0,34.19,59701882.0122843,Health Care,Biotechnology: Pharmaceutical Preparations,2013,2026-09-24,nasdaq_screener,
AGL,agilon health inc. Common Stock,1419864718.0,84.56,16791210.00473037,Health Care,Misc Health and Biotechnology Services,2021,2026-09-24,nasdaq_screener,
AGM,Federal Agricultural Mortgage Corporation Common Stock,2356991616.0,217.17,10853210.001381407,Finance,Finance Companies,,2026-09-24,nasdaq_screener,
AGMB,AgomAb Therapeutics NV American Depositary Shares,530154451.0,10.765,49247975.0116117,Health Care,Biotechnology: Biological Products (No Diagnostic Substances),2026,2026-09-24,nasdaq_screener,
AGMH,AGM Group Holdings Inc. Class A Ordinary Shares,3748367.0,0.7815,4796374.920025592,Technology,EDP Services,2018,2026-09-24,nasdaq_screener,
AGNC,AGNC Investment Corp. Common Stock,11748121140.0,9.91,1185481447.0232089,Real Estate,Real Estate Investment Trusts,2008,2026-09-24,nasdaq_screener,
AGNT,AGNT Inc. Common Stock,591597497.0,3.54,167117937.00564972,Finance,Real Estate,,2026-09-24,nasdaq_screener,
AGO,Assured Guaranty Ltd. Common Stock,3034125560.0,68.99,43979208.00115959,Finance,Property-Casualty Insurers,2004,2026-09-24,nasdaq_screener,
AGPU,Axe Compute Inc. Common Stock,133239970.0,11.495,11591123.96694215,Health Care,Industrial Specialties,,2026-09-24,nasdaq_screener,
AGRO,Adecoagro S.A. Common Shares,1565746856.0,10.85,144308465.99078342,Consumer Staples,Farming/Seeds/Milling,2011,2026-09-24,nasdaq_screener,
AGRZ,Agroz Inc. Class A Ordinary Shares,4952695.0,0.2425,20423484.536082476,Consumer Staples,Farming/Seeds/Milling,2025,2026-09-24,nasdaq_screener,
AGX,Argan Inc. Common Stock,5252772845.0,374.4,14029842.000534188,Consumer Discretionary,Engineering & Construction,,2026-09-24,nasdaq_screener,
AGYS,Agilysys Inc. Common Stock (DE),2853861630.0,101.18,28205788.001581337,Technology,EDP Services,,2026-09-24,nasdaq_screener,
AHCO,AdaptHealth Corp. Common Stock,777161917.0,5.7,136344195.96491227,Health Care,Medical/Nursing Services,2018,2026-09-24,nasdaq_screener,
AHMA,Ambitions Enterprise Management Co. L.L.C Class A Ordinary Shares,39237000.0,1.32,29725000.0,Consumer Discretionary,Services-Misc. Amusement & Recreation,2025,2026-09-24,nasdaq_screener,
AHR,American Healthcare REIT Inc. Common Stock,12055674840.0,51.7,233185200.0,Real Estate,Real Estate Investment Trusts,2024,2026-09-24,nasdaq_screener,
AHRT,AH Realty Trust Inc. Common Stock,443828302.0,5.95,74592991.93277311,Finance,Real Estate,2013,2026-09-24,nasdaq_screener,
AHT,Ashford Hospitality Trust Inc Common Stock,16562724.0,2.56,6469814.0625,Real Estate,Real Estate Investment Trusts,2003,2026-09-24,nasdaq_screener,
AI,C3.ai Inc. Class A Common Stock,1746069236.0,10.86,160779855.98526704,Technology,Computer Software: Prepackaged Software,2020,2026-09-24,nasdaq_screener,
AIAI,AIAI Holdings Corporation Class A Common Stock,231665400.0,3.27,70845688.07339449,Technology,EDP Services,,2026-09-24,nasdaq_screener,
AIB,AIB Data Centers Inc. Common Stock,110930020.0,1.46,75979465.75342466,Finance,Investment Bankers/Brokers/Service,2026,2026-09-24,nasdaq_screener,
AIBZ,Bitzero Holdings Inc. Common Shares,284921763.0,4.58,62209991.92139738,Consumer Discretionary,Services-Misc. Amusement & Recreation,,2026-09-24,nasdaq_screener,
AIDX,20/20 Biolabs Inc. Common Stock,5447811.0,0.4266,12770302.390998594,Health Care,Precision Instruments,,2026-09-24,nasdaq_screener,
AIFA,All In FutureTech Alliance Inc. Common Stock,22663715.0,3.53,6420315.864022663,Consumer Discretionary,Services-Misc. Amusement & Recreation,2017,2026-09-24,nasdaq_screener,
AIFC,AI Financial Corporation Common Stock,76979999.0,0.5505,139836510.44504997,Finance,Investment Bankers/Brokers/Service,,2026-09-24,nasdaq_screener,
AIFF,Firefly Neuroscience Inc. Common Stock,18043863.0,1.15,15690315.652173914,Technology,Computer Software: Prepackaged Software,,2026-09-24,nasdaq_screener,
AIFU,AIFU Inc. Class A Ordinary Share,62806930.0,10.17,6175705.998033431,Finance,Specialty Insurers,2007,2026-09-24,nasdaq_screener,
AIG,American International Group Inc. New Common Stock,39520265713.0,75.58,522893168.9997354,Finance,Property-Casualty Insurers,,2026-09-24,nasdaq_screener,
AII,American Integrity Insurance Group Inc. Common Stock,489247872.0,24.97,19593426.99239087,Finance,Property-Casualty Insurers,2025,2026-09-24,nasdaq_screener,
AIIA,AI Infrastructure Acquisition Corp. Class A Ordinary Shares,0.0,10.28,,Finance,Blank Checks,2025,2026-09-24,nasdaq_screener,
AIIO,Robo.ai Inc. Class B Ordinary Shares,178553364.0,1.5,119035576.0,Industrials,Auto Manufacturing,,2026-09-24,nasdaq_screener,
AIIR,Air Global PLC Ordinary Shares,1201295649.0,7.49,160386602.00267023,Consumer Discretionary,Tobacco,,2026-09-24,nasdaq_screener,
AIM,AIM ImmunoTech Inc. Common Stock,7456676.0,0.21,35507980.952380955,Health Care,Biotechnology: Biological Products (No Diagnostic Substances),,2026-09-24,nasdaq_screener,
AIMD,Ainos Inc. Common Stock,11918982.0,1.395,8544073.11827957,Technology,Computer peripheral equipment,,2026-09-24,nasdaq_screener,
AIN,Albany International Corporation Common Stock,1725868000.0,60.77,28400000.0,Consumer Discretionary,Textiles,,2026-09-24,nasdaq_screener,
AIOS,AIOS Tech Inc. Class A Common Shares,42890166.0,13.2,3249255.0,Industrials,Metal Fabrications,2016,2026-09-24,nasdaq_screener,
AIOT,PowerFleet Inc. Common Stock,389255162.0,2.9,134225917.93103448,Telecommunications,Telecommunications Equipment,,2026-09-24,nasdaq_screener,
AIP,Arteris Inc. Common Stock,1188989347.0,24.19,49152101.984291025,Technology,Semiconductors,2021,2026-09-24,nasdaq_screener,
AIR,AAR Corp. Common Stock,4809321026.0,119.46,40258839.9966516,Industrials,Aerospace,,2026-09-24,nasdaq_screener,
AIRE,reAlpha Tech Corp. Common Stock,8289141.0,1.38,6006623.9130434785,Finance,Real Estate,,2026-09-24,nasdaq_screener,
AIRG,Airgain Inc. Common Stock,68645226.0,5.24,13100233.969465649,Technology,Radio And Television Broadcasting And Communications Equipment,2016,2026-09-24,nasdaq_screener,
AIRI,Air Industries Group Common Stock,12757231.0,2.63,4850658.174904943,Industrials,Military/Government/Technical,,2026-09-24,nasdaq_screener,
AIRJ,AirJoule Technologies Corporation Class A Common Stock,311356558.0,4.14,75206898.06763285,Industrials,Industrial Machinery/Components,2022,2026-09-24,nasdaq_screener,
AIRO,AIRO Group Holdings Inc. Common Stock,225940366.0,7.16,31555917.039106146,Industrials,Aerospace,2025,2026-09-24,nasdaq_screener,
AIRS,AirSculpt Technologies Inc. Common Stock,155725651.0,2.16,72095208.7962963,Health Care,Medical/Nursing Services,2021,2026-09-24,nasdaq_screener,
AIRT,Air T Inc. Common Stock,78789756.0,29.38,2681747.991831178,Consumer Discretionary,Air Freight/Delivery Services,,2026-09-24,nasdaq_screener,
AISP,Airship AI Holdings Inc. Class A Common Stock,66812750.0,1.94,34439561.8556701,Technology,Computer Software: Prepackaged Software,2021,2026-09-24,nasdaq_screener,
AIT,Applied Industrial Technologies Inc. Common Stock,12249651966.0,333.47,36733895.00104956,Consumer Discretionary,Industrial Specialties,,2026-09-24,nasdaq_screener,
AIV,Apartment Investment and Management Company Common Stock,319521176.0,2.2,145236898.18181816,Real Estate,Real Estate Investment Trusts,1994,2026-09-24,nasdaq_screener,
AIXC,AIxCrypto Holdings Inc. Common Stock,35040747.0,1.66,21108883.73493976,Finance,Finance: Consumer Services,2015,2026-09-24,nasdaq_screener,
AIZ,Assurant Inc. Common Stock,13167966076.0,266.97,49323767.000037454,Finance,Property-Casualty Insurers,2004,2026-09-24,nasdaq_screener,
AJG,Arthur J. Gallagher & Co. Common Stock,58856732000.0,229.64,256300000.00000003,Finance,Specialty Insurers,,2026-09-24,nasdaq_screener,
AKA,a.k.a. Brands Holding Corp. Common Stock,119692633.0,10.89,10991059.044995409,Consumer Discretionary,Catalog/Specialty Distribution,2021,2026-09-24,nasdaq_screener,
AKAM,Akamai Technologies Inc. Common Stock,17021795170.0,118.44,143716609.00033772,Consumer Discretionary,Business Services,1999,2026-09-24,nasdaq_screener,
AKAN,Akanda Corp. Common Shares,1682016.0,3.11,540841.1575562701,Health Care, Medicinal Chemicals and Botanical Products ,2022,2026-09-24,nasdaq_screener,
AKBA,Akebia Therapeutics Inc. Common Stock,258429284.0,0.9326,277106244.9067124,Health Care,Biotechnology: Pharmaceutical Preparations,2014,2026-09-24,nasdaq_screener,
AKR,Acadia Realty Trust Common Stock,2624428317.0,19.11,137332721.97802198,Real Estate,Real Estate Investment Trusts,,2026-09-24,nasdaq_screener,
AKTS,Aktis Oncology Inc. Common stock,1096816520.0,19.72,55619498.98580122,Health Care,Biotechnology: Pharmaceutical Preparations,2026,2026-09-24,nasdaq_screener,
ALAB,Astera Labs Inc. Common Stock,62534440588.0,360.46,173485104.00044388,Technology,Semiconductors,2024,2026-09-24,nasdaq_screener,
ALB,Albemarle Corporation Common Stock,13390033818.0,113.47,118005057.00185071,Industrials,Major Chemicals,,2026-09-24,nasdaq_screener,
ALC,Alcon Inc. Ordinary Shares,32675383000.0,65.39,499700000.0,Health Care,Ophthalmic Goods,2019,2026-09-24,nasdaq_screener,
ALCO,Alico Inc. Common Stock,292439675.0,39.42,7418561.009639776,Consumer Staples,Farming/Seeds/Milling,,2026-09-24,nasdaq_screener,
ALDF,Aldel Financial II Inc. Class A Ordinary Shares,0.0,10.82,,,,2024,2026-09-24,nasdaq_screener,
ALDX,Aldeyra Therapeutics Inc. Common Stock,81440668.0,1.35,60326420.74074074,Health Care,Biotechnology: Pharmaceutical Preparations,2014,2026-09-24,nasdaq_screener,
ALEC,Alector Inc. Common Stock,225546976.0,2.02,111656918.81188118,Health Care,Biotechnology: Biological Products (No Diagnostic Substances),2019,2026-09-24,nasdaq_screener,
ALF,Centurion Acquisition Corp. Class A Ordinary Shares,0.0,10.92,,,,2024,2026-09-24,nasdaq_screener,
ALG,Alamo Group Inc. Common Stock,2003827678.0,164.64,12170965.002429545,Industrials,Industrial Machinery/Components,,2026-09-24,nasdaq_screener,
ALGM,Allegro MicroSystems Inc. Common Stock,6544575835.0,35.11,186402045.99829108,Technology,Semiconductors,2020,2026-09-24,nasdaq_screener,
ALGN,Align Technology Inc. Common Stock,10525974871.0,148.17,71039852.00107984,Health Care,Industrial Specialties,2001,2026-09-24,nasdaq_screener,
ALGS,Aligos Therapeutics Inc. Common Stock,34719742.0,5.56,6244557.913669066,Health Care,Biotechnology: Biological Products (No Diagnostic Substances),2020,2026-09-24,nasdaq_screener,
ALGT,Allegiant Travel Company Common Stock,2112114951.0,77.26,27337754.996117007,Consumer Discretionary,Air Freight/Delivery Services,2006,2026-09-24,nasdaq_screener,
ALH,Alliance Laundry Holdings Inc. Common Stock,4188486253.0,21.07,198789096.01328903,Industrials,Industrial Machinery/Components,2025,2026-09-24,nasdaq_screener,
ALHC,Alignment Healthcare Inc. Common Stock,1630440271.0,7.86,207435148.98218828,Health Care,Medical Specialities,2021,2026-09-24,nasdaq_screener,
ALIS,Calisa Acquisition Corp Ordinary shares,0.0,10.34,,,,2025,2026-09-24,nasdaq_screener,
ALIT,Alight Inc. Class A Common Stock,337816226.0,12.54,26939092.982456144,Consumer Discretionary,Business Services,2021,2026-09-24,nasdaq_screener,
ALK,Alaska Air Group Inc. Common Stock,4430643864.0,39.7,111603119.99999999,Consumer Discretionary,Air Freight/Delivery Services,,2026-09-24,nasdaq_screener,
ALKS,Alkermes plc Ordinary Shares,7067866649.0,42.13,167763271.99145502,Health Care,Biotechnology: Pharmaceutical Preparations,1991,2026-09-24,nasdaq_screener,
ALKT,Alkami Technology Inc. Common Stock,1561352908.0,14.6,106941980.0,Technology,Computer Software: Prepackaged Software,2021,2026-09-24,nasdaq_screener,
ALL,Allstate Corporation (The) Common Stock,57059924997.0,225.66,252857950.0,Finance,Property-Casualty Insurers,,2026-09-24,nasdaq_screener,
ALLE,Allegion plc Ordinary Shares,13103318355.0,154.09,85036786.00168732,Consumer Discretionary,Diversified Commercial Services,2013,2026-09-24,nasdaq_screener,
ALLO,Allogene Therapeutics Inc. Common Stock,576969771.0,1.67,345490880.83832335,Health Care,Biotechnology: Biological Products (No Diagnostic Substances),2018,2026-09-24,nasdaq_screener,
ALLR,Allarity Therapeutics Inc. Common Stock,16547153.0,1.04,15910724.038461538,Health Care,Biotechnology: Pharmaceutical Preparations,,2026-09-24,nasdaq_screener,
ALLT,Allot Ltd. Ordinary Shares,414378649.0,8.47,48923099.05548996,Telecommunications,Computer Communications Equipment,2006,2026-09-24,nasdaq_screener,
ALLY,Ally Financial Inc. Common Stock,11736024156.0,38.58,304199693.0015552,Finance,Major Banks,2014,2026-09-24,nasdaq_screener,
ALM,Almonty Industries Inc. Common Shares,3929107815.0,13.62,288480750.0,Basic Materials,Other Metals and Minerals,,2026-09-24,nasdaq_screener,
ALMR,Alamar Biosciences Inc. Common Stock,2230283499.0,32.14,69392765.99253267,Industrials,Biotechnology: Laboratory Analytical Instruments,2026,2026-09-24,nasdaq_screener,
ALMS,Alumis Inc. Common Stock,962998178.0,7.44,129435238.97849461,Health Care,Biotechnology: Pharmaceutical Preparations,2024,2026-09-24,nasdaq_screener,
ALMU,Aeluma Inc. Common Stock,253921544.0,13.18,19265671.016691957,Technology,Semiconductors,,2026-09-24,nasdaq_screener,
ALNT,Allient Inc. Common Stock,1931485250.0,113.6,17002511.003521126,Industrials,Electrical Products,,2026-09-24,nasdaq_screener,
ALNY,Alnylam Pharmaceuticals Inc. Common Stock,32985285678.0,246.51,133809117.99926981,Health Care,Biotechnology: Pharmaceutical Preparations,2004,2026-09-24,nasdaq_screener,
ALOV,Aldabra 4 Liquidity Opportunity Vehicle Inc. Class A Ordinary Shares,0.0,10.04,,,,2026,2026-09-24,nasdaq_screener,
ALOY,REalloys Inc. Common Stock,601862132.0,8.67,69418931.02652825,Basic Materials,Metal Mining,,2026-09-24,nasdaq_screener,
ALP,Alpha Compute Corp Ordinary Shares,7036310.0,4.54,1549848.0176211454,Finance,Finance: Consumer Services,,2026-09-24,nasdaq_screener,
ALPS,ALPS Group Inc Ordinary Share,66560126.0,0.4,166400315.0,Health Care,Medical/Nursing Services,,2026-09-24,nasdaq_screener,
ALPX,Alpex Acquisition Corporation Class A Ordinary Shares,0.0,9.95,,Finance,Blank Checks,2026,2026-09-24,nasdaq_screener,
ALRM,Alarm.com Holdings Inc. Common Stock,2618963664.0,53.35,49090228.00374883,Technology,Computer Software: Prepackaged Software,2015,2026-09-24,nasdaq_screener,
ALRS,Alerus Financial Corporation Common Stock,791947501.0,31.77,24927525.999370474,Finance,Major Banks,2019,2026-09-24,nasdaq_screener,
ALSN,Allison Transmission Holdings Inc. Common Stock,9462617374.0,114.59,82578037.99633476,Consumer Discretionary,Auto Parts:O.E.M.,2012,2026-09-24,nasdaq_screener,
ALT,Altimmune Inc. Common Stock,620511466.0,3.19,194517700.94043887,Health Care,Biotechnology: Pharmaceutical Preparations,,2026-09-24,nasdaq_screener,
ALTG,Alta Equipment Group Inc. Class A Common Stock,196327901.0,6.01,32666872.04658902,Industrials,Industrial Machinery/Components,2019,2026-09-24,nasdaq_screener,
ALTI,AlTi Global Inc. Class A Common Stock,474068033.0,3.04,155943431.90789473,Finance,Investment Managers,2021,2026-09-24,nasdaq_screener,
ALTO,Alto Ingredients Inc. Common Stock,289327014.0,3.73,77567564.07506703,Industrials,Major Chemicals,,2026-09-24,nasdaq_screener,
ALUB,Alussa Energy Acquisition Corp. II Class A Ordinary Shares,0.0,10.12,,,,2026,2026-09-24,nasdaq_screener,
ALV,Autoliv Inc. Common Stock,8451574842.0,115.4,73237217.0017331,Consumer Discretionary,Auto Parts:O.E.M.,,2026-09-24,nasdaq_screener,
ALVO,Alvotech Ordinary Shares,2268406899.0,5.81,390431480.0344234,Health Care,Biotechnology: Biological Products (No Diagnostic Substances),,2026-09-24,nasdaq_screener,
ALX,Alexander's Inc. Common Stock,1265943972.0,247.87,5107289.998789688,Real Estate,Real Estate Investment Trusts,,2026-09-24,nasdaq_screener,
ALXO,ALX Oncology Holdings Inc. Common Stock,203267186.0,1.47,138276997.27891156,Health Care,Biotechnology: Pharmaceutical Preparations,2020,2026-09-24,nasdaq_screener,
ALZN,Alzamend Neuro Inc. Common Stock,9361903.0,1.94,4825723.195876289,Health Care,Biotechnology: Pharmaceutical Preparations,2021,2026-09-24,nasdaq_screener,
AM,Antero Midstream Corporation Common Stock,10148530120.0,21.38,474674000.0,Utilities,Natural Gas Distribution,2017,2026-09-24,nasdaq_screener,
AMAC,AMR Resources Acquisition Corp Class A Ordinary Shares,0.0,9.8,,Finance,Blank Checks,2026,2026-09-24,nasdaq_screener,
AMAL,Amalgamated Financial Corp. Common Stock (DE),1392150844.0,46.56,29900146.993127145,Finance,Major Banks,2018,2026-09-24,nasdaq_screener,
AMAN,Amanat Acquisition Corp Class A Ordinary Shares,0.0,10.68,,Finance,Blank Checks,2026,2026-09-24,nasdaq_screener,
AMAT,Applied Materials Inc. Common Stock,376466755010.0,474.38,793597442.9992833,Technology,Semiconductors,1972,2026-09-24,nasdaq_screener,
AMBA,Ambarella Inc. Ordinary Shares,2984812459.0,67.62,44140970.99970423,Technology,Semiconductors,2012,2026-09-24,nasdaq_screener,
AMBO,Ambow Education Holding Ltd. American Depository Shares (each representing twenty (20) Class A Ordinary Shares),6121375.0,2.1401,2860321.9475725433,Real Estate,Other Consumer Services,,2026-09-24,nasdaq_screener,
AMBP,Ardagh Metal Packaging S.A. Ordinary Shares,2659763158.0,4.45,597699586.0674157,Industrials,Containers/Packaging,,2026-09-24,nasdaq_screener,
AMBQ,Ambiq Micro Inc. Common Stock,1671876974.0,69.13,24184536.00462896,Technology,Semiconductors,2025,2026-09-24,nasdaq_screener,
AMC,AMC Entertainment Holdings Inc. Class A Common Stock,2561775311.0,2.87,892604637.979094,Consumer Discretionary,Movies/Entertainment,2013,2026-09-24,nasdaq_screener,
AMCI,AMC Robotics Corporation Common Stock,74956746.0,3.23,23206422.91021672,Consumer Discretionary,Home Furnishings,2023,2026-09-24,nasdaq_screener,
AMCR,Amcor plc Ordinary Shares,19788395532.0,42.8,462345690.00000006,Consumer Discretionary,Miscellaneous manufacturing industries,2019,2026-09-24,nasdaq_screener,
AMCX,AMC Global Media Inc. Class A Common Stock,494999652.0,12.0,41249971.0,Telecommunications,Cable & Other Pay Television Services,,2026-09-24,nasdaq_screener,
AMD,Advanced Micro Devices Inc. Common Stock,1003335485564.0,614.61,1632475042.0006182,Technology,Semiconductors,,2026-09-24,nasdaq_screener,
AME,AMETEK Inc.,56501433584.0,246.45,229261244.00081155,Industrials,Industrial Machinery/Components,,2026-09-24,nasdaq_screener,
AMG,Affiliated Managers Group Inc. Common Stock,9469131667.0,366.17,25859933.00106508,Finance,Investment Managers,,2026-09-24,nasdaq_screener,
AMGN,Amgen Inc. Common Stock,219545250910.0,406.09,540632004.998892,Health Care,Biotechnology: Biological Products (No Diagnostic Substances),1983,2026-09-24,nasdaq_screener,
AMH,American Homes 4 Rent Common Shares of Beneficial Interest,11109435668.0,30.93,359179944.0025865,Real Estate,Real Estate Investment Trusts,2013,2026-09-24,nasdaq_screener,
AMIX,Autonomix Medical Inc. Common Stock,7800553.0,3.98,1959937.9396984924,Health Care,Medical/Dental Instruments,2024,2026-09-24,nasdaq_screener,
AMKR,Amkor Technology Inc. Common Stock,13247485807.0,53.32,248452471.99924982,Technology,Semiconductors,1998,2026-09-24,nasdaq_screener,
AMLX,Amylyx Pharmaceuticals Inc. Common Stock,3839650751.0,30.605,125458282.992975,Health Care,Biotechnology: Pharmaceutical Preparations,2022,2026-09-24,nasdaq_screener,
AMN,AMN Healthcare Services Inc,1313333995.0,33.91,38729991.00560307,Consumer Discretionary,Professional Services,,2026-09-24,nasdaq_screener,
AMOD,Alpha Modus Holdings Inc. Class A Common Stock,8277198.0,1.66,4986263.855421687,Miscellaneous,Multi-Sector Companies,,2026-09-24,nasdaq_screener,
AMP,Ameriprise Financial Inc. Common Stock,45199354864.0,502.79,89897083.99928398,Finance,Investment Managers,,2026-09-24,nasdaq_screener,
AMPG,Amplitech Group Inc. Common Stock,101548338.0,3.38,30043886.982248522,Telecommunications,Telecommunications Equipment,,2026-09-24,nasdaq_screener,
AMPH,Amphastar Pharmaceuticals Inc. Common Stock,1061747082.0,24.96,42537943.990384616,Health Care,Biotechnology: Pharmaceutical Preparations,2014,2026-09-24,nasdaq_screener,
AMPL,Amplitude Inc. Class A Common Stock,1718220488.0,13.755,124916066.01235914,Technology,Computer Software: Prepackaged Software,,2026-09-24,nasdaq_screener,
AMPX,Amprius Technologies Inc. Common Stock,1421364413.0,9.73,146080617.9856115,Miscellaneous,Industrial Machinery/Components,2022,2026-09-24,nasdaq_screener,
AMPY,Amplify Energy Corp. Common Stock,175360784.0,4.23,41456450.118203305,Energy,Oil & Gas Production,2016,2026-09-24,nasdaq_screener,
AMR,Alpha Metallurgical Resources Inc. Common Stock,2287299718.0,180.4,12679045.0,Energy,Coal Mining,2018,2026-09-24,nasdaq_screener,
AMRC,Ameresco Inc. Class A Common Stock,1206194976.0,22.73,53066210.99868016,Consumer Discretionary,Engineering & Construction,2010,2026-09-24,nasdaq_screener,
AMRX,Amneal Pharmaceuticals Inc. Class A Common Stock,6732562009.0,19.33,348296017.02017593,Health Care,Biotechnology: Pharmaceutical Preparations,,2026-09-24,nasdaq_screener,
AMRZ,Amrize Ltd Ordinary Shares,20728481908.0,37.9,546925644.0105541,Industrials,Building Materials,2025,2026-09-24,nasdaq_screener,
AMS,American Shared Hospital Services Common Stock,9642500.0,1.45,6650000.0,Health Care,Medical Specialities,1988,2026-09-24,nasdaq_screener,
AMSC,American Superconductor Corporation Common Stock,1504128540.0,31.05,48442142.99516908,Consumer Discretionary,Metal Fabrications,1991,2026-09-24,nasdaq_screener,
AMSF,AMERISAFE Inc. Common Stock,451723733.0,24.37,18536057.981124334,Finance,Property-Casualty Insurers,2005,2026-09-24,nasdaq_screener,
AMSS,AMASS Brands Inc. Common Stock,8424128.0,0.7259,11605080.589612894,Consumer Staples,Beverages (Production/Distribution),,2026-09-24,nasdaq_screener,
AMST,Amesite Inc. Common Stock,6811845.0,1.04,6549850.961538461,Technology,Computer Software: Prepackaged Software,2020,2026-09-24,nasdaq_screener,
AMT,American Tower Corporation (REIT) Common Stock,79576656997.0,170.78,465960047.9974236,Real Estate,Real Estate Investment Trusts,,2026-09-24,nasdaq_screener,
AMTB,Amerant Bancorp Inc. Class A Common Stock,1124357026.0,28.69,39189857.999302894,Finance,Major Banks,,2026-09-24,nasdaq_screener,
AMTM,Amentum Holdings Inc. Common Stock,4819221400.0,19.71,244506412.98833078,Consumer Discretionary,Business Services,2024,2026-09-24,nasdaq_screener,
AMTX,Aemetis Inc. (DE) Common Stock,137122229.0,1.9,72169594.21052632,Industrials,Major Chemicals,,2026-09-24,nasdaq_screener,
AMWL,American Well Corporation Class A Common Stock,224685693.0,13.21,17008757.986373957,Consumer Discretionary,Business Services,2020,2026-09-24,nasdaq_screener,
AMZE,Amaze Holdings Inc. Common Stock,2848746.0,0.1368,20824166.666666664,Consumer Discretionary,Catalog/Specialty Distribution,2021,2026-09-24,nasdaq_screener,
AMZN,Amazon.com Inc. Common Stock,2688704384092.0,249.27,10786313571.998234,Consumer Discretionary,Catalog/Specialty Distribution,1997,2026-09-24,nasdaq_screener,
AN,AutoNation Inc. Common Stock,5456686030.0,165.05,33060805.998182368,Consumer Discretionary,Retail-Auto Dealers and Gas Stations,,2026-09-24,nasdaq_screener,
ANAB,AnaptysBio Inc. Common Stock,1503222580.0,50.77,29608480.99271223,Health Care,Biotechnology: Pharmaceutical Preparations,2017,2026-09-24,nasdaq_screener,
ANDE,Andersons Inc. (The) Common Stock,2289613662.0,67.39,33975569.9955483,Industrials,Farming/Seeds/Milling,,2026-09-24,nasdaq_screener,
ANDG,Andersen Group Inc. Class A Common Stock,6095727039.0,53.95,112988452.99351251,Consumer Discretionary,Business Services,2025,2026-09-24,nasdaq_screener,
ANET,Arista Networks Inc. Common Stock,256621379129.0,203.47,1261224648.0021625,Telecommunications,Computer Communications Equipment,,2026-09-24,nasdaq_screener,
ANF,Abercrombie & Fitch Company Common Stock,5611946358.0,132.25,42434376.99810964,Consumer Discretionary,Clothing/Shoe/Accessory Stores,,2026-09-24,nasdaq_screener,
ANGH,Anghami Inc. Ordinary Shares,35302895.0,3.8945,9064808.06265246,Consumer Discretionary,Telecommunications Equipment,,2026-09-24,nasdaq_screener,
ANGI,Angi Inc. Class A Common Stock,204809068.0,5.05,40556251.089108914,Consumer Discretionary,Advertising,,2026-09-24,nasdaq_screener,
ANGO,AngioDynamics Inc. Common Stock,641065353.0,15.51,41332388.97485493,Health Care,Medical/Dental Instruments,2004,2026-09-24,nasdaq_screener,
ANGX,Angel Studios Inc. Class A Common Stock,905768147.0,4.85,186756318.9690722,Consumer Discretionary,Movies/Entertainment,2025,2026-09-24,nasdaq_screener,
ANIK,Anika Therapeutics Inc. Common Stock,272677932.0,20.375,13382965.987730062,Health Care,Medical/Dental Instruments,,2026-09-24,nasdaq_screener,
ANIP,ANI Pharmaceuticals Inc.,1708874692.0,74.43,22959488.002149668,Health Care,Biotechnology: Pharmaceutical Preparations,,2026-09-24,nasdaq_screener,
ANIX,Anixa Biosciences Inc. Common Stock,95600456.0,2.75,34763802.18181818,Health Care,Biotechnology: Pharmaceutical Preparations,,2026-09-24,nasdaq_screener,
ANNA,AleAnna Inc. Class A Common Stock,184069600.0,2.75,66934400.0,Energy,Oil & Gas Production,,2026-09-24,nasdaq_screener,
ANNX,Annexon Inc. Common Stock,733671249.0,3.87,189579134.10852712,Health Care,Biotechnology: Pharmaceutical Preparations,2020,2026-09-24,nasdaq_screener,
ANPA,Rich Sparkle Holdings Limited Ordinary Shares,29750457.0,1.97,15101754.822335025,Consumer Discretionary,Other Consumer Services,2025,2026-09-24,nasdaq_screener,
ANRO,Alto Neuroscience Inc. Common Stock,1079157860.0,27.5,39242104.0,Health Care,Biotechnology: Pharmaceutical Preparations,2024,2026-09-24,nasdaq_screener,
ANTA,Antalpha Platform Holding Company Class A Ordinary Shares,116560000.0,3.1,37600000.0,Finance,Investment Bankers/Brokers/Service,2025,2026-09-24,nasdaq_screener,
ANTX,AN2 Therapeutics Inc. Common Stock,182266025.0,4.83,37736237.060041405,Health Care,Biotechnology: Pharmaceutical Preparations,2022,2026-09-24,nasdaq_screener,
ANVS,Annovis Bio Inc. Common Stock,54202405.0,1.27,42679059.05511811,Health Care,Biotechnology: Pharmaceutical Preparations,2020,2026-09-24,nasdaq_screener,
AOMR,Angel Oak Mortgage REIT Inc. Common Stock,175968768.0,7.58,23214877.04485488,Finance,Real Estate,2021,2026-09-24,nasdaq_screener,
AON,Aon plc Class A Ordinary Shares (Ireland),59734522214.0,281.6,212125433.99857953,Finance,Specialty Insurers,,2026-09-24,nasdaq_screener,
AORT,Artivion Inc. Common Stock,1147233880.0,23.53,48756220.99447513,Health Care,Medical/Dental Instruments,,2026-09-24,nasdaq_screener,
AOS,A.O. Smith Corporation Common Stock,7847361005.0,57.74,135908572.9996536,Consumer Discretionary,Consumer Electronics/Appliances,,2026-09-24,nasdaq_screener,
AOSL,Alpha and Omega Semiconductor Limited Common Shares,838483956.0,27.71,30259254.998195596,Technology,Semiconductors,2010,2026-09-24,nasdaq_screener,
AOUT,American Outdoor Brands Inc. Common Stock ,208376425.0,16.51,12621225.015142336,Consumer Discretionary,Recreational Games/Products/Toys,,2026-09-24,nasdaq_screener,
AP,Ampco-Pittsburgh Corporation Common Stock,173945589.0,8.42,20658621.02137767,Industrials,Fluid Controls,,2026-09-24,nasdaq_screener,
APA,APA Corporation Common Stock,15310360987.0,43.7,350351510.0,Energy,Oil & Gas Production,,2026-09-24,nasdaq_screener,
APAC,StoneBridge Acquisition II Corporation Class A Ordinary Shares,0.0,10.26,,Finance,Blank Checks,2025,2026-09-24,nasdaq_screener,
APAM,Artisan Partners Asset Management Inc. Class A Common Stock,2887808470.0,35.62,81072669.00617631,Finance,Investment Managers,2013,2026-09-24,nasdaq_screener,
APC,ARKO Petroleum Corp. Class A Common Stock,213316684.0,16.97,12570222.981732469,Energy,Oil Refining/Marketing,2026,2026-09-24,nasdaq_screener,
APD,Air Products and Chemicals Inc. Common Stock,63904066544.0,286.97,222685529.99965152,Basic Materials,Major Chemicals,,2026-09-24,nasdaq_screener,
APEI,American Public Education Inc. Common Stock,757317849.0,41.38,18301542.99178347,Real Estate,Other Consumer Services,2007,2026-09-24,nasdaq_screener,
APG,APi Group Corporation Common Stock,16344302433.0,37.82,432160297.01216286,Consumer Discretionary,Diversified Commercial Services,2020,2026-09-24,nasdaq_screener,
APH,Amphenol Corporation Common Stock,202677820662.0,82.19,2465966914.004137,Technology,Electrical Products,,2026-09-24,nasdaq_screener,
API,Agora Inc. American Depositary Shares,362745750.0,4.33,83775000.0,Technology,Computer Software: Prepackaged Software,2020,2026-09-24,nasdaq_screener,
APLD,Applied Digital Corporation Common Stock,7936703920.0,27.23,291469112.0088138,Technology,EDP Services,2022,2026-09-24,nasdaq_screener,
APLE,Apple Hospitality REIT Inc. Common Shares,3737189109.0,15.83,236082697.9785218,Real Estate,Real Estate Investment Trusts,2015,2026-09-24,nasdaq_screener,
APLM,Apollomics Inc. Class A Ordinary Shares,67767640.0,23.4,2896052.9914529915,Health Care,Biotechnology: Pharmaceutical Preparations,,2026-09-24,nasdaq_screener,
APMC,AmperCap Acquisition Company Ordinary Shares,0.0,9.96,,Finance,Blank Checks,2026,2026-09-24,nasdaq_screener,
APMD,Apnimed Inc. Common Stock,936276220.0,22.49,41630779.01289462,Health Care,Biotechnology: Pharmaceutical Preparations,2026,2026-09-24,nasdaq_screener,
APO,Apollo Global Management Inc. (New) Common Stock,73439947253.0,124.36,590543158.9980701,Finance,Investment Managers,,2026-09-24,nasdaq_screener,
APOG,Apogee Enterprises Inc. Common Stock,767535853.0,36.78,20868293.991299618,Consumer Discretionary,Auto Parts:O.E.M.,,2026-09-24,nasdaq_screener,
APP,Applovin Corporation Class A Common Stock,105498727750.0,315.25,334651000.0,Technology,Computer Software: Programming Data Processing,2021,2026-09-24,nasdaq_screener,
APPF,AppFolio Inc. Class A Common Stock,7437922490.0,210.01,35416992.00038093,Technology,Computer Software: Prepackaged Software,2015,2026-09-24,nasdaq_screener,
APPN,Appian Corporation Class A Common Stock,2718983582.0,37.96,71627596.99683878,Technology,Computer Software: Prepackaged Software,2017,2026-09-24,nasdaq_screener,
APPS,Digital Turbine Inc. Common Stock,1396527525.0,11.54,121016250.00000001,Miscellaneous,Multi-Sector Companies,,2026-09-24,nasdaq_screener,
APRE,Aprea Therapeutics Inc. Common stock,9821086.0,0.78,12591135.897435896,Health Care,Biotechnology: Pharmaceutical Preparations,2019,2026-09-24,nasdaq_screener,
APT,Alpha Pro Tech Ltd. Common Stock,52153774.0,5.11,10206218.003913894,Health Care,Industrial Specialties,2000,2026-09-24,nasdaq_screener,
APTV,Aptiv PLC Ordinary Shares,9378797561.0,45.17,207633330.99402258,Consumer Discretionary,Auto Parts:O.E.M.,,2026-09-24,nasdaq_screener,
APUR,Aperture AC Class A Ordinary Shares,0.0,10.03,,Finance,Blank Checks,2026,2026-09-24,nasdaq_screener,
APUS,Apimeds Pharmaceuticals US Inc. Common Stock,3455880.0,2.29,1509117.9039301309,Health Care,Biotechnology: Pharmaceutical Preparations,2025,2026-09-24,nasdaq_screener,
APVO,Aptevo Therapeutics Inc. Common Stock,3405723.0,1.89,1801969.8412698414,Health Care,Biotechnology: Pharmaceutical Preparations,,2026-09-24,nasdaq_screener,
APWC,Asia Pacific Wire & Cable Corporation Ltd. Ordinary Shares (Bermuda),54839164.0,1.33,41232454.13533834,Industrials,Telecommunications Equipment,,2026-09-24,nasdaq_screener,
APXT,Apex Treasury Corporation Class A Ordinary Share,0.0,10.13,,Finance,Blank Checks,2025,2026-09-24,nasdaq_screener,
APYX,Apyx Medical Corporation Common Stock,124265868.0,2.95,42124023.050847456,Health Care,Medical/Dental Instruments,,2026-09-24,nasdaq_screener,
AQB,AquaBounty Technologies Inc. Common Stock,5353092.0,1.04,5147203.846153846,Consumer Staples,Meat/Poultry/Fish,,2026-09-24,nasdaq_screener,
AQMS,Aqua Metals Inc. Common Stock,8926289.0,2.5049,3563531.0790849933,Industrials,Metal Fabrications,2015,2026-09-24,nasdaq_screener,
AQN,Algonquin Power & Utilities Corp. Common Shares,3894923281.0,5.06,769747683.9920949,Utilities,Electric Utilities: Central,2016,2026-09-24,nasdaq_screener,
AQST,Aquestive Therapeutics Inc. Common Stock,589904746.0,4.7,125511648.08510637,Health Care,Biotechnology: Pharmaceutical Preparations,2018,2026-09-24,nasdaq_screener,
AR,Antero Resources Corporation Common Stock,10960200350.0,35.65,307439000.0,Energy,Oil & Gas Production,2013,2026-09-24,nasdaq_screener,
ARAI,Arrive AI Inc. Common Stock,12590356.0,0.2427,51876209.31190771,Consumer Discretionary,Diversified Commercial Services,,2026-09-24,nasdaq_screener,
ARAY,Accuray Incorporated Common Stock,26933564.0,0.2255,119439308.20399113,Health Care,Medical/Dental Instruments,2007,2026-09-24,nasdaq_screener,
ARBB,ARB IOT Group Limited Ordinary Shares,7414075.0,4.2,1765255.9523809522,Technology,EDP Services,2023,2026-09-24,nasdaq_screener,
ARBE,Arbe Robotics Ltd. Ordinary Shares,85602788.0,0.6719,127404060.12799522,Technology,EDP Services,,2026-09-24,nasdaq_screener,
ARCB,ArcBest Corporation Common Stock,2929815482.0,131.08,22351353.99755874,Industrials,Trucking Freight/Courier Services,,2026-09-24,nasdaq_screener,
ARCI,Archimedes Tech SPAC Partners III Co. Ordinary Share,0.0,10.1,,,,2026,2026-09-24,nasdaq_screener,
ARCL,ARC Group Acquisition I Corp Class A Ordinary Shares,0.0,9.99,,Finance,Blank Checks,2026,2026-09-24,nasdaq_screener,
ARCO,Arcos Dorados Holdings Inc. Class A Shares,1561013252.0,7.41,210663056.95006746,Consumer Discretionary,Restaurants,2011,2026-09-24,nasdaq_screener,
ARCT,Arcturus Therapeutics Holdings Inc. Common Stock,378026818.0,13.3,28423069.02255639,Health Care,Biotechnology: Pharmaceutical Preparations,2013,2026-09-24,nasdaq_screener,
ARDT,Ardent Health Inc. Common Stock,1500728450.0,10.64,141045906.9548872,Health Care,Hospital/Nursing Management,2024,2026-09-24,nasdaq_screener,
ARDX,Ardelyx Inc. Common Stock,867172751.0,3.48,249187572.12643677,Health Care,Biotechnology: Pharmaceutical Preparations,2014,2026-09-24,nasdaq_screener,
ARE,Alexandria Real Estate Equities Inc. Common Stock,9036478980.0,51.86,174247569.99614346,Real Estate,Real Estate Investment Trusts,,2026-09-24,nasdaq_screener,
AREC,American Resources Corporation Class A Common Stock,201640848.0,1.885,106971272.14854111,Energy,Coal Mining,,2026-09-24,nasdaq_screener,
ARES,Ares Management Corporation Class A Common Stock,40122077779.0,121.48,330277229.0006585,Finance,Investment Managers,2014,2026-09-24,nasdaq_screener,
ARHS,Arhaus Inc. Class A Common Stock,1278600632.0,9.02,141751733.037694,Consumer Discretionary,Other Specialty Stores,2021,2026-09-24,nasdaq_screener,
ARI,Apollo Commercial Real Estate Finance Inc,802607702.0,6.26,128212092.971246,Real Estate,Real Estate Investment Trusts,2009,2026-09-24,nasdaq_screener,
ARIS,Aris Mining Corporation Common Shares,3898896000.0,18.89,206400000.0,,,2023,2026-09-24,nasdaq_screener,
ARKO,ARKO Corp. Common Stock,474545600.0,4.23,112185721.04018912,Consumer Staples,Food Chains,,2026-09-24,nasdaq_screener,
ARKR,Ark Restaurants Corp. Common Stock,17093184.0,4.74,3606156.9620253164,Consumer Discretionary,Restaurants,,2026-09-24,nasdaq_screener,
ARL,American Realty Investors Inc. Common Stock,231943337.0,14.36,16152042.966573818,Finance,Real Estate,,2026-09-24,nasdaq_screener,
ARLO,Arlo Technologies Inc. Common Stock,1469997733.0,13.66,107613304.02635431,Consumer Discretionary,Diversified Commercial Services,2018,2026-09-24,nasdaq_screener,
ARMK,Aramark Common Stock,14702368704.0,55.77,263625044.00215167,Consumer Discretionary,Restaurants,2013,2026-09-24,nasdaq_screener,
ARMP,Armata Pharmaceuticals Inc. Common Stock,135342404.0,3.64,37181979.12087912,Health Care,Biotechnology: Biological Products (No Diagnostic Substances),,2026-09-24,nasdaq_screener,
AROC,Archrock Inc. Common Stock,5407429625.0,30.84,175338184.98702982,Utilities,Natural Gas Distribution,,2026-09-24,nasdaq_screener,
AROW,Arrow Financial Corporation Common Stock,684822039.0,36.97,18523722.991614822,Finance,Major Banks,,2026-09-24,nasdaq_screener,
ARQ,Arq Inc. Common Stock,89083705.0,2.04,43668482.84313726,Industrials,Major Chemicals,,2026-09-24,nasdaq_screener,
ARQQ,Arqit Quantum Inc. Ordinary Shares,543001786.0,22.54,24090585.00443656,Technology,Computer Software: Prepackaged Software,,2026-09-24,nasdaq_screener,
ARQT,Arcutis Biotherapeutics Inc. Common Stock,3315753931.0,26.38,125691960.99317665,Health Care,Biotechnology: Pharmaceutical Preparations,2020,2026-09-24,nasdaq_screener,
ARR,ARMOUR Residential REIT Inc.,2439622011.0,14.6,167097398.01369864,Real Estate,Real Estate Investment Trusts,,2026-09-24,nasdaq_screener,
ARRY,Array Technologies Inc. Common Stock,594469691.0,3.86,154007691.96891192,Technology,Semiconductors,2020,2026-09-24,nasdaq_screener,
ARTC,Art Technology Acquisition Corp. Class A Ordinary Shares,0.0,9.972,,Finance,Blank Checks,2026,2026-09-24,nasdaq_screener,
ARTL,Artelo Biosciences Inc. Common Stock,4004228.0,7.31,547774.0082079343,Health Care,Biotechnology: Pharmaceutical Preparations,,2026-09-24,nasdaq_screener,
ARTNA,Artesian Resources Corporation Class A Common Stock,348540334.0,33.75,10327121.007407408,Utilities,Water Supply,,2026-09-24,nasdaq_screener,
ARTV,Artiva Biotherapeutics Inc. Common Stock,377431734.0,7.72,48890120.98445596,Health Care,Biotechnology: Biological Products (No Diagnostic Substances),2024,2026-09-24,nasdaq_screener,
ARTW,Art's-Way Manufacturing Co. Inc. Common Stock,16488394.0,3.17,5201386.119873817,Industrials,Industrial Machinery/Components,,2026-09-24,nasdaq_screener,
ARVN,Arvinas Inc. Common Stock,511973876.0,7.83,65386191.06002554,Health Care,Biotechnology: Pharmaceutical Preparations,2018,2026-09-24,nasdaq_screener,
ARW,Arrow Electronics Inc. Common Stock,11546368045.0,226.82,50905423.00061723,Technology,Electronic Components,,2026-09-24,nasdaq_screener,
ARWR,Arrowhead Pharmaceuticals Inc. Common Stock,9458399110.0,66.96,141254466.99522105,Health Care,Biotechnology: Pharmaceutical Preparations,,2026-09-24,nasdaq_screener,
ARX,Accelerant Holdings Class A Common Shares,4282958245.0,19.72,217188551.97768763,Finance,Specialty Insurers,2025,2026-09-24,nasdaq_screener,
ARXS,Arxis Inc. Class A Common Stock,21357988769.0,51.16,417474369.9960907,Industrials,Military/Government/Technical,2026,2026-09-24,nasdaq_screener,
AS,Amer Sports Inc. Ordinary Shares,15001252710.0,26.9,557667386.9888476,Consumer Discretionary,Apparel,2024,2026-09-24,nasdaq_screener,
ASA,ASA  Gold and Precious Metals Limited,1040005276.0,57.09,18216943.002277106,Industrials,Precious Metals,,2026-09-24,nasdaq_screener,
ASAN,Asana Inc. Class A Common Stock,2168347008.0,9.47,228970117.00105596,Technology,Computer Software: Prepackaged Software,2020,2026-09-24,nasdaq_screener,
ASB,Associated Banc-Corp Common Stock,5416208220.0,28.68,188849658.9958159,Finance,Major Banks,,2026-09-24,nasdaq_screener,
ASBH,American Savings Bank N.A. Common Stock,147044630.0,18.25,8057240.0,,,2026,2026-09-24,nasdaq_screener,
ASBP,Aspire-Lakewood Holdings Inc. Common Stock,11683300.0,8.33,1402557.0228091236,Health Care,Biotechnology: Pharmaceutical Preparations,2022,2026-09-24,nasdaq_screener,
ASC,Ardmore Shipping Corporation Common Stock,718534033.0,17.61,40802614.02612152,Consumer Discretionary,Marine Transportation,2013,2026-09-24,nasdaq_screener,
ASH,Ashland Inc. Common Stock,3160200464.0,69.01,45793370.00434719,Consumer Discretionary,Specialty Chemicals,,2026-09-24,nasdaq_screener,
ASIC,Ategrity Specialty Insurance Company Holdings Common Stock,1271022131.0,26.52,47926928.01659125,Finance,Property-Casualty Insurers,2025,2026-09-24,nasdaq_screener,
ASIX,AdvanSix Inc. Common Stock ,446329605.0,16.53,27001186.025408346,Industrials,Major Chemicals,2016,2026-09-24,nasdaq_screener,
ASLE,AerSale Corporation Common Stock,261542661.0,5.48,47726762.95620438,Consumer Discretionary,Industrial Specialties,2019,2026-09-24,nasdaq_screener,
ASM,Avino Silver & Gold Mines Ltd. Common Shares (Canada),1025925837.0,6.04,169855271.02649006,Basic Materials,Metal Mining,,2026-09-24,nasdaq_screener,
ASMB,Assembly Biosciences Inc. Common Stock,488043486.0,23.97,20360595.994993743,Health Care,Biotechnology: Pharmaceutical Preparations,2010,2026-09-24,nasdaq_screener,
ASML,ASML Holding N.V. New York Registry Shares,672403512536.0,1744.61,385417665.0002006,Technology,Industrial Machinery/Components,1995,2026-09-24,nasdaq_screener,
ASND,Ascendis Pharma A/S Ordinary Share,14653679859.0,223.13,65673284.00035854,Health Care,Biotechnology: Pharmaceutical Preparations,2015,2026-09-24,nasdaq_screener,
ASO,Academy Sports and Outdoors Inc. Common Stock,2974876224.0,48.31,61578890.99565307,Consumer Discretionary,Other Specialty Stores,2020,2026-09-24,nasdaq_screener,
ASPC,A SPAC III Acquisition Corp. Class A Ordinary Shares,0.0,10.8101,,Finance,Blank Checks,2025,2026-09-24,nasdaq_screener,
ASPI,ASP Isotopes Inc. Common Stock,461461234.0,3.01,153309380.0664452,Industrials,Major Chemicals,2022,2026-09-24,nasdaq_screener,
ASPN,Aspen Aerogels Inc. Common Stock,471376293.0,5.68,82988783.97887324,Consumer Discretionary,RETAIL: Building Materials,2014,2026-09-24,nasdaq_screener,
ASPS,Altisource Portfolio Solutions S.A. Common Stock,62696931.0,5.49,11420206.01092896,Consumer Discretionary,Other Consumer Services,,2026-09-24,nasdaq_screener,
ASR,Grupo Aeroportuario del Sureste S.A. de C.V. Common Stock,7184700000.0,239.49,30000000.0,Consumer Discretionary,Aerospace,,2026-09-24,nasdaq_screener,
ASRV,AmeriServ Financial Inc. Common Stock,79802555.0,4.7,16979267.021276597,Finance,Major Banks,,2026-09-24,nasdaq_screener,
ASST,Strive Inc. Class A Common Stock,2812106795.0,28.99,97002649.01690239,Finance,Finance: Consumer Services,2023,2026-09-24,nasdaq_screener,
ASTC,Astrotech Corporation (DE) Common Stock,15638362.0,7.42,2107595.9568733154,Industrials,Biotechnology: Laboratory Analytical Instruments,,2026-09-24,nasdaq_screener,
ASTE,Astec Industries Inc. Common Stock,952789686.0,41.38,23025366.988883518,Industrials,Construction/Ag Equipment/Trucks,1986,2026-09-24,nasdaq_screener,
ASTH,Astrana Health Inc. Common Stock,1703413928.0,34.34,49604365.987186946,Consumer Discretionary,Professional Services,,2026-09-24,nasdaq_screener,
ASTI,Ascent Solar Technologies Inc. Common Stock,28565814.0,2.91,9816430.927835051,Technology,Semiconductors,,2026-09-24,nasdaq_screener,
ASTL,Algoma Steel Group Inc. Common Shares,459494379.0,4.36,105388619.03669724,Industrials,Steel/Iron Ore,,2026-09-24,nasdaq_screener,
ASTS,AST SpaceMobile Inc. Class A Common Stock,23342266290.0,59.98,389167493.99799937,Consumer Discretionary,Telecommunications Equipment,2019,2026-09-24,nasdaq_screener,
ASUR,Asure Software Inc Common Stock,228146691.0,7.9,28879327.97468354,Technology,EDP Services,,2026-09-24,nasdaq_screener,
ASYS,Amtech Systems Inc. Common Stock,270149998.0,15.43,17508100.97213221,Technology,Industrial Machinery/Components,,2026-09-24,nasdaq_screener,
ATCH,AtlasClear Holdings Inc. Common Stock,29541373.0,0.1965,150337776.08142492,Finance,Finance: Consumer Services,2024,2026-09-24,nasdaq_screener,
ATCX,Atlas Critical Minerals Corporation Common Stock,15758342.0,3.1,5083336.129032258,Basic Materials,Precious Metals,,2026-09-24,nasdaq_screener,
ATEC,Alphatec Holdings Inc. Common Stock,1549144292.0,10.03,154451075.97208375,Health Care,Medical/Dental Instruments,2006,2026-09-24,nasdaq_screener,
ATEN,A10 Networks Inc. Common Stock,1942291312.0,26.75,72609021.0093458,Telecommunications,Computer Communications Equipment,2014,2026-09-24,nasdaq_screener,
ATER,Aterian Inc. Common Stock,11408988.0,0.635,17966910.23622047,Consumer Discretionary,Home Furnishings,2019,2026-09-24,nasdaq_screener,
ATEX,Anterix Inc. Common Stock,1646829828.0,83.98,19609785.996665873,Telecommunications,Telecommunications Equipment,2015,2026-09-24,nasdaq_screener,
ATGL,Alpha Technology Group Limited Class A Ordinary Shares,91366875.0,5.55,16462500.0,Technology,EDP Services,2023,2026-09-24,nasdaq_screener,
ATHR,Aether Holdings Inc. Common Stock,44301774.0,3.62,12238059.116022099,Technology,Computer Software: Prepackaged Software,2025,2026-09-24,nasdaq_screener,
ATI,ATI Inc. Common Stock,25079861141.0,184.18,136170383.00032577,Industrials,Steel/Iron Ore,,2026-09-24,nasdaq_screener,
ATII,Archimedes Tech SPAC Partners II Co. Ordinary Shares,0.0,10.68,,,,2025,2026-09-24,nasdaq_screener,
ATKR,Atkore Inc. Common Stock,3191843701.0,94.51,33772550.00529044,Miscellaneous,Industrial Machinery/Components,2016,2026-09-24,nasdaq_screener,
ATLC,Atlanticus Holdings Corporation Common Stock,1380018357.0,90.97,15170038.00153897,Finance,Finance: Consumer Services,1995,2026-09-24,nasdaq_screener,
ATLO,Ames National Corporation Common Stock,275370970.0,31.09,8857220.006432937,Finance,Major Banks,,2026-09-24,nasdaq_screener,
ATLQ,JAB Acquisition Corp I Class A Ordinary Shares,0.0,9.96,,Finance,Blank Checks,2026,2026-09-24,nasdaq_screener,
ATLX,Atlas Lithium Corporation Common Stock,82774464.0,2.75,30099805.09090909,Industrials,Mining & Quarrying of Nonmetallic Minerals (No Fuels),,2026-09-24,nasdaq_screener,
ATMU,Atmus Filtration Technologies Inc. Common Stock,3666902983.0,44.94,81595526.99154429,Consumer Discretionary,Auto Parts:O.E.M.,2023,2026-09-24,nasdaq_screener,
ATNI,ATN International Inc. Common Stock,447929622.0,29.08,15403357.015130674,Telecommunications,Telecommunications Equipment,,2026-09-24,nasdaq_screener,
ATNM,Actinium Pharmaceuticals Inc. (Delaware) Common Stock,37100894.0,1.18,31441435.593220342,Health Care,Biotechnology: Pharmaceutical Preparations,,2026-09-24,nasdaq_screener,
ATO,Atmos Energy Corporation Common Stock,26402771521.0,156.24,168988553.0017921,Utilities,Oil/Gas Transmission,,2026-09-24,nasdaq_screener,
ATOM,Atomera Incorporated Common Stock,168193621.0,4.31,39024041.99535963,Technology,Semiconductors,2016,2026-09-24,nasdaq_screener,
ATOS,Atossa Therapeutics Inc. Common Stock,21754870.0,2.18,9979298.165137613,Health Care,Biotechnology: Pharmaceutical Preparations,2012,2026-09-24,nasdaq_screener,
ATPC,Agape ATP Corporation Common Stock,2241402.0,2.24,1000625.8928571427,Health Care,Medical/Nursing Services,,2026-09-24,nasdaq_screener,
ATR,AptarGroup Inc. Common Stock,7931110031.0,124.74,63581128.996312335,Industrials,Plastic Products,,2026-09-24,nasdaq_screener,
ATRA,Atara Biotherapeutics Inc. Common Stock,85922798.0,8.56,10037710.04672897,Health Care,Biotechnology: Biological Products (No Diagnostic Substances),2014,2026-09-24,nasdaq_screener,
ATRC,AtriCure Inc. Common Stock,3049688657.0,59.955,50866294.003836215,Health Care,Medical/Dental Instruments,2005,2026-09-24,nasdaq_screener,
ATRO,Astronics Corporation Common Stock,2973646685.0,69.14,43009064.00057854,Industrials,Military/Government/Technical,,2026-09-24,nasdaq_screener,
ATS,ATS Corporation Common Shares,1863513710.0,19.21,97007480.99947943,Industrials,Industrial Machinery/Components,2023,2026-09-24,nasdaq_screener,
ATTO,Attovia Therapeutics Inc. Common Stock,845461372.0,18.52,45651261.98704104,Health Care,Biotechnology: Biological Products (No Diagnostic Substances),2026,2026-09-24,nasdaq_screener,
ATTT,Atlas Trinity Tech Limited Ordinary Shares,16449280.0,2.8,5874742.857142857,Consumer Discretionary,Consumer Electronics/Appliances,2024,2026-09-24,nasdaq_screener,
ATXG,Addentax Group Corp. Common Stock,4052231.0,3.44,1177974.1279069767,Consumer Discretionary,Professional Services,,2026-09-24,nasdaq_screener,
ATYR,aTyr Pharma Inc. Common Stock,36802402.0,0.3752,98087425.37313433,Health Care,Biotechnology: Biological Products (No Diagnostic Substances),2015,2026-09-24,nasdaq_screener,
AU,AngloGold Ashanti PLC Ordinary Shares,49939656337.0,98.74,505769255.9955439,Basic Materials,Precious Metals,,2026-09-24,nasdaq_screener,
AUB,Atlantic Union Bankshares Corporation Common Stock,5462669772.0,38.25,142814896.0,Finance,Major Banks,,2026-09-24,nasdaq_screener,
AUBN,Auburn National Bancorporation Inc. Common Stock,91574162.0,26.282,3484291.986911194,Finance,Major Banks,,2026-09-24,nasdaq_screener,
AUC,ATIF Holdings Limited Ordinary Shares,194065875.0,8.77,22128377.993158497,Consumer Discretionary,Professional Services,2019,2026-09-24,nasdaq_screener,
AUDC,AudioCodes Ltd. Common Stock,254884150.0,10.365,24590849.011095032,Utilities,Telecommunications Equipment,1999,2026-09-24,nasdaq_screener,
AUGO,Aura Minerals Inc. Common Shares,7150572291.0,85.34,83789223.0021092,Basic Materials,Metal Mining,,2026-09-24,nasdaq_screener,
AUID,authID Inc. Common Stock,6858683.0,0.4102,16720338.859093124,Technology,Computer Software: Prepackaged Software,,2026-09-24,nasdaq_screener,
AUNA,Auna SA Class A Ordinary Shares,381166770.0,5.15,74012965.04854369,Health Care,Medical/Nursing Services,2024,2026-09-24,nasdaq_screener,
AUPH,Aurinia Pharmaceuticals Inc Ordinary Shares,2182039155.0,16.4,133051167.98780489,Health Care,Biotechnology: Pharmaceutical Preparations,,2026-09-24,nasdaq_screener,
AUR,Aurora Innovation Inc. Class A Common Stock,12666261294.0,6.32,2004155268.0379746,Technology,EDP Services,2021,2026-09-24,nasdaq_screener,
AURA,Aura Biosciences Inc. Common Stock,624302950.0,6.02,103704808.97009967,Health Care,Biotechnology: Biological Products (No Diagnostic Substances),2021,2026-09-24,nasdaq_screener,
AURE,Aurelion Inc. Class A Ordinary Shares,42112000.0,1.12,37600000.0,Finance,Finance: Consumer Services,2023,2026-09-24,nasdaq_screener,
AUST,Austin Gold Corp. Common Shares,15336161.0,1.12,13693000.892857142,Basic Materials,Precious Metals,2022,2026-09-24,nasdaq_screener,
AUUD,Auddia Inc. Common Stock,7601996.0,1.31,5803050.381679389,Technology,EDP Services,2021,2026-09-24,nasdaq_screener,
AUXX,Gold X2 Mining Inc. Common Shares,559551988.0,5.53,101184807.95660035,,,2026,2026-09-24,nasdaq_screener,
AVA,Avista Corporation Common Stock,2969037824.0,35.45,83752830.01410437,Utilities,Power Generation,,2026-09-24,nasdaq_screener,
AVAH,Aveanna Healthcare Holdings Inc. Common Stock,2791029912.0,12.79,218219696.0125098,Health Care,Medical/Nursing Services,2021,2026-09-24,nasdaq_screener,
AVAL,Grupo Aval Acciones y Valores S.A. ADR (Each representing 20 preferred shares),5971484154.0,5.03,1187173788.0715706,Finance,Commercial Banks,2014,2026-09-24,nasdaq_screener,
AVAT,Avalanche Treasury Corporation Class A Common Stock,96622181.0,2.21,43720443.891402714,Finance,Finance: Consumer Services,,2026-09-24,nasdaq_screener,
AVAV,AeroVironment Inc. Common Stock,7924980270.0,155.94,50820702.000769526,Industrials,Aerospace,2007,2026-09-24,nasdaq_screener,
AVBC,Avidia Bancorp Inc. Common Stock,431957719.0,21.63,19970306.01017106,Finance,Banks,2025,2026-09-24,nasdaq_screener,
AVBH,Avidbank Holdings Inc. Common stock,341805898.0,31.12,10983480.01285347,Finance,Commercial Banks,,2026-09-24,nasdaq_screener,
AVBP,ArriVent BioPharma Inc. Common Stock,1494024189.0,30.3,49307729.00990099,Health Care,Biotechnology: Pharmaceutical Preparations,2024,2026-09-24,nasdaq_screener,
AVD,American Vanguard Corporation Common Stock ($0.10 Par Value),59886283.0,2.03,29500632.019704435,Industrials,Agricultural Chemicals,1998,2026-09-24,nasdaq_screener,
AVEX,AEVEX Corp. Class A Common Stock,1874845548.0,16.44,114041699.99999999,Industrials,Aerospace,2026,2026-09-24,nasdaq_screener,
AVGO,Broadcom Inc. Common Stock,1694590865776.0,354.99,4773629864.999014,Technology,Semiconductors,2009,2026-09-24,nasdaq_screener,
AVIR,Atea Pharmaceuticals Inc. Common Stock,423480811.0,5.28,80204699.0530303,Health Care,Biotechnology: Pharmaceutical Preparations,2020,2026-09-24,nasdaq_screener,
AVLN,Avalyn Pharma Inc. Common Stock,1315362929.0,29.67,44333095.01179642,Health Care,Biotechnology: Pharmaceutical Preparations,2026,2026-09-24,nasdaq_screener,
AVNT,Avient Corporation Common Stock,3757749964.0,40.97,91719550.01220405,Industrials,Major Chemicals,,2026-09-24,nasdaq_screener,
AVNW,Aviat Networks Inc. Common Stock,255372412.0,19.86,12858631.01711984,Technology,Radio And Television Broadcasting And Communications Equipment,,2026-09-24,nasdaq_screener,
AVO,Mission Produce Inc. Common Stock,1113515731.0,12.7,87678404.01574804,Consumer Staples,Farming/Seeds/Milling,2020,2026-09-24,nasdaq_screener,
AVPT,AvePoint Inc. Class A Common Stock,2775738389.0,13.12,211565425.99085367,Technology,Computer Software: Prepackaged Software,2019,2026-09-24,nasdaq_screener,
AVR,Anteris Technologies Global Corp. Common Stock,742633572.0,7.62,97458474.01574802,Health Care,Industrial Specialties,2024,2026-09-24,nasdaq_screener,
AVT,Avnet Inc. Common Stock,8301681826.0,101.15,82072979.00148295,Technology,Electronic Components,,2026-09-24,nasdaq_screener,
AVTR,Avantor Inc. Common Stock,9983056478.0,14.76,676358839.9728998,Industrials,Biotechnology: Laboratory Analytical Instruments,2019,2026-09-24,nasdaq_screener,
AVTX,Avalo Therapeutics Inc. Common Stock,820538832.0,15.3,53629989.01960784,Health Care,Biotechnology: Pharmaceutical Preparations,2015,2026-09-24,nasdaq_screener,
AVX,Avax One Technology Ltd. Common Shares,30329270.0,4.1,7397382.926829269,Finance,Finance: Consumer Services,2021,2026-09-24,nasdaq_screener,
AVXL,Anavex Life Sciences Corp. Common Stock,217837579.0,2.35,92696842.12765957,Health Care,Biotechnology: Biological Products (No Diagnostic Substances),,2026-09-24,nasdaq_screener,
AVY,Avery Dennison Corporation Common Stock,13085580598.0,172.66,75788142.00162168,Consumer Discretionary,Containers/Packaging,,2026-09-24,nasdaq_screener,
AWI,Armstrong World Industries Inc Common Stock,6929835579.0,163.97,42262825.99865829,Industrials,Plastic Products,,2026-09-24,nasdaq_screener,
AWK,American Water Works Company Inc. Common Stock,26442879276.0,133.06,198728988.99744475,Utilities,Water Supply,2008,2026-09-24,nasdaq_screener,
AWR,American States Water Company Common Stock,3299269508.0,83.24,39635625.997116774,Utilities,Water Supply,,2026-09-24,nasdaq_screener,
AWRE,Aware Inc. Common Stock,25302659.0,1.16,21812637.068965517,Technology,Computer Software: Prepackaged Software,1996,2026-09-24,nasdaq_screener,
AWX,Avalon Holdings Corporation Common Stock,10138521.0,2.6,3899431.1538461535,Utilities,Environmental Services,1998,2026-09-24,nasdaq_screener,
AX,Axos Financial Inc. Common Stock,4970539508.0,87.61,56734842.00433741,Finance,Savings Institutions,2018,2026-09-24,nasdaq_screener,
AXG,Solowin Holdings Class A Ordinary Share,329657840.0,1.64,201010878.0487805,Finance,Investment Bankers/Brokers/Service,2023,2026-09-24,nasdaq_screener,
AXGN,Axogen Inc. Common Stock,2541649943.0,43.32,58671512.99630655,Health Care,Biotechnology: Electromedical & Electrotherapeutic Apparatus,,2026-09-24,nasdaq_screener,
AXIL,AXIL Brands Inc. Common Stock,42130055.0,6.175,6822680.971659919,Consumer Discretionary,Package Goods/Cosmetics,2024,2026-09-24,nasdaq_screener,
AXIN,Axiom Intelligence Acquisition Corp 1 Class A Ordinary Shares,0.0,10.35,,Finance,Blank Checks,2025,2026-09-24,nasdaq_screener,
AXON,Axon Enterprise Inc. Common Stock,36606391573.0,450.61,81237414.99966711,Industrials,Ordnance And Accessories,2001,2026-09-24,nasdaq_screener,
AXP,American Express Company Common Stock,203916557173.0,301.96,675309833.0010598,Finance,Finance: Consumer Services,,2026-09-24,nasdaq_screener,
AXR,AMREP Corporation Common Stock,121992291.0,22.91,5324849.017896115,Real Estate,Homebuilding,,2026-09-24,nasdaq_screener,
AXS,Axis Capital Holdings Limited Common Stock,6954419673.0,95.31,72966316.99716714,Finance,Property-Casualty Insurers,2003,2026-09-24,nasdaq_screener,
AXSM,Axsome Therapeutics Inc. Common Stock,10133069242.0,193.45,52380817.99948307,Health Care,Biotechnology: Pharmaceutical Preparations,2015,2026-09-24,nasdaq_screener,
AXTA,Axalta Coating Systems Ltd. Common Shares,6940668503.0,32.43,214019997.00894234,Consumer Discretionary,Paints/Coatings,2014,2026-09-24,nasdaq_screener,
AXTI,AXT Inc Common Stock,4785533012.0,72.98,65573212.00328857,Technology,Semiconductors,1998,2026-09-24,nasdaq_screener,
AYA,Aya Gold & Silver Inc. Common Shares,4060379576.0,28.19,144036168.00283787,Basic Materials,Precious Metals,,2026-09-24,nasdaq_screener,
AYI,Acuity Inc. Common Stock,9162073515.0,306.06,29935547.00058812,Consumer Discretionary,Building Products,,2026-09-24,nasdaq_screener,
AYTU,Aytu BioPharma Inc.  Common Stock,24776094.0,2.28,10866707.894736843,Health Care,Biotechnology: Pharmaceutical Preparations,,2026-09-24,nasdaq_screener,
AZ,A2Z Cust2Mate Solutions Corp. Common Shares,253152185.0,5.75,44026466.95652174,Industrials,Industrial Machinery/Components,,2026-09-24,nasdaq_screener,
AZI,Autozi Internet Technology (Global) Ltd. Class A Ordinary Shares,81610579.0,1.23,66350064.227642275,Consumer Discretionary,Automotive Aftermarket,2024,2026-09-24,nasdaq_screener,
AZIO,Azio AI Holdings Inc. Common Stock,22370202.0,1.3,17207847.692307692,Consumer Discretionary,Auto Parts:O.E.M.,,2026-09-24,nasdaq_screener,
AZN,AstraZeneca PLC Ordinary Shares,253280056184.0,163.33,1550725869.001408,Health Care,Biotechnology: Pharmaceutical Preparations,2026,2026-09-24,nasdaq_screener,
AZO,AutoZone Inc. Common Stock,46418534886.0,2843.34,16325355.00010551,Consumer Discretionary,Auto & Home Supply Stores,,2026-09-24,nasdaq_screener,
AZTA,Azenta Inc.,1493428117.0,34.09,43808392.989146374,Technology,Industrial Machinery/Components,,2026-09-24,nasdaq_screener,
AZTR,Azitra Inc Common Stock,10029919.0,0.1655,60603740.18126888,Health Care,Biotechnology: Pharmaceutical Preparations,2023,2026-09-24,nasdaq_screener,
AZZ,AZZ Inc.,4141096838.0,137.8,30051501.001451377,Industrials,Industrial Specialties,,2026-09-24,nasdaq_screener,
B,Barrick Mining Corporation Common Shares,69933628963.0,42.49,1645884418.9927042,Basic Materials,Precious Metals,,2026-09-24,nasdaq_screener,
BA,Boeing Company (The) Common Stock,158018678099.0,199.93,790370020.0020007,Industrials,Aerospace,,2026-09-24,nasdaq_screener,
BAC,Bank of America Corporation Common Stock,391593908440.0,56.0,6992748365.0,Finance,Major Banks,,2026-09-24,nasdaq_screener,
BACC,Blue Acquisition Corp. Class A Ordinary Shares,0.0,10.5,,Finance,Blank Checks,2025,2026-09-24,nasdaq_screener,
BAER,Bridger Aerospace Group Holdings Inc. Common Stock,51696412.0,0.8788,58826140.191169776,Industrials,Aerospace,,2026-09-24,nasdaq_screener,
BAFN,BayFirst Financial Corp. Common Stock,224060993.0,8.31,26962815.042117927,Finance,Major Banks,,2026-09-24,nasdaq_screener,
BAH,Booz Allen Hamilton Holding Corporation Common Stock,9099558207.0,75.65,120284972.99405155,Consumer Discretionary,Professional Services,2010,2026-09-24,nasdaq_screener,
BAK,Braskem SA ADR,613850032.0,1.54,398603916.8831169,Industrials,Major Chemicals,,2026-09-24,nasdaq_screener,
BALL,Ball Corporation Common Stock,15569851459.0,58.82,264703357.00442025,Industrials,Containers/Packaging,,2026-09-24,nasdaq_screener,
BALY,Bally's Corporation Common Stock,616232864.0,12.21,50469522.03112203,Consumer Discretionary,Hotels/Resorts,2024,2026-09-24,nasdaq_screener,
BAM,Brookfield Asset Management Inc Class A Limited Voting Shares,72290947435.0,45.26,1597237018.0070703,Real Estate,Building operators,2022,2026-09-24,nasdaq_screener,
BANC,Banc of California Inc. Common Stock,2798883374.0,17.72,157950529.006772,Finance,Major Banks,,2026-09-24,nasdaq_screener,
BAND,Bandwidth Inc. Class A Common Stock,1902849994.0,59.13,32180787.992558766,Technology,Computer Software: Prepackaged Software,2017,2026-09-24,nasdaq_screener,
BANF,BancFirst Corporation Common Stock,3594393740.0,106.98,33598744.99906524,Finance,Major Banks,1993,2026-09-24,nasdaq_screener,
BANL,CBL International Limited Class B Ordinary Shares,10977550.0,5.23,2098957.9349904396,Energy,Oil Refining/Marketing,2023,2026-09-24,nasdaq_screener,
BANR,Banner Corporation Common Stock,2494048859.0,68.07,36639471.99941237,Finance,Major Banks,,2026-09-24,nasdaq_screener,
BAOS,Baosheng Media Group Holdings Limited Ordinary shares,8906404.0,0.2669,33369816.410640687,Consumer Discretionary,Business Services,2021,2026-09-24,nasdaq_screener,
BAP,Credicorp Ltd. Common Stock,36373057325.0,385.38,94382316.99880637,Finance,Commercial Banks,,2026-09-24,nasdaq_screener,
BARK,BARK Inc. Class A Common Stock,74345351.0,8.23,9033456.986634264,Consumer Discretionary,Other Specialty Stores,2020,2026-09-24,nasdaq_screener,
BATL,Battalion Oil Corporation Common Stock,63010371.0,1.1,57282155.45454545,Energy,Oil & Gas Production,,2026-09-24,nasdaq_screener,
BATRA,Atlanta Braves Holdings Inc. Series A Common Stock,3727513137.0,58.09,64167897.004647955,Consumer Discretionary,Services-Misc. Amusement & Recreation,,2026-09-24,nasdaq_screener,
BATRK,Atlanta Braves Holdings Inc. Series C Common Stock,3421432268.0,53.32,64167896.99924981,Consumer Discretionary,Services-Misc. Amusement & Recreation,,2026-09-24,nasdaq_screener,
BAX,Baxter International Inc. Common Stock,12144236017.0,23.49,516995999.02085996,Health Care,Medical/Dental Instruments,,2026-09-24,nasdaq_screener,
BB,BlackBerry Limited Common Stock,4911194591.0,8.38,586061407.0405728,Technology,Computer Software: Prepackaged Software,,2026-09-24,nasdaq_screener,
BBAI,BigBear.ai Inc. Common Stock,1361764360.0,2.84,479494492.9577465,Technology,Computer Software: Prepackaged Software,2021,2026-09-24,nasdaq_screener,
BBAR,Banco BBVA Argentina S.A. ADS,2791915593.0,13.67,204236692.9773226,Finance,Commercial Banks,,2026-09-24,nasdaq_screener,
BBCP,Concrete Pumping Holdings Inc. Common Stock,488060273.0,9.685,50393420.03097574,Consumer Discretionary,Engineering & Construction,2017,2026-09-24,nasdaq_screener,
BBDC,Barings BDC Inc. Common Stock,906761615.0,8.66,104706883.94919169,Finance,Diversified Financial Services,,2026-09-24,nasdaq_screener,
BBGI,Beasley Broadcast Group Inc. Class A Common Stock,30755667.0,16.6,1852751.0240963853,Consumer Discretionary,Broadcasting,2000,2026-09-24,nasdaq_screener,
BBIO,BridgeBio Pharma Inc. Common Stock,12845481917.0,65.71,195487474.00700048,Health Care,Biotechnology: Pharmaceutical Preparations,2019,2026-09-24,nasdaq_screener,
BBLG,Bone Biologics Corp Common Stock,1395392.0,0.5063,2756057.6733162156,Health Care,Industrial Specialties,,2026-09-24,nasdaq_screener,
BBNX,Beta Bionics Inc. Common Stock,1168122940.0,22.19,52641863.00135196,Health Care,Medical/Dental Instruments,2025,2026-09-24,nasdaq_screener,
BBOT,BridgeBio Oncology Therapeutics Inc. Common Stock  ,333524951.0,4.16,80174267.0673077,Health Care,Biotechnology: Pharmaceutical Preparations,2024,2026-09-24,nasdaq_screener,
BBSI,Barrett Business Services Inc. Common Stock,790309220.0,32.61,24235180.006133087,Consumer Discretionary,Professional Services,1993,2026-09-24,nasdaq_screener,
BBT,Beacon Financial Corporation Common stock,2339306960.0,27.91,83816085.99068435,Finance,Banks,,2026-09-24,nasdaq_screener,
BBUC,Brookfield Business Corporation Class A Subordinate Voting Shares,5307687000.0,25.53,207900000.0,Consumer Discretionary,Engineering & Construction,,2026-09-24,nasdaq_screener,
BBVA,Banco Bilbao Vizcaya Argentaria S.A. Common Stock,160364930783.0,28.09,5708968700.0,Finance,Commercial Banks,,2026-09-24,nasdaq_screener,
BBW,Build-A-Bear Workshop Inc. Common Stock,319809937.0,25.96,12319335.01540832,Consumer Discretionary,Recreational Games/Products/Toys,2004,2026-09-24,nasdaq_screener,
BBWI,Bath & Body Works Inc.,3432003227.0,17.02,201645312.98472387,Consumer Discretionary,Other Specialty Stores,,2026-09-24,nasdaq_screener,
BBY,Best Buy Co. Inc. Common Stock,19043274978.0,90.8,209727697.9955947,Consumer Discretionary,Consumer Electronics/Video Chains,,2026-09-24,nasdaq_screener,
BC,Brunswick Corporation Common Stock,4291533656.0,66.23,64797427.99335648,Industrials,Industrial Machinery/Components,,2026-09-24,nasdaq_screener,
BCAL,California BanCorp Common Stock,691879642.0,21.52,32150540.985130113,Finance,Major Banks,,2026-09-24,nasdaq_screener,
BCAT,BlackRock Capital Allocation Term Trust Common Shares of Beneficial Interest,1508483250.0,13.95,108135000.0,Finance,Finance/Investors Services,2020,2026-09-24,nasdaq_screener,
BCAX,Bicara Therapeutics Inc. Common Stock,1355552553.0,20.485,66172934.00048816,Health Care,Biotechnology: Pharmaceutical Preparations,2024,2026-09-24,nasdaq_screener,
BCBP,BCB Bancorp Inc. (NJ) Common Stock,362823333.0,8.69,41751821.97928654,Finance,Savings Institutions,2005,2026-09-24,nasdaq_screener,
BCC,Boise Cascade L.L.C. Common Stock,2713151454.0,77.76,34891351.00308642,Consumer Discretionary,RETAIL: Building Materials,2013,2026-09-24,nasdaq_screener,
BCCQ,Bleichroeder Acquisition Corp. III Class A Ordinary Shares,0.0,9.995,,Finance,Blank Checks,2026,2026-09-24,nasdaq_screener,
BCDA,BioCardia Inc. Common Stock,15895721.0,1.05,15138781.904761905,Health Care,Biotechnology: Biological Products (No Diagnostic Substances),,2026-09-24,nasdaq_screener,
BCE,BCE Inc. Common Stock,20151882905.0,21.61,932525816.9828783,Telecommunications,Telecommunications Equipment,,2026-09-24,nasdaq_screener,
BCG,Binah Capital Group Inc. Common Stock,20130955.0,1.18,17060131.355932206,Finance,Finance: Consumer Services,,2026-09-24,nasdaq_screener,
BCH,Banco De Chile ADS,21112569971.0,41.8,505085406.0047847,Finance,Commercial Banks,,2026-09-24,nasdaq_screener,
BCHT,Birchtech Corp. Common Stock,45509321.0,1.73,26305965.895953756,Industrials,Industrial Machinery/Components,2026,2026-09-24,nasdaq_screener,
BCML,BayCom Corp Common Stock,323672268.0,29.64,10920117.004048582,Finance,Major Banks,2018,2026-09-24,nasdaq_screener,
BCO,Brinks Company (The) Common Stock,4323263985.0,104.96,41189634.00342988,Industrials,Integrated Freight & Logistics,,2026-09-24,nasdaq_screener,
BCPC,Balchem Corporation Common Stock,5363158253.0,168.24,31878020.999762245,Industrials,Major Chemicals,,2026-09-24,nasdaq_screener,
BCRX,BioCryst Pharmaceuticals Inc. Common Stock,2189935850.0,8.57,255535105.0175029,Health Care,Biotechnology: Biological Products (No Diagnostic Substances),1994,2026-09-24,nasdaq_screener,
BCS,Barclays PLC Common Stock,81620920529.0,24.29,3360268444.9979415,Finance,Commercial Banks,,2026-09-24,nasdaq_screener,
BCSF,Bain Capital Specialty Finance Inc. Common Stock,718094372.0,11.07,64868506.95573622,Finance,Finance/Investors Services,2018,2026-09-24,nasdaq_screener,
BCSS,Bain Capital GSS Investment Corp. Class A Ordinary Shares,0.0,10.31,,,,2025,2026-09-24,nasdaq_screener,
BCTX,BriaCell Therapeutics Corp. Common Shares,34886146.0,4.01,8699787.032418953,Health Care,Biotechnology: Pharmaceutical Preparations,,2026-09-24,nasdaq_screener,
BCX,BlackRock Resources Common Shares of Beneficial Interest,1042904943.0,12.29,84858010.0081367,Finance,Finance/Investors Services,2011,2026-09-24,nasdaq_screener,
BDC,Belden Inc Common Stock,4459993939.0,114.13,39078191.00148953,Industrials,Telecommunications Equipment,,2026-09-24,nasdaq_screener,
BDCI,BTC Development Corp. Class A Ordinary Shares,0.0,10.15,,Finance,Blank Checks,2025,2026-09-24,nasdaq_screener,
BDJ,Blackrock Enhanced Equity Dividend Trust,1690244549.0,9.55,176988958.0104712,Finance,Finance Companies,2005,2026-09-24,nasdaq_screener,
BDL,Flanigan's Enterprises Inc. Common Stock,81074182.0,43.62,1858646.996790463,Consumer Discretionary,Restaurants,1972,2026-09-24,nasdaq_screener,
BDMD,Baird Medical Investment Holdings Ltd Ordinary Share,33344923.0,0.79,42208763.29113924,Health Care,Medical/Dental Instruments,,2026-09-24,nasdaq_screener,
BDN,Brandywine Realty Trust Common Stock,508018770.0,2.91,174576896.9072165,Real Estate,Real Estate Investment Trusts,,2026-09-24,nasdaq_screener,
BDSX,Biodesix Inc. Common Stock,309042246.0,29.29,10551117.992488904,Health Care,Medical Specialities,2020,2026-09-24,nasdaq_screener,
BDTX,Black Diamond Therapeutics Inc. Common Stock,109162119.0,1.9,57453746.84210527,Health Care,Biotechnology: Biological Products (No Diagnostic Substances),2020,2026-09-24,nasdaq_screener,
BDX,Becton Dickinson and Company Common Stock,49716038736.0,182.52,272386800.0,Health Care,Medical/Dental Instruments,,2026-09-24,nasdaq_screener,
BE,Bloom Energy Corporation Class A Common Stock,81050980346.0,275.19,294527346.0009448,Energy,Industrial Machinery/Components,2018,2026-09-24,nasdaq_screener,
BEAG,Bold Eagle Acquisition Corp. Class A Ordinary Shares,0.0,10.72,,,,2024,2026-09-24,nasdaq_screener,
BEAM,Beam Therapeutics Inc. Common Stock,2517120396.0,24.37,103287664.99794829,Health Care,Biotechnology: Biological Products (No Diagnostic Substances),2020,2026-09-24,nasdaq_screener,
BEAT,Heartbeam Inc. Common Stock,21914193.0,0.3889,56349172.023656465,Health Care,Medical/Dental Instruments,2021,2026-09-24,nasdaq_screener,
BEBE,TGE Value Creative Solutions Corp Class A Ordinary Shares,129214800.0,10.04,12870000.000000002,Consumer Discretionary,Diversified Commercial Services,2026,2026-09-24,nasdaq_screener,
BEEM,Beam Global Common Stock,27725811.0,1.225,22633315.102040816,Miscellaneous,Industrial Machinery/Components,,2026-09-24,nasdaq_screener,
BEEP,Mobile Infrastructure Corporation Common Stock,117292000.0,2.84,41300000.0,Finance,Real Estate,,2026-09-24,nasdaq_screener,
BELFA,Bel Fuse Inc. Class A Common Stock,2947958112.0,204.16,14439450.0,,,,2026-09-24,nasdaq_screener,
BELFB,Bel Fuse Inc. Class B Common Stock,3668775456.0,254.08,14439450.0,,,,2026-09-24,nasdaq_screener,
BEN,Franklin Templeton Inc. Common Stock,16619195726.0,32.71,508076909.9969428,Finance,Investment Managers,,2026-09-24,nasdaq_screener,
BENF,Beneficient Class A Common Stock,44821594.0,2.9,15455722.068965517,Finance,Finance: Consumer Services,,2026-09-24,nasdaq_screener,
BEPC,Brookfield Renewable Corporation Brookfield Renewable Corporation Class A Subordinate Voting Shares,11012615757.0,29.22,376886233.9835729,Utilities,Electric Utilities: Central,,2026-09-24,nasdaq_screener,
BESS,Bimergen Energy Corporation Common Stock,19873204.0,2.8,7097572.857142857,Utilities,Electric Utilities: Central,2026,2026-09-24,nasdaq_screener,
BETA,Beta Technologies Inc. Class A Common Stock,5694125400.0,24.34,233941059.98356614,Industrials,Aerospace,2025,2026-09-24,nasdaq_screener,
BETR,Better Home & Finance Holding Company Class A Common Stock,231022721.0,12.16,18998579.029605262,Finance,Finance: Consumer Services,2021,2026-09-24,nasdaq_screener,
BFAM,Bright Horizons Family Solutions Inc. Common Stock,3234734202.0,66.51,48635305.999097876,Consumer Discretionary,Other Consumer Services,2013,2026-09-24,nasdaq_screener,
BFC,Bank First Corporation Common Stock,1644993223.0,148.39,11085607.00181953,Finance,Major Banks,,2026-09-24,nasdaq_screener,
BFH,Bread Financial Holdings Inc. Common Stock,3810807193.0,99.19,38419268.00080653,Consumer Discretionary,Business Services,,2026-09-24,nasdaq_screener,
BFLY,Butterfly Network Inc. Class A Common Stock,2449823684.0,9.2,266285183.04347828,Health Care,Medical Electronics,2020,2026-09-24,nasdaq_screener,
BFRG,Bullfrog AI Holdings Inc. Common Stock,17614568.0,0.95,18541650.52631579,Health Care,Biotechnology: Pharmaceutical Preparations,2023,2026-09-24,nasdaq_screener,
BFRI,Biofrontera Inc. Common Stock,17080213.0,1.15,14852359.130434783,Health Care,Biotechnology: Pharmaceutical Preparations,2021,2026-09-24,nasdaq_screener,
BFS,Saul Centers Inc. Common Stock,736322439.0,29.79,24717101.007049344,Real Estate,Real Estate Investment Trusts,1993,2026-09-24,nasdaq_screener,
BFST,Business First Bancshares Inc. Common Stock,987888949.0,30.35,32549882.998352554,Finance,Major Banks,,2026-09-24,nasdaq_screener,
BG,Bunge Limited Common Shares,21417439832.0,111.48,192119122.99964118,Consumer Staples,Packaged Foods,,2026-09-24,nasdaq_screener,
BGC,BGC Group Inc. Class A Common Stock,5753144916.0,12.1,475466521.9834711,Finance,Investment Bankers/Brokers/Service,,2026-09-24,nasdaq_screener,
BGDE,Big Digital Energy Inc. Common Stock,34835685.0,6.15,5664339.024390244,Finance,Finance: Consumer Services,,2026-09-24,nasdaq_screener,
BGIN,Bgin Blockchain Limited Class A Ordinary Shares,213261249.0,1.885,113135941.11405836,Finance,Finance: Consumer Services,2025,2026-09-24,nasdaq_screener,
BGL,Blue Gold Limited Class A Ordinary Shares,8906718.0,0.2181,40837771.66437414,Basic Materials,Metal Mining,,2026-09-24,nasdaq_screener,
BGLC,BioNexus Gene Lab Corp Common stock,4312160.0,1.47,2933442.1768707484,Health Care,Medical Specialities,,2026-09-24,nasdaq_screener,
BGM,BGM Group Ltd. Class A Ordinary Shares,102158956.0,0.255,400623356.8627451,Health Care,Biotechnology: Pharmaceutical Preparations,2021,2026-09-24,nasdaq_screener,
BGMS,Bio Green Med Solution Inc. Common Stock,6372452.0,0.9622,6622793.598004572,Health Care,Biotechnology: Pharmaceutical Preparations,,2026-09-24,nasdaq_screener,
BGR,BlackRock Energy and Resources Trust,2325303227.0,17.15,135586193.99416912,Finance,Trusts Except Educational Religious and Charitable,2004,2026-09-24,nasdaq_screener,
BGS,B&G Foods Inc. Common Stock,242201500.0,2.98,81275671.1409396,Consumer Staples,Packaged Foods,,2026-09-24,nasdaq_screener,
BGSF,BGSF Inc. Common Stock,52971634.0,4.96,10679764.91935484,Consumer Discretionary,Professional Services,,2026-09-24,nasdaq_screener,
BGSI,Boyd Group Services Inc. Common Shares,2216058590.0,79.61,27836434.99560357,,,,2026-09-24,nasdaq_screener,
BGT,BlackRock Floating Rate Income Trust,0.0,10.64,,Finance,Trusts Except Educational Religious and Charitable,2004,2026-09-24,nasdaq_screener,
BGY,Blackrock Enhanced International Dividend Trust,0.0,5.76,,Finance,Trusts Except Educational Religious and Charitable,2007,2026-09-24,nasdaq_screener,
BH,Biglari Holdings Inc. Class B Common Stock,807219788.0,346.96,2326550.0,Consumer Discretionary,Restaurants,2018,2026-09-24,nasdaq_screener,
BHAV,BHAV Acquisition Corp Class A Ordinary Shares,0.0,10.03,,Finance,Blank Checks,2026,2026-09-24,nasdaq_screener,
BHB,Bar Harbor Bankshares Inc. Common Stock,660751213.0,39.41,16766080.005074855,Finance,Major Banks,1997,2026-09-24,nasdaq_screener,
BHC,Bausch Health Companies Inc. Common Stock,2135486103.0,5.71,373990560.9457093,Health Care,Biotechnology: Pharmaceutical Preparations,,2026-09-24,nasdaq_screener,
BHE,Benchmark Electronics Inc. Common Stock,2985305632.0,83.11,35919933.00445193,Technology,Electrical Products,,2026-09-24,nasdaq_screener,
BHF,Brighthouse Financial Inc. Common Stock,2990026160.0,51.99,57511562.99288324,Finance,Life Insurance,,2026-09-24,nasdaq_screener,
BHM,Bluerock Homes Trust Inc. Class A Common Stock,35458854.0,8.6316,4108027.943834283,Real Estate,Real Estate Investment Trusts,2022,2026-09-24,nasdaq_screener,
BHR,Braemar Hotels & Resorts Inc. Common Stock,120875600.0,1.76,68679318.18181819,Real Estate,Real Estate Investment Trusts,2013,2026-09-24,nasdaq_screener,
BHRB,Burke & Herbert Financial Services Corp. Common Stock,1389675352.0,68.84,20187033.004067402,Finance,Major Banks,,2026-09-24,nasdaq_screener,
BHST,BioHarvest Sciences Inc. Common Stock,33095049.0,1.46,22667841.78082192,,,,2026-09-24,nasdaq_screener,
BHVN,Biohaven Ltd. Common Shares ,2064768486.0,13.67,151043780.98024872,Health Care,Biotechnology: Pharmaceutical Preparations,2022,2026-09-24,nasdaq_screener,
BIAF,bioAffinity Technologies Inc. Common Stock,9263003.0,7.94,1166625.062972292,Health Care,Biotechnology: Commercial Physical & Biological Resarch,2022,2026-09-24,nasdaq_screener,
BID,Tribeca Strategic Acquisition Corp. Class A Ordinary Shares,0.0,9.925,,Finance,Blank Checks,2026,2026-09-24,nasdaq_screener,
BIIB,Biogen Inc. Common Stock,33618467165.0,227.53,147753998.0002637,Health Care,Biotechnology: Biological Products (No Diagnostic Substances),,2026-09-24,nasdaq_screener,
BIII,Black Spade Acquisition III Co Class A Ordinary Shares,0.0,10.05,,Finance,Blank Checks,2026,2026-09-24,nasdaq_screener,
BILL,BILL Holdings Inc. Common Stock,3915909829.0,45.92,85276781.99041812,Technology,Computer Software: Prepackaged Software,2019,2026-09-24,nasdaq_screener,
BIO,Bio-Rad Laboratories Inc. Class A Common Stock,10130559744.0,378.88,26738175.0,Industrials,Biotechnology: Laboratory Analytical Instruments,1980,2026-09-24,nasdaq_screener,
BIOA,BioAge Labs Inc. Common Stock,362126612.0,7.89,45896908.998732574,Health Care,Biotechnology: Pharmaceutical Preparations,2024,2026-09-24,nasdaq_screener,
BIOT,Instinct Bio Technical Company Holdings Inc. Ordinary Shares,11823583.0,0.4112,28753849.708171204,Consumer Discretionary,Package Goods/Cosmetics,,2026-09-24,nasdaq_screener,
BIOX,Bioceres Crop Solutions Corp. Ordinary Shares,25015829.0,0.392,63815890.306122445,Industrials,Agricultural Chemicals,,2026-09-24,nasdaq_screener,
BIPC,Brookfield Infrastructure Corporation Brookfield Infrastructure Corporation,4364593382.0,35.48,123015597.01240136,Consumer Discretionary,Marine Transportation,,2026-09-24,nasdaq_screener,
BIRD,Smartbird Inc. Class A Common Stock,27987787.0,2.37,11809192.827004218,Consumer Discretionary,Apparel,2021,2026-09-24,nasdaq_screener,
BIRK,Birkenstock Holding plc Ordinary Shares,5188265330.0,31.42,165126204.0101846,Consumer Discretionary,Shoe Manufacturing,2023,2026-09-24,nasdaq_screener,
BIT,BlackRock Multi-Sector Income Trust Common Shares of Beneficial Interest,0.0,11.27,,Finance,Trusts Except Educational Religious and Charitable,2013,2026-09-24,nasdaq_screener,
BIVI,BioVie Inc. Class A Common Stock,13775371.0,1.63,8451147.852760736,Health Care,Biotechnology: Pharmaceutical Preparations,,2026-09-24,nasdaq_screener,
BIXI,Bitcoin Infrastructure Acquisition Corp Ltd. Class A Ordinary Shares,0.0,10.15,,,,2025,2026-09-24,nasdaq_screener,
BIYA,Baiya International Group Inc Class A Ordinary Shares,13208157.0,2.07,6380752.173913044,Consumer Discretionary,Diversified Commercial Services,2025,2026-09-24,nasdaq_screener,
BJ,BJ's Wholesale Club Holdings Inc. Common Stock,11365795986.0,89.98,126314691.99822181,Consumer Discretionary,Department/Specialty Retail Stores,2018,2026-09-24,nasdaq_screener,
BJDX,Bluejay Diagnostics Inc. Common Stock,4328648.0,0.9688,4468051.197357556,Health Care,Medical/Dental Instruments,2021,2026-09-24,nasdaq_screener,
BJRI,BJ's Restaurants Inc. Common Stock,1309187498.0,61.54,21273764.99837504,Consumer Discretionary,Restaurants,,2026-09-24,nasdaq_screener,
BKD,Brookdale Senior Living Inc. Common Stock,2667588705.0,11.17,238817252.01432407,Health Care,Hospital/Nursing Management,2005,2026-09-24,nasdaq_screener,
BKE,Buckle Inc. (The) Common Stock,2134675265.0,41.44,51512434.00096525,Consumer Discretionary,Clothing/Shoe/Accessory Stores,,2026-09-24,nasdaq_screener,
BKH,Black Hills Corporation Common Stock,5376608972.0,70.51,76253141.0012764,Utilities,Electric Utilities: Central,,2026-09-24,nasdaq_screener,
BKHA,Black Hawk Acquisition Corporation Class A Ordinary Shares,0.0,12.1,,Health Care,Biotechnology: Biological Products (No Diagnostic Substances),2024,2026-09-24,nasdaq_screener,
BKKT,Bakkt Inc. Class A Common Stock,397061925.0,8.81,45069458.00227015,Finance,Finance: Consumer Services,,2026-09-24,nasdaq_screener,
BKNG,Booking Holdings Inc. Common Stock,117140219950.0,155.9,751380500.0,Consumer Discretionary,Transportation Services,,2026-09-24,nasdaq_screener,
BKR,Baker Hughes Company Class A Common Stock,57604876340.0,58.03,992674070.9977598,Consumer Discretionary,Oil and Gas Field Machinery,,2026-09-24,nasdaq_screener,
BKSY,BlackSky Technology Inc. Class A Common Stock,910577824.0,22.25,40924846.02247191,Technology,Radio And Television Broadcasting And Communications Equipment,2019,2026-09-24,nasdaq_screener,
BKT,BlackRock Income Trust Inc. (The),1429607346.0,9.61,148762470.96774194,Finance,Investment Bankers/Brokers/Service,,2026-09-24,nasdaq_screener,
BKTI,BK Technologies Corporation Common Stock,280819481.0,74.5,3769389.0067114094,Technology,Radio And Television Broadcasting And Communications Equipment,,2026-09-24,nasdaq_screener,
BKV,BKV Corporation Common Stock,2546618304.0,23.27,109437829.99570262,Energy,Oil & Gas Production,2024,2026-09-24,nasdaq_screener,
BKYI,BIO-key International Inc. Common Stock,3576497.0,2.49,1436344.1767068272,Technology,Computer Software: Prepackaged Software,,2026-09-24,nasdaq_screener,
BL,BlackLine Inc. Common Stock,1635063845.0,28.13,58125269.99644508,Technology,Computer Software: Prepackaged Software,2016,2026-09-24,nasdaq_screener,
BLBD,Blue Bird Corporation Common Stock,1840061106.0,58.09,31676039.008435186,Consumer Discretionary,Construction/Ag Equipment/Trucks,2014,2026-09-24,nasdaq_screener,
BLCO,Bausch + Lomb Corporation Common Shares,6089667444.0,17.05,357165245.98240465,Health Care,Ophthalmic Goods,2022,2026-09-24,nasdaq_screener,
BLDP,Ballard Power Systems Inc. Common Shares,768888646.0,2.19,351090705.93607306,Energy,Industrial Machinery/Components,,2026-09-24,nasdaq_screener,
BLDR,Builders FirstSource Inc. Common Stock,6365406396.0,59.16,107596456.99797161,Consumer Discretionary,RETAIL: Building Materials,2005,2026-09-24,nasdaq_screener,
BLFS,BioLife Solutions Inc. Common Stock,1845739009.0,37.74,48906704.00105988,Health Care,Biotechnology: Electromedical & Electrotherapeutic Apparatus,,2026-09-24,nasdaq_screener,
BLIN,Bridgeline Digital Inc. Common Stock,10418840.0,0.8269,12599879.06639255,Technology,Computer Software: Prepackaged Software,2007,2026-09-24,nasdaq_screener,
BLIV,BeLive Holdings Ordinary Share,25152017.0,2.315,10864802.159827214,Technology,EDP Services,2025,2026-09-24,nasdaq_screener,
BLK,BlackRock Inc. Common Stock,164299248181.0,1060.89,154869259.00046188,Finance,Investment Bankers/Brokers/Service,1999,2026-09-24,nasdaq_screener,
BLKB,Blackbaud Inc. Common Stock,1946781260.0,42.89,45390096.9923059,Technology,Computer Software: Prepackaged Software,2004,2026-09-24,nasdaq_screener,
BLLN,BillionToOne Inc. Class A Common Stock,5399140888.0,114.42,47187038.00034959,Health Care,Medical Specialities,2025,2026-09-24,nasdaq_screener,
BLMN,Bloomin' Brands Inc. Common Stock,732058840.0,8.55,85620916.95906432,Consumer Discretionary,Restaurants,2012,2026-09-24,nasdaq_screener,
BLND,Blend Labs Inc. Class A Common Stock,264894917.0,1.12,236513318.74999997,Technology,Computer Software: Programming Data Processing,2021,2026-09-24,nasdaq_screener,
BLNE,Beeline Holdings Inc. Common Stock,31798713.0,0.9657,32928148.49332091,Finance,Finance: Consumer Services,,2026-09-24,nasdaq_screener,
BLNK,Blink Charging Co. Common Stock,81919362.0,0.5652,144938715.4989384,Miscellaneous,Industrial Machinery/Components,,2026-09-24,nasdaq_screener,
BLRK,Bluerock Acquisition Corp. Class A Ordinary Shares,0.0,10.12,,,,2026,2026-09-24,nasdaq_screener,
BLSH,Bullish Ordinary Shares,6403209414.0,40.11,159641221.9895288,Finance,Finance: Consumer Services,2025,2026-09-24,nasdaq_screener,
BLSM,BlossomHill Therapeutics Inc. Common Stock,710074867.0,22.34,31784908.997314233,Health Care,Biotechnology: Pharmaceutical Preparations,2026,2026-09-24,nasdaq_screener,
BLUW,Blue Water Acquisition Corp. III Class A Ordinary Shares,75058925.0,10.3601,7245000.048262083,,,2025,2026-09-24,nasdaq_screener,
BLW,Blackrock Limited Duration Income Trust,417107435.0,11.68,35711252.99657534,Consumer Discretionary,Other Consumer Services,2003,2026-09-24,nasdaq_screener,
BLX,Bladex Inc. Class E Common Stock,2077340275.0,55.25,37598919.00452489,Finance,Commercial Banks,1992,2026-09-24,nasdaq_screener,
BLZE,Backblaze Inc. Class A Common Stock,870314000.0,14.06,61900000.0,Technology,Computer Software: Prepackaged Software,2021,2026-09-24,nasdaq_screener,
BLZR,Trailblazer Acquisition Corp. Class A Ordinary Shares,0.0,10.22,,Finance,Blank Checks,2025,2026-09-24,nasdaq_screener,
BMA,Banco Macro S.A.  ADR (representing Ten Class B Common Shares),4603610160.0,72.0,63939030.0,Finance,Commercial Banks,,2026-09-24,nasdaq_screener,
BMBL,Bumble Inc. Class A Common Stock,353675082.0,2.68,131968314.17910448,Technology,Computer Software: Programming Data Processing,2021,2026-09-24,nasdaq_screener,
BME,Blackrock Health Sciences Trust,594919263.0,44.62,13333017.996414164,Finance,Trusts Except Educational Religious and Charitable,2005,2026-09-24,nasdaq_screener,
BMEA,Biomea Fusion Inc. Common Stock,104376747.0,1.44,72483852.08333334,Health Care,Biotechnology: Pharmaceutical Preparations,2021,2026-09-24,nasdaq_screener,
BMEZ,BlackRock Health Sciences Term Trust Common Shares of Beneficial Interest,222661401.0,16.7,13333018.023952097,Finance,Trusts Except Educational Religious and Charitable,2020,2026-09-24,nasdaq_screener,
BMGL,Basel Medical Group Ltd Ordinary Shares,6470834.0,4.09,1582111.002444988,Health Care,Medical/Nursing Services,2025,2026-09-24,nasdaq_screener,
BMHL,Bluemount Holdings Limited Class B Ordinary Shares,141126413.0,5.53,25520147.016274862,Finance,Finance: Consumer Services,2025,2026-09-24,nasdaq_screener,
BMI,Badger Meter Inc. Common Stock,3855250651.0,133.0,28986847.0,Industrials,Industrial Machinery/Components,1971,2026-09-24,nasdaq_screener,
BMM,Blue Moon Metals Inc. Common Shares,551579385.0,5.26,104863000.95057034,,,,2026-09-24,nasdaq_screener,
BMN,BlackRock 2037 Municipal Target Term Trust Common Shares of Beneficial Interest,0.0,24.07,,Finance,Trusts Except Educational Religious and Charitable,2022,2026-09-24,nasdaq_screener,
BMNR,BitMine Immersion Technologies Inc. Common Stock,16564596779.0,27.46,603226393.99126,Finance,Finance: Consumer Services,2025,2026-09-24,nasdaq_screener,
BMO,Bank Of Montreal Common Stock,118422864418.0,170.37,695092237.0018195,Finance,Commercial Banks,,2026-09-24,nasdaq_screener,
BMR,Beamr Imaging Ltd. Ordinary Share,20965303.0,1.35,15529854.074074073,Technology,Computer Software: Prepackaged Software,2023,2026-09-24,nasdaq_screener,
BMRA,Biomerica Inc. Common Stock,11954262.0,2.605,4588968.138195777,Health Care,Biotechnology: In Vitro & In Vivo Diagnostic Substances,,2026-09-24,nasdaq_screener,
BMRC,Bank of Marin Bancorp Common Stock,446637360.0,27.58,16194248.005801307,Finance,Major Banks,,2026-09-24,nasdaq_screener,
BMRN,BioMarin Pharmaceutical Inc. Common Stock,12042223547.0,62.21,193573758.9937309,Health Care,Biotechnology: Pharmaceutical Preparations,1999,2026-09-24,nasdaq_screener,
BMY,Bristol-Myers Squibb Company Common Stock,124912001214.0,61.15,2042714655.9934587,Health Care,Biotechnology: Pharmaceutical Preparations,,2026-09-24,nasdaq_screener,
BN,Brookfield Corporation Class A Limited Voting Shares,90898305075.0,37.09,2450749665.004044,Real Estate,Building operators,1925,2026-09-24,nasdaq_screener,
BNAI,Brand Engagement Network Inc. Common Stock,48695664.0,6.49,7503183.975346687,Technology,EDP Services,2021,2026-09-24,nasdaq_screener,
BNC,CEA Industries Inc. Common Stock,251572224.0,6.11,41173850.08183306,Consumer Staples,Farming/Seeds/Milling,,2026-09-24,nasdaq_screener,
BNED,Barnes & Noble Education Inc Common Stock,388594426.0,11.21,34664980.01784121,Consumer Discretionary,Other Specialty Stores,2015,2026-09-24,nasdaq_screener,
BNGO,Bionano Genomics Inc. Common Stock,20020900.0,1.7,11777000.0,Industrials,Biotechnology: Laboratory Analytical Instruments,2018,2026-09-24,nasdaq_screener,
BNKK,Bonk Inc. Common Stock,11441344.0,1.43,8000939.860139861,Consumer Discretionary,Package Goods/Cosmetics,2020,2026-09-24,nasdaq_screener,
BNL,Broadstone Net Lease Inc. Common Stock,3628696082.0,18.91,191892971.020624,Real Estate,Real Estate Investment Trusts,2020,2026-09-24,nasdaq_screener,
BNS,Bank Nova Scotia Halifax Pfd 3 Ordinary Shares,113171133960.0,92.25,1226787360.0,Finance,Major Banks,,2026-09-24,nasdaq_screener,
BNT,Brookfield Wealth Solutions Ltd. Class A Exchangeable Limited Voting Shares,12533569873.0,37.08,338014289.99460626,Finance,Property-Casualty Insurers,2021,2026-09-24,nasdaq_screener,
BNTC,Benitec Biopharma Inc. Common Stock,342897197.0,9.83,34882726.042726345,Health Care,Biotechnology: Pharmaceutical Preparations,2015,2026-09-24,nasdaq_screener,
BNY,The Bank of New York Mellon Corporation Common Stock,101443154270.0,149.51,678504141.9971908,Finance,Major Banks,,2026-09-24,nasdaq_screener,
BOBS,Bob's Discount Furniture Inc. Common Stock,1773423621.0,13.57,130687075.97641857,Consumer Discretionary,Other Specialty Stores,2026,2026-09-24,nasdaq_screener,
BOC,Boston Omaha Corporation Class A Common Stock,403093453.0,13.38,30126565.994020924,Finance,Real Estate,2022,2026-09-24,nasdaq_screener,
BODI,The Beachbody Company Inc. Class A Common Stock,35578812.0,4.9,7260982.040816326,Consumer Discretionary,Other Consumer Services,,2026-09-24,nasdaq_screener,
BOE,Blackrock Enhanced Global Dividend Trust Common Shares of Beneficial Interest,0.0,12.16,,Finance,Trusts Except Educational Religious and Charitable,2005,2026-09-24,nasdaq_screener,
BOF,BranchOut Food Inc. Common Stock,59185330.0,3.64,16259706.043956043,Consumer Staples,Packaged Foods,2023,2026-09-24,nasdaq_screener,
BOH,Bank of Hawaii Corporation Common Stock,2774940855.0,70.34,39450396.005118,Finance,Major Banks,,2026-09-24,nasdaq_screener,
BOKF,BOK Financial Corporation Common Stock,7934937493.0,130.58,60766867.00107213,Finance,Major Banks,,2026-09-24,nasdaq_screener,
BOLD,Boundless Bio Inc. Common Stock,61419560.0,2.7,22747985.185185183,Health Care,Biotechnology: Pharmaceutical Preparations,2024,2026-09-24,nasdaq_screener,
BOLT,Bolt Biotherapeutics Inc. Common Stock,7031159.0,3.65,1926344.9315068494,Health Care,Biotechnology: Pharmaceutical Preparations,2021,2026-09-24,nasdaq_screener,
BON,Bon Natural Life Limited Class A Ordinary Shares,9713928.0,1.195,8128810.041841004,Health Care, Medicinal Chemicals and Botanical Products ,2021,2026-09-24,nasdaq_screener,
BOOM,DMC Global Inc. Common Stock,121602418.0,5.92,20540948.986486487,Industrials,Industrial Specialties,,2026-09-24,nasdaq_screener,
BOOT,Boot Barn Holdings Inc. Common Stock,3770160230.0,124.49,30284844.00353442,Consumer Discretionary,Clothing/Shoe/Accessory Stores,2014,2026-09-24,nasdaq_screener,
BORR,Borr Drilling Limited Common Shares,1341576687.0,4.36,307701075.0,Energy,Oil & Gas Production,2019,2026-09-24,nasdaq_screener,
BOSC,B.O.S. Better Online Solutions Common Stock,33345601.0,4.73,7049809.936575052,Telecommunications,Computer Communications Equipment,,2026-09-24,nasdaq_screener,
BOT,RoboStrategy Inc. Common Stock,0.0,28.385,,,,,2026-09-24,nasdaq_screener,
BOTJ,Bank of the James Financial Group Inc. Common Stock,120398457.0,26.5,4543338.0,Finance,Major Banks,,2026-09-24,nasdaq_screener,
BOW,Bowhead Specialty Holdings Inc. Common Stock,1114791289.0,33.84,32943004.99408983,Finance,Property-Casualty Insurers,2024,2026-09-24,nasdaq_screener,
BOX,Box Inc. Class A Common Stock,4494697323.0,32.76,137200772.985348,Technology,Computer Software: Prepackaged Software,2015,2026-09-24,nasdaq_screener,
BOXL,Boxlight Corporation Class A Common Stock,4163602.0,4.93,844544.0162271806,Real Estate,Other Consumer Services,2017,2026-09-24,nasdaq_screener,
BP,BP p.l.c. Common Stock,116471723540.0,44.49,2617930400.988986,Energy,Integrated oil Companies,,2026-09-24,nasdaq_screener,
BPAC,Blueport Acquisition Ltd Class A Ordinary Shares,0.0,10.19,,,,2026,2026-09-24,nasdaq_screener,
BPOP,Popular Inc. Common Stock,10133128239.0,158.88,63778501.00075529,Finance,Major Banks,,2026-09-24,nasdaq_screener,
BPRN,Princeton Bancorp Inc. Common Stock (PA),289969835.0,42.56,6813201.010338346,Finance,Major Banks,,2026-09-24,nasdaq_screener,
BQ,Boqii Holding Limited Class A Ordinary Shares,6681913.0,0.848,7879614.386792453,Consumer Discretionary,Other Specialty Stores,2025,2026-09-24,nasdaq_screener,
BR,Broadridge Financial Solutions Inc. Common Stock,18636862883.0,163.45,114021797.9993882,Consumer Discretionary,Business Services,,2026-09-24,nasdaq_screener,
BRAG,Bragg Gaming Group Inc. Common Shares,44110034.0,1.42,31063404.225352116,Technology,Office Equipment/Supplies/Services,,2026-09-24,nasdaq_screener,
BRAI,Braiin Limited Common Stock,1158215841.0,5.62,206088227.93594307,Technology,EDP Services,,2026-09-24,nasdaq_screener,
BRBI,BRBI BR Partners S.A. ADSs,563534777.0,11.24,50136545.99644128,Finance,Finance: Consumer Services,,2026-09-24,nasdaq_screener,
BRBR,BellRing Brands Inc. Common Stock ,981387957.0,8.44,116278193.95734598,Consumer Staples,Packaged Foods,2022,2026-09-24,nasdaq_screener,
BRBS,Blue Ridge Bankshares Inc. Common Stock,341714530.0,3.81,89688853.0183727,Finance,Major Banks,,2026-09-24,nasdaq_screener,
BRC,Brady Corporation Common Stock,3931092117.0,83.82,46899213.99427345,Consumer Discretionary,Miscellaneous manufacturing industries,,2026-09-24,nasdaq_screener,
BRCB,Black Rock Coffee Bar Inc. Class A Common Stock,356517474.0,7.12,50072678.93258427,Consumer Discretionary,Restaurants,2025,2026-09-24,nasdaq_screener,
BRCC,BRC Inc. Class A Common Stock,224507852.0,8.97,25028746.04236343,Consumer Staples,Beverages (Production/Distribution),2022,2026-09-24,nasdaq_screener,
BREZ,Breeze Acquisition Corp. II Ordinary Shares,0.0,10.02,,Finance,Blank Checks,2026,2026-09-24,nasdaq_screener,
BRFH,Barfresh Food Group Inc. Common Stock,16960499.0,1.04,16308172.115384614,Consumer Staples,Packaged Foods,,2026-09-24,nasdaq_screener,
BRIA,BrilliA Inc Class A Ordinary Shares,43181250.0,1.41,30625000.0,Consumer Discretionary,Apparel,2024,2026-09-24,nasdaq_screener,
BRID,Bridgford Foods Corporation Common Stock,53507925.0,5.895,9076832.061068702,Consumer Staples,Specialty Foods,,2026-09-24,nasdaq_screener,
BRKH,Burtech Acquisition Corp II Class A Ordinary Shares,0.0,10.03,,Finance,Blank Checks,2026,2026-09-24,nasdaq_screener,
BRKR,Bruker Corporation Common Stock,9091280386.0,59.67,152359316.00469247,Industrials,Biotechnology: Laboratory Analytical Instruments,,2026-09-24,nasdaq_screener,
BRLS,Borealis Foods Inc. Class A Common Shares,27902298.0,1.3,21463306.153846152,Consumer Staples,Packaged Foods,2021,2026-09-24,nasdaq_screener,
BRLT,Brilliant Earth Group Inc. Class A Common Stock,145606597.0,1.43,101822795.10489511,Consumer Discretionary,Consumer Specialties,2021,2026-09-24,nasdaq_screener,
BRN,Barnwell Industries Inc. Common Stock,14289967.0,0.99,14434310.1010101,Energy,Oil & Gas Production,1965,2026-09-24,nasdaq_screener,
BRNX,BrenX Ltd. Ordinary Shares,8667958.0,2.38,3641999.159663866,Industrials,Building Products,,2026-09-24,nasdaq_screener,
BRO,Brown & Brown Inc. Common Stock,20645459027.0,61.7,334610357.0016207,Finance,Specialty Insurers,,2026-09-24,nasdaq_screener,
BROS,Dutch Bros Inc. Class A Common Stock,6713018346.0,38.43,174681716.00312257,Consumer Discretionary,Restaurants,2021,2026-09-24,nasdaq_screener,
BRSL,Brightstar Lottery PLC Trading under the Legal Name to begin at the market open on July 21 2025. Ordinary Shares,1892970000.0,10.26,184500000.0,Consumer Discretionary,Services-Misc. Amusement & Recreation,2015,2026-09-24,nasdaq_screener,
BRSP,BrightSpire Capital Inc. Class A Common Stock,512422929.0,4.05,126524180.0,Real Estate,Real Estate Investment Trusts,2018,2026-09-24,nasdaq_screener,
BRT,BRT Apartments Corp. (MD) Common Stock,260098954.0,13.84,18793277.023121387,Real Estate,Real Estate Investment Trusts,,2026-09-24,nasdaq_screener,
BRTM,B&R Technology Merger Corp. Class A Ordinary Shares,0.0,9.83,,Finance,Blank Checks,2026,2026-09-24,nasdaq_screener,
BRTX,BioRestorative Therapies Inc. Common Stock (NV),3590933.0,2.6,1381128.0769230768,Health Care,Managed Health Care,,2026-09-24,nasdaq_screener,
BRUN,Boost Run Inc. Class A Common Stock,1312337651.0,16.51,79487441.00545123,Technology,EDP Services,,2026-09-24,nasdaq_screener,
BRVE,Braveheart Bio Inc. Common Stock,1932236275.0,21.46,90038969.01211555,Health Care,Biotechnology: Pharmaceutical Preparations,2026,2026-09-24,nasdaq_screener,
BRX,Brixmor Property Group Inc. Common Stock,8481950814.0,27.64,306872315.9913169,Real Estate,Real Estate Investment Trusts,2013,2026-09-24,nasdaq_screener,
BRZE,Braze Inc. Class A Common Stock,2938429126.0,25.87,113584426.98105913,Technology,Computer Software: Prepackaged Software,2021,2026-09-24,nasdaq_screener,
BSAA,BEST SPAC I Acquisition Corp. Class A Ordinary Shares,,11.3,,Finance,Blank Checks,2025,2026-09-24,nasdaq_screener,
BSAC,Banco Santander - Chile ADS,16159255373.0,34.3,471115316.99708456,Finance,Commercial Banks,,2026-09-24,nasdaq_screener,
BSBK,Bogota Financial Corp. Common Stock,116446981.0,9.125,12761312.98630137,Finance,Banks,2020,2026-09-24,nasdaq_screener,
BSEM,BioStem Technologies Inc. Common Stock,67827990.0,3.8,17849471.05263158,Health Care,Biotechnology: Biological Products (No Diagnostic Substances),,2026-09-24,nasdaq_screener,
BSET,Bassett Furniture Industries Incorporated Common Stock,152385534.0,17.6,8658268.977272727,Consumer Discretionary,Home Furnishings,,2026-09-24,nasdaq_screener,
BSIN,Big Sky Industrial Inc. Common Stock,77165339.0,1.47,52493427.891156465,Energy,Oil & Gas Production,,2026-09-24,nasdaq_screener,
BSM,Black Stone Minerals L.P. Common units representing limited partner interests,3097065914.0,14.56,212710571.01648352,Energy,Oil & Gas Production,2015,2026-09-24,nasdaq_screener,
BSP,Bending Spoons S.p.A. Ordinary Shares,23841994952.0,34.64,688279300.0,Technology,Computer Software: Programming Data Processing,2026,2026-09-24,nasdaq_screener,
BSRR,Sierra Bancorp Common Stock,510757842.0,39.4,12963397.005076142,Finance,Major Banks,,2026-09-24,nasdaq_screener,
BST,BlackRock Science and Technology Trust Common Shares of Beneficial Interest,1095261537.0,49.43,22157830.002023064,Finance,Finance Companies,2014,2026-09-24,nasdaq_screener,
BSTZ,BlackRock Science and Technology Term Trust Common Shares of Beneficial Interest,655871768.0,29.6,22157830.0,Finance,Trusts Except Educational Religious and Charitable,2019,2026-09-24,nasdaq_screener,
BSVN,Bank7 Corp. Common stock,524874666.0,55.1,9525856.007259527,Finance,Major Banks,2018,2026-09-24,nasdaq_screener,
BSX,Boston Scientific Corporation Common Stock,64664621450.0,44.62,1449229525.9973106,Health Care,Medical/Dental Instruments,,2026-09-24,nasdaq_screener,
BSY,Bentley Systems Incorporated Class B Common Stock,9884479328.0,32.72,302092888.997555,Technology,Computer Software: Prepackaged Software,2020,2026-09-24,nasdaq_screener,
BTBD,BT Brands Inc. Common Stock,11379892.0,1.84,6184723.913043478,Consumer Discretionary,Restaurants,2021,2026-09-24,nasdaq_screener,
BTBT,Bit Digital Inc. Ordinary Shares,638321300.0,1.77,360633502.8248587,Finance,Finance: Consumer Services,2018,2026-09-24,nasdaq_screener,
BTCS,BTCS Inc. Common Stock,82118588.0,1.565,52471941.21405751,Finance,Finance: Consumer Services,,2026-09-24,nasdaq_screener,
BTCT,BTC Digital Ltd. Ordinary Shares,14160680.0,1.2,11800566.666666668,Finance,Finance: Consumer Services,,2026-09-24,nasdaq_screener,
BTDR,Bitdeer Technologies Group Class A Ordinary Shares,3345639436.0,12.31,271782245.0040617,Finance,Finance: Consumer Services,,2026-09-24,nasdaq_screener,
BTE,Baytex Energy Corp Common Shares,3246707040.0,4.58,708888000.0,Energy,Oil & Gas Production,2023,2026-09-24,nasdaq_screener,
BTG,B2Gold Corp Common shares (Canada),7067728577.0,5.35,1321070762.0560749,Basic Materials,Precious Metals,,2026-09-24,nasdaq_screener,
BTGO,BitGo Holdings Inc. Class A Common Stock,952119538.0,8.1,117545621.97530864,Finance,Finance: Consumer Services,2026,2026-09-24,nasdaq_screener,
BTI,British American Tobacco  Industries p.l.c. Common Stock ADR,120654629047.0,55.85,2160333555.004476,Health Care, Medicinal Chemicals and Botanical Products ,1998,2026-09-24,nasdaq_screener,
BTLN,Brightline Interactive Inc. Common Stock,14711795.0,0.678,21698812.68436578,Technology,EDP Services,2021,2026-09-24,nasdaq_screener,
BTMD,Biote Corp. Class A Common Stock,46705708.0,1.3,35927467.69230769,Health Care, Medicinal Chemicals and Botanical Products ,,2026-09-24,nasdaq_screener,
BTOC,Armlogi Holding Corp. Common Stock,11610707.0,0.2555,45443080.23483366,Consumer Discretionary,Office Equipment/Supplies/Services,2024,2026-09-24,nasdaq_screener,
BTQ,BTQ Technologies Corp. Common Stock,401530248.0,2.73,147080676.92307693,,,,2026-09-24,nasdaq_screener,
BTSG,BrightSpring Health Services Inc. Common Stock,11036867363.0,55.78,197864241.00035855,Health Care,Medical/Nursing Services,2024,2026-09-24,nasdaq_screener,
BTT,BlackRock Municipal 2030 Target Term Trust,0.0,21.78,,Finance,Investment Managers,2012,2026-09-24,nasdaq_screener,
BTTC,Black Titan Corporation Ordinary Shares,7520588.0,0.549,13698703.09653916,Health Care,Biotechnology: Biological Products (No Diagnostic Substances),,2026-09-24,nasdaq_screener,
BTU,Peabody Energy Corporation Common Stock ,3219379000.0,26.41,121900000.0,Energy,Coal Mining,2017,2026-09-24,nasdaq_screener,
BTX,BlackRock Technology and Private Equity Term Trust Common Shares of Beneficial Interest,2117449643.0,8.98,235796174.0534521,,,2021,2026-09-24,nasdaq_screener,
BTZ,BlackRock Credit Allocation Income Trust,1019713050.0,9.43,108135000.0,Finance,Finance/Investors Services,2006,2026-09-24,nasdaq_screener,
BUD,Anheuser-Busch Inbev SA Sponsored ADR (Belgium),151972573141.0,77.06,1972133053.9968855,Consumer Staples,Beverages (Production/Distribution),,2026-09-24,nasdaq_screener,
BUDA,Buda Juice Inc. Common Stock,94878328.0,7.55,12566665.9602649,Consumer Staples,Beverages (Production/Distribution),2026,2026-09-24,nasdaq_screener,
BUI,BlackRock Utility Infrastructure & Power Opportunities Trust,0.0,25.25,,Finance,Trusts Except Educational Religious and Charitable,2011,2026-09-24,nasdaq_screener,
BULL,Webull Corporation Class A Ordinary Shares,4134709370.0,7.65,540484884.9673202,Finance,Investment Bankers/Brokers/Service,,2026-09-24,nasdaq_screener,
BUR,Burford Capital Limited Ordinary Shares,833672162.0,3.81,218811591.0761155,Finance,Finance: Consumer Services,2020,2026-09-24,nasdaq_screener,
BURL,Burlington Stores Inc. Common Stock,16164234129.0,257.33,62815194.99863988,Consumer Discretionary,Department/Specialty Retail Stores,2013,2026-09-24,nasdaq_screener,
BURU,Nuburu Inc. Common Stock,9818086.0,1.06,9262345.283018867,Miscellaneous,Industrial Machinery/Components,,2026-09-24,nasdaq_screener,
BUSE,First Busey Corporation Class A Common Stock,2465736810.0,29.64,83189501.01214574,Finance,Major Banks,,2026-09-24,nasdaq_screener,
BUUU,BUUU Group Limited Class A Ordinary Share,885361313.0,46.975,18847500.01064396,Consumer Discretionary,Services-Misc. Amusement & Recreation,2025,2026-09-24,nasdaq_screener,
BV,BrightView Holdings Inc. Common Stock,938964000.0,10.14,92600000.0,Consumer Staples,Farming/Seeds/Milling,2018,2026-09-24,nasdaq_screener,
BVC,BitVentures Limited Ordinary Shares,2105040000.0,12.53,168000000.0,Finance,Investment Managers,2021,2026-09-24,nasdaq_screener,
BVFL,BV Financial Inc. Common Stock,176188563.0,20.8,8470603.990384616,Finance,Savings Institutions,2023,2026-09-24,nasdaq_screener,
BVN,Buenaventura Mining Company Inc.,8488241095.0,33.42,253986866.99581087,Basic Materials,Metal Mining,1996,2026-09-24,nasdaq_screener,
BVS,Bioventus Inc. Class A Common Stock,1144490487.0,13.61,84091880.01469508,Health Care,Medical/Dental Instruments,2021,2026-09-24,nasdaq_screener,
BW,Babcock & Wilcox Enterprises Inc. Common Stock,989128038.0,6.64,148965065.96385542,Industrials,Building Products,2015,2026-09-24,nasdaq_screener,
BWA,BorgWarner Inc. Common Stock,12331997735.0,60.55,203666354.0049546,Consumer Discretionary,Auto Parts:O.E.M.,,2026-09-24,nasdaq_screener,
BWB,Bridgewater Bancshares Inc. Common Stock,571060695.0,20.48,27883822.998046875,Finance,Major Banks,2018,2026-09-24,nasdaq_screener,
BWEN,Broadwind Inc. Common Stock,102199851.0,4.32,23657372.916666664,Telecommunications,Metal Fabrications,,2026-09-24,nasdaq_screener,
BWFG,Bankwell Financial Group Inc. Common Stock,521845287.0,65.46,7971971.99816682,Finance,Major Banks,2014,2026-09-24,nasdaq_screener,
BWIN,The Baldwin Insurance Group Inc. Class A Common Stock,4443021938.0,31.85,139498334.0031397,Finance,Specialty Insurers,2019,2026-09-24,nasdaq_screener,
BWIV,Blue Water Acquisition Corp. IV Class A Ordinary Shares,0.0,10.0,,Finance,Blank Checks,2026,2026-09-24,nasdaq_screener,
BWLP,BW LPG Limited Common Shares,3870552600.0,24.3,159282000.0,Consumer Discretionary,Transportation Services,2024,2026-09-24,nasdaq_screener,
BWMN,Bowman Consulting Group Ltd. Common Stock,737799391.0,42.56,17335512.006578945,Consumer Discretionary,Professional Services,2021,2026-09-24,nasdaq_screener,
BWMX,Betterware de Mexico S.A.P.I. de C.V. Ordinary Shares,651898225.0,16.51,39485052.998182915,Consumer Discretionary,Catalog/Specialty Distribution,,2026-09-24,nasdaq_screener,
BWXT,BWX Technologies Inc. Common Stock,12992912984.0,141.81,91621980.00141034,Industrials,Industrial Machinery/Components,,2026-09-24,nasdaq_screener,
BX,Blackstone Inc. Common Stock,89527057347.0,119.27,750625114.0018445,Finance,Investment Managers,2007,2026-09-24,nasdaq_screener,
BXBL,BOXABL Inc. Common stock,961143505.0,3.98,241493342.9648241,Consumer Discretionary,Homebuilding,2025,2026-09-24,nasdaq_screener,
BXC,Bluelinx Holdings Inc. Common Stock,627323919.0,79.81,7860217.0028818445,Consumer Discretionary,Wholesale Distributors,2004,2026-09-24,nasdaq_screener,
BXDC,Blackstone Digital Infrastructure Trust Inc. Common Stock,1944556165.0,19.32,100649905.02070393,Finance,Real Estate,2026,2026-09-24,nasdaq_screener,
BXMT,Blackstone Mortgage Trust Inc. Common Stock,2118592939.0,12.57,168543591.0103421,Real Estate,Real Estate Investment Trusts,,2026-09-24,nasdaq_screener,
BXP,BXP Inc. Common Stock,9956494632.0,62.36,159661555.99743426,Real Estate,Real Estate Investment Trusts,1997,2026-09-24,nasdaq_screener,
BY,Byline Bancorp Inc. Common Stock,1666475170.0,36.88,45186420.01084598,Finance,Major Banks,2017,2026-09-24,nasdaq_screener,
BYAH,Park Ha Biological Technology Co. Ltd. Class A Ordinary Shares,9043391.0,2.64,3425526.8939393936,Consumer Discretionary,Package Goods/Cosmetics,2024,2026-09-24,nasdaq_screener,
BYD,Boyd Gaming Corporation Common Stock,5212299400.0,71.74,72655413.99498188,Consumer Discretionary,Hotels/Resorts,1993,2026-09-24,nasdaq_screener,
BYFC,Broadway Financial Corporation Class A Common Stock,110334890.0,11.8914,9278544.998906773,Finance,Savings Institutions,,2026-09-24,nasdaq_screener,
BYND,Beyond Meat Inc. Common Stock,172455479.0,10.03,17193966.001994018,Consumer Staples,Packaged Foods,2019,2026-09-24,nasdaq_screener,
BYRN,Byrna Technologies Inc. Common Stock,84725209.0,3.62,23404753.867403314,Miscellaneous,Industrial Machinery/Components,,2026-09-24,nasdaq_screener,
BYSI,BeyondSpring Inc. Ordinary Shares,29877661.0,0.7266,41119819.70823011,Health Care,Biotechnology: Pharmaceutical Preparations,2017,2026-09-24,nasdaq_screener,
BZ,KANZHUN LIMITED American Depository Shares,6669030180.0,14.41,462805702.98403883,Technology,Computer Software: Programming Data Processing,2021,2026-09-24,nasdaq_screener,
BZAI,Blaize Holdings Inc. Common Stock,80425231.0,0.5553,144832038.53772736,Technology,Semiconductors,2025,2026-09-24,nasdaq_screener,
BZFD,BuzzFeed Inc. Class A Common Stock,87585775.0,1.03,85034733.00970873,Consumer Discretionary,Telecommunications Equipment,2021,2026-09-24,nasdaq_screener,
BZH,Beazer Homes USA Inc. Common Stock,889765427.0,33.35,26679622.99850075,Consumer Discretionary,Homebuilding,1994,2026-09-24,nasdaq_screener,
C,Citigroup Inc. Common Stock,221304234781.0,131.93,1677436782.9985597,Finance,Major Banks,,2026-09-24,nasdaq_screener,
CAAP,Corporacion America Airports SA Common Shares,3920650335.0,23.73,165219146.01769912,Consumer Discretionary,Aerospace,2018,2026-09-24,nasdaq_screener,
CAAS,China Automotive Systems Inc. Ordinary Share,153267166.0,5.08,30170701.968503937,Consumer Discretionary,Auto Parts:O.E.M.,,2026-09-24,nasdaq_screener,
CABA,Cabaletta Bio Inc. Common Stock,376390888.0,2.22,169545445.04504502,Health Care,Biotechnology: Biological Products (No Diagnostic Substances),2019,2026-09-24,nasdaq_screener,
CABO,Cable One Inc. Common Stock,89818233.0,15.83,5673925.015792798,Telecommunications,Cable & Other Pay Television Services,2015,2026-09-24,nasdaq_screener,
CABR,Caring Brands Inc. Common Stock,12960283.0,1.25,10368226.4,Consumer Discretionary,Package Goods/Cosmetics,,2026-09-24,nasdaq_screener,
CAC,Camden National Corporation Common Stock,952148711.0,56.35,16897048.997338064,Finance,Major Banks,,2026-09-24,nasdaq_screener,
CACC,Credit Acceptance Corporation Common Stock,5762571375.0,555.13,10380579.999279449,Finance,Finance: Consumer Services,1992,2026-09-24,nasdaq_screener,
CACI,CACI International Inc. Class A Common Stock,13628379478.0,616.68,22099597.000064865,Technology,EDP Services,,2026-09-24,nasdaq_screener,
CADL,Candel Therapeutics Inc. Common Stock,863894599.0,11.29,76518565.0132861,Health Care,Biotechnology: Biological Products (No Diagnostic Substances),2021,2026-09-24,nasdaq_screener,
CAE,CAE Inc. Common Shares,7848026391.0,24.41,321508660.01638675,Miscellaneous,Industrial Machinery/Components,,2026-09-24,nasdaq_screener,
CAES,Cantor Equity Partners VII Inc. Class A Ordinary Shares,0.0,10.0604,,Finance,Blank Checks,2026,2026-09-24,nasdaq_screener,
CAG,ConAgra Brands Inc. Common Stock,7095399438.0,14.78,480067620.9742896,Consumer Staples,Packaged Foods,,2026-09-24,nasdaq_screener,
CAH,Cardinal Health Inc. Common Stock,51237136268.0,221.27,231559344.9993221,Health Care,Other Pharmaceuticals,,2026-09-24,nasdaq_screener,
CAI,Caris Life Sciences Inc. Common Stock,8944137637.0,31.65,282595186.0031596,Health Care,Medical Specialities,2025,2026-09-24,nasdaq_screener,
CAII,Collective Acquisition Corp. II Class A Ordinary Shares,0.0,9.99,,Finance,Blank Checks,2026,2026-09-24,nasdaq_screener,
CAKE,Cheesecake Factory Incorporated (The) Common Stock,5195507796.0,104.41,49760634.000574656,Consumer Discretionary,Restaurants,1992,2026-09-24,nasdaq_screener,
CAL,Caleres Inc. Common Stock,426481516.0,12.36,34504977.02265372,Consumer Discretionary,Shoe Manufacturing,,2026-09-24,nasdaq_screener,
CALC,CalciMedica Inc. Common Stock,12222643.0,1.79,6828292.178770949,Health Care,Biotechnology: Pharmaceutical Preparations,2023,2026-09-24,nasdaq_screener,
CALM,Cal-Maine Foods Inc. Common Stock,3365277148.0,71.73,46915894.995120585,Consumer Staples,Farming/Seeds/Milling,1996,2026-09-24,nasdaq_screener,
CALX,Calix Inc Common Stock,2174776180.0,34.54,62963988.99826288,Consumer Discretionary,Telecommunications Equipment,2010,2026-09-24,nasdaq_screener,
CALY,Callaway Golf Company Common Stock,2604468501.0,14.59,178510520.97326937,Consumer Discretionary,Recreational Games/Products/Toys,,2026-09-24,nasdaq_screener,
CAMP,CAMP4 Therapeutics Corporation Common Stock,233441904.0,3.72,62753200.0,Health Care,Biotechnology: Pharmaceutical Preparations,2024,2026-09-24,nasdaq_screener,
CAMT,Camtek Ltd. Ordinary Shares,6845438145.0,147.06,46548606.99714402,Technology,Electronic Components,2000,2026-09-24,nasdaq_screener,
CANG,Cango Inc. Class A Ordinary Shares,82454154.0,2.01,41021967.16417911,Finance,Finance: Consumer Services,2025,2026-09-24,nasdaq_screener,
CAPN,Cayson Acquisition Corp Ordinary shares,0.0,11.3,,,,2024,2026-09-24,nasdaq_screener,
CAPR,Capricor Therapeutics Inc. Common Stock,504065035.0,8.67,58138989.0426759,Health Care,Biotechnology: Pharmaceutical Preparations,,2026-09-24,nasdaq_screener,
CAPS,Capstone Holding Corp. Common Stock,4432650.0,0.2038,21750000.0,Consumer Discretionary,RETAIL: Building Materials,,2026-09-24,nasdaq_screener,
CAQ,Cambridge Acquisition Corp. Class A Ordinary Shares,0.0,10.0,,,,2026,2026-09-24,nasdaq_screener,
CAR,Avis Budget Group Inc. Common Stock,3732872425.0,105.67,35325753.99829658,Consumer Discretionary,Rental/Leasing Companies,,2026-09-24,nasdaq_screener,
CARE,Carter Bankshares Inc. Common Stock,663366455.0,29.93,22163931.00567992,Finance,Major Banks,,2026-09-24,nasdaq_screener,
CARG,CarGurus Inc. Class A Common Stock ,2722976222.0,30.57,89073477.98495257,Technology,EDP Services,2017,2026-09-24,nasdaq_screener,
CARL,Carlsmed Inc. Common Stock,402988487.0,14.76,27302743.021680217,Health Care,Medical/Dental Instruments,2025,2026-09-24,nasdaq_screener,
CARR,Carrier Global Corporation Common Stock ,45420310641.0,55.1,824325057.0054446,Industrials,Industrial Machinery/Components,2020,2026-09-24,nasdaq_screener,
CARS,Cars.com Inc. Common Stock ,554063590.0,10.35,53532714.00966184,Technology,EDP Services,2017,2026-09-24,nasdaq_screener,
CART,Maplebear Inc. Common Stock,9945242878.0,42.96,231500066.9925512,Consumer Discretionary,Business Services,2023,2026-09-24,nasdaq_screener,
CASH,Pathward Financial Inc. Common Stock,1522064234.0,73.27,20773362.00354852,Finance,Major Banks,1993,2026-09-24,nasdaq_screener,
CASS,Cass Information Systems Inc Common Stock,691916230.0,54.03,12806148.991301129,Consumer Discretionary,Business Services,,2026-09-24,nasdaq_screener,
CAST,FreeCast Inc. Class A Common Stock,62331191.0,1.31,47581061.83206107,Technology,EDP Services,,2026-09-24,nasdaq_screener,
CASY,Casey's General Stores Inc. Common Stock,22076677351.0,597.31,36960167.00038506,Consumer Discretionary,Retail-Auto Dealers and Gas Stations,1983,2026-09-24,nasdaq_screener,
CAT,Caterpillar Inc. Common Stock,373265203366.0,812.02,459674889.00027096,Industrials,Construction/Ag Equipment/Trucks,,2026-09-24,nasdaq_screener,
CATL, Catalyst Acquisition Corp. Class A Ordinary Share,0.0,9.85,,Finance,Blank Checks,2026,2026-09-24,nasdaq_screener,
CATO,Cato Corporation (The) Class A Common Stock,48983395.0,2.46,19911949.18699187,Consumer Discretionary,Clothing/Shoe/Accessory Stores,,2026-09-24,nasdaq_screener,
CATX,Perspective Therapeutics Inc. Common Stock,299077357.0,2.62,114151662.97709922,Health Care,Biotechnology: Pharmaceutical Preparations,,2026-09-24,nasdaq_screener,
CATY,Cathay General Bancorp Common Stock,4034184695.0,60.47,66713819.99338515,Finance,Major Banks,,2026-09-24,nasdaq_screener,
CAVA,CAVA Group Inc. Common Stock,6202409114.0,53.1,116806198.00376648,Consumer Discretionary,Restaurants,2023,2026-09-24,nasdaq_screener,
CB,Chubb Limited  Common Stock,129323970735.0,335.21,385799858.9988366,Finance,Property-Casualty Insurers,,2026-09-24,nasdaq_screener,
CBAN,Colony Bankcorp Inc. Common Stock,433756525.0,20.44,21220965.01956947,Finance,Major Banks,,2026-09-24,nasdaq_screener,
CBAT,CBAK Energy Technology Limited Ordinary Shares,129422921.0,1.46,88645836.30136986,Miscellaneous,Industrial Machinery/Components,,2026-09-24,nasdaq_screener,
CBC,Central Bancompany Inc. Class A Common Stock,7513276022.0,31.37,239505132.9933057,Finance,Major Banks,,2026-09-24,nasdaq_screener,
CBFV,CB Financial Services Inc. Common Stock,188577582.0,37.11,5081583.9935327405,Finance,Major Banks,,2026-09-24,nasdaq_screener,
CBIO,Crescent Biopharma Inc. Common Stock,527072509.0,14.19,37143940.02818887,Health Care,Biotechnology: Pharmaceutical Preparations,2014,2026-09-24,nasdaq_screener,
CBK,Commercial Bancgroup Inc. Common Stock,431178967.0,31.47,13701270.00317763,Finance,Major Banks,2025,2026-09-24,nasdaq_screener,
CBL,CBL & Associates Properties Inc. Common Stock,1641822686.0,53.06,30942756.992084432,Real Estate,Real Estate Investment Trusts,2021,2026-09-24,nasdaq_screener,
CBLL,CeriBell Inc. Common Stock,906490746.0,23.62,38378101.01608806,Health Care,Biotechnology: Electromedical & Electrotherapeutic Apparatus,2024,2026-09-24,nasdaq_screener,
CBNA,Chain Bridge Bancorp Inc. Class A Common Stock,317985652.0,48.46,6561817.003714403,Finance,Major Banks,2024,2026-09-24,nasdaq_screener,
CBNK,Capital Bancorp Inc. Common Stock,580266043.0,35.62,16290456.007860754,Finance,Major Banks,2018,2026-09-24,nasdaq_screener,
CBOE,Cboe Global Markets Inc. Common Stock,30064707313.0,268.87,111818750.00185964,Finance,Investment Bankers/Brokers/Service,2010,2026-09-24,nasdaq_screener,
CBRE,CBRE Group Inc Common Stock Class A,39500966400.0,136.41,289575297.9986805,Finance,Real Estate,,2026-09-24,nasdaq_screener,
CBRL,Cracker Barrel Old Country Store Inc Common Stock,1062141379.0,47.52,22351459.995791245,Consumer Discretionary,Restaurants,1981,2026-09-24,nasdaq_screener,
CBRS,Cerebras Systems Inc. Class A Common Stock,48757643775.0,205.24,237564041.00077957,Technology,Semiconductors,2026,2026-09-24,nasdaq_screener,
CBSH,Commerce Bancshares Inc. Common Stock,7973394775.0,55.59,143432177.99964023,Finance,Major Banks,,2026-09-24,nasdaq_screener,
CBT,Cabot Corporation Common Stock,4068523352.0,78.8,51631007.00507615,Industrials,Major Chemicals,,2026-09-24,nasdaq_screener,
CBU,Community Financial System Inc. Common Stock,3193259274.0,60.69,52615904.99258527,Finance,Major Banks,,2026-09-24,nasdaq_screener,
CBUS,Cibus Inc. Class A Common Stock,117700605.0,1.54,76428964.28571428,Industrials,Agricultural Chemicals,2017,2026-09-24,nasdaq_screener,
CBZ,CBIZ Inc. Common Stock,2966063626.0,54.66,54263878.997438714,Consumer Discretionary,Business Services,,2026-09-24,nasdaq_screener,
CC,Chemours Company (The) Common Stock,2218355186.0,14.74,150498994.97964722,Industrials,Major Chemicals,2015,2026-09-24,nasdaq_screener,
CCAP,Crescent Capital BDC Inc. Common stock,356300356.0,9.67,36845952.01654602,Finance,Finance: Consumer Services,,2026-09-24,nasdaq_screener,
CCAQ,Collective Acquisition Corp. Class A Ordinary Shares,0.0,10.7,,Finance,Blank Checks,2025,2026-09-24,nasdaq_screener,
CCB,Coastal Financial Corporation Common Stock,671222619.0,43.91,15286327.00979276,Finance,Major Banks,2018,2026-09-24,nasdaq_screener,
CCBG,Capital City Bank Group Common Stock,834273229.0,48.75,17113297.005128205,Finance,Major Banks,,2026-09-24,nasdaq_screener,
CCC,CCC Intelligent Solutions Holdings Inc. Common Stock,3922704729.0,6.66,588994704.054054,Technology,Computer Software: Prepackaged Software,,2026-09-24,nasdaq_screener,
CCCC,C4 Therapeutics Inc. Common Stock,378917419.0,3.08,123025136.03896104,Health Care,Biotechnology: Biological Products (No Diagnostic Substances),2020,2026-09-24,nasdaq_screener,
CCCT,Columbus Circle Capital Corp III Class A Ordinary Shares,0.0,9.84,,,,2026,2026-09-24,nasdaq_screener,
CCEC,Capital Clean Energy Carriers Corp. Common Share,1310699774.0,21.74,60289778.01287949,Consumer Discretionary,Marine Transportation,2007,2026-09-24,nasdaq_screener,
CCEL,Cryo-Cell International Inc. Common Stock,32169974.0,3.99,8062650.125313283,Health Care,Misc Health and Biotechnology Services,2022,2026-09-24,nasdaq_screener,
CCEP,Coca-Cola Europacific Partners plc Ordinary Shares,45257508746.0,99.69,453982433.0023072,Consumer Staples,Beverages (Production/Distribution),,2026-09-24,nasdaq_screener,
CCG,Cheche Group Inc. Class A Ordinary Shares,32420212.0,12.94,2505425.965996909,Finance,Specialty Insurers,,2026-09-24,nasdaq_screener,
CCHH,CCH Holdings Ltd Class A Ordinary Shares,20509277.0,1.035,19815726.57004831,Consumer Discretionary,Restaurants,2025,2026-09-24,nasdaq_screener,
CCI,Crown Castle Inc. Common Stock,29879735481.0,70.23,425455439.0004271,Real Estate,Real Estate Investment Trusts,,2026-09-24,nasdaq_screener,
CCII,Cohen Circle Acquisition Corp. II Class A Ordinary Shares,0.0,10.31,,,,2025,2026-09-24,nasdaq_screener,
CCJ,Cameco Corporation Common Stock,39546394402.0,90.8,435532977.99559474,Basic Materials,Other Metals and Minerals,1996,2026-09-24,nasdaq_screener,
CCK,Crown Holdings Inc.,11934290872.0,109.73,108760510.9997266,Industrials,Containers/Packaging,,2026-09-24,nasdaq_screener,
CCL,Carnival Corporation Ltd. Common Shares,29858350794.0,21.8,1369649118.9908257,Consumer Discretionary,Marine Transportation,1987,2026-09-24,nasdaq_screener,
CCLD,CareCloud Inc. Common Stock,87537350.0,2.06,42493859.22330097,Technology,Computer Software: Prepackaged Software,2014,2026-09-24,nasdaq_screener,
CCNE,CNB Financial Corporation Common Stock,990226186.0,33.43,29620885.013460964,Finance,Major Banks,,2026-09-24,nasdaq_screener,
CCO,Clear Channel Outdoor Holdings Inc. Common Stock,1196370536.0,2.35,509093845.10638297,Consumer Discretionary,Advertising,2005,2026-09-24,nasdaq_screener,
CCOI,Cogent Communications Holdings Inc.,416383934.0,8.13,51215736.03936039,Consumer Discretionary,Telecommunications Equipment,,2026-09-24,nasdaq_screener,
CCS,Century Communities Inc. Common Stock,1745780060.0,61.4,28432900.0,Consumer Discretionary,Homebuilding,2014,2026-09-24,nasdaq_screener,
CCSI,Consensus Cloud Solutions Inc. Common Stock,656032208.0,35.8,18324922.011173185,Technology,Computer Software: Prepackaged Software,,2026-09-24,nasdaq_screener,
CCTG,CCSC Technology International Holdings Limited Class A Ordinary Shares,6967993.0,0.5131,13580185.149093743,Consumer Discretionary,Building Products,2024,2026-09-24,nasdaq_screener,
CCU,Compania Cervecerias Unidas S.A. Common Stock,2056283483.0,11.13,184751436.0287511,Consumer Staples,Beverages (Production/Distribution),,2026-09-24,nasdaq_screener,
CCXI,Churchill Capital Corp XI Class A Ordinary Shares,0.0,12.72,,Finance,Blank Checks,2026,2026-09-24,nasdaq_screener,
CCZ,Comcast Holdings ZONES,229490327176.0,64.67,3548636573.0013914,Telecommunications,Cable & Other Pay Television Services,,2026-09-24,nasdaq_screener,
CD,Chaince Digital Holdings Inc. Ordinary Shares,470816264.0,4.28,110003800.0,Finance,Finance: Consumer Services,2015,2026-09-24,nasdaq_screener,
CDE,Coeur Mining Inc. Common Stock,19859704161.0,19.32,1027934997.9813664,Basic Materials,Precious Metals,,2026-09-24,nasdaq_screener,
CDIO,Cardio Diagnostics Holdings Inc. Common stock,5682180.0,1.92,2959468.75,Health Care,Biotechnology: In Vitro & In Vivo Diagnostic Substances,2022,2026-09-24,nasdaq_screener,
CDLX,Cardlytics Inc. Common Stock,20257183.0,3.44,5888715.988372093,Technology,Computer Software: Programming Data Processing,2018,2026-09-24,nasdaq_screener,
CDNA,CareDx Inc. Common Stock,2809685651.0,54.31,51734222.99760633,Health Care,Medical Specialities,2014,2026-09-24,nasdaq_screener,
CDNL,Cardinal Infrastructure Group Inc. Class A Common Stock,1361527332.0,28.68,47473058.9958159,Industrials,Military/Government/Technical,2025,2026-09-24,nasdaq_screener,
CDNS,Cadence Design Systems Inc. Common Stock,85121222370.0,309.09,275393000.0,Technology,Computer Software: Prepackaged Software,,2026-09-24,nasdaq_screener,
CDP,COPT Defense Properties Common Shares of Beneficial Interest,3829871167.0,33.77,113410458.0100681,Real Estate,Real Estate Investment Trusts,,2026-09-24,nasdaq_screener,
CDRE,Cadre Holdings Inc. Common Stock,1143313598.0,26.7,42820734.007490635,Health Care,Industrial Specialties,2021,2026-09-24,nasdaq_screener,
CDRO,Codere Online Luxembourg S.A. Ordinary Shares,419687315.0,9.23,45469914.951245934,Consumer Discretionary,Services-Misc. Amusement & Recreation,,2026-09-24,nasdaq_screener,
CDT,CDT Equity Inc. Common Stock,2599283.0,0.1349,19268220.904373612,Health Care,Biotechnology: Pharmaceutical Preparations,2022,2026-09-24,nasdaq_screener,
CDTG,CDT Environmental Technology Investment Holdings Limited ordinary shares,3655410.0,1.21,3021000.0,Industrials,Miscellaneous,2024,2026-09-24,nasdaq_screener,
CDW,CDW Corporation Common Stock,18272546984.0,146.16,125017425.99890532,Consumer Discretionary,Catalog/Specialty Distribution,2013,2026-09-24,nasdaq_screener,
CDXS,Codexis Inc. Common Stock,151117956.0,1.38,109505765.21739131,Industrials,Major Chemicals,2010,2026-09-24,nasdaq_screener,
CDZI,CADIZ Inc. Common Stock,323466427.0,3.82,84677075.13089006,Utilities,Water Supply,,2026-09-24,nasdaq_screener,
CE,Celanese Corporation Common Stock,5321725422.0,48.49,109748926.00536193,Industrials,Major Chemicals,2005,2026-09-24,nasdaq_screener,
CECO,CECO Environmental Corp. Common Stock,4391858703.0,74.985,58569830.006001204,Industrials,Pollution Control Equipment,1998,2026-09-24,nasdaq_screener,
CEG,Constellation Energy Corporation Common Stock ,93494631171.0,263.88,354307379.001819,Utilities,Electric Utilities: Central,,2026-09-24,nasdaq_screener,
CELC,Celcuity Inc. Common Stock,3914063321.0,79.99,48931908.00100013,Health Care,Medical Specialities,2017,2026-09-24,nasdaq_screener,
CELH,Celsius Holdings Inc. Common Stock,7383562671.0,29.18,253035046.9842358,Consumer Staples,Beverages (Production/Distribution),,2026-09-24,nasdaq_screener,
CELU,Celularity Inc. Class A Common Stock,33287855.0,1.15,28945960.86956522,Health Care,Biotechnology: Pharmaceutical Preparations,2019,2026-09-24,nasdaq_screener,
CELZ,Creative Medical Technology Holdings Inc. Common Stock,6419832.0,0.9738,6592556.993222428,Health Care,Biotechnology: Biological Products (No Diagnostic Substances),,2026-09-24,nasdaq_screener,
CENN,Cenntro Inc. Common Stock,79269799.0,4.51,17576452.106430154,Industrials,Auto Manufacturing,,2026-09-24,nasdaq_screener,
CENT,Central Garden & Pet Company Common Stock,2471781695.0,39.49,62592597.99949354,Consumer Discretionary,Consumer Specialties,1993,2026-09-24,nasdaq_screener,
CENTA,Central Garden & Pet Company Class A Common Stock Nonvoting,2138163148.0,34.16,62592598.00936769,Consumer Discretionary,Consumer Specialties,,2026-09-24,nasdaq_screener,
CENX,Century Aluminum Company Common Stock,3842919712.0,38.82,98993295.002576,Industrials,Aluminum,1996,2026-09-24,nasdaq_screener,
CEPF,Cantor Equity Partners IV Inc. Class A Ordinary Shares,0.0,10.28,,Finance,Blank Checks,2025,2026-09-24,nasdaq_screener,
CEPL,Capstone Energy Plus Inc. Common Stock,178711508.0,5.48,32611589.05109489,Industrials,Industrial Machinery/Components,,2026-09-24,nasdaq_screener,
CEPO,Cantor Equity Partners I Inc. Class A Ordinary Shares,0.0,10.76,,Finance,Blank Checks,2025,2026-09-24,nasdaq_screener,
CEPS,Cantor Equity Partners VI Inc. Class A Ordinary Shares,0.0,10.3,,Finance,Blank Checks,2026,2026-09-24,nasdaq_screener,
CEPV,Cantor Equity Partners V Inc. Class A Ordinary Shares,0.0,10.36,,,,2025,2026-09-24,nasdaq_screener,
CERS,Cerus Corporation Common Stock,523964735.0,2.6,201524898.07692307,Health Care,Medical/Dental Instruments,1997,2026-09-24,nasdaq_screener,
CERT,Certara Inc. Common Stock,1317935059.0,8.64,152538779.97685185,Technology,Computer Software: Prepackaged Software,2020,2026-09-24,nasdaq_screener,
CET,Central Securities Corporation Common Stock,13659902288.0,56.44,242025200.0,Finance,Finance/Investors Services,1951,2026-09-24,nasdaq_screener,
CETX,Cemtrex Inc. Common Stock,3579973.0,2.08,1721140.8653846153,Technology,Electrical Products,,2026-09-24,nasdaq_screener,
CETY,Clean Energy Technologies Inc. Common Stock,12287767.0,1.01,12166105.940594058,Utilities,Oil/Gas Transmission,,2026-09-24,nasdaq_screener,
CEV,Eaton Vance California Municipal Income Trust Shares of Beneficial Interest,71742465.0,10.2,7033575.000000001,Finance,Finance/Investors Services,1999,2026-09-24,nasdaq_screener,
CEVA,CEVA Inc. Common Stock,946539901.0,33.62,28154072.010707915,Technology,Computer Software: Programming Data Processing,,2026-09-24,nasdaq_screener,
CF,CF Industries Holdings Inc. Common Stock,18257432003.0,120.64,151338129.9983422,Industrials,Agricultural Chemicals,2005,2026-09-24,nasdaq_screener,
CFBK,CF Bankshares Inc. Common Stock,217550012.0,33.91,6415512.002359186,Finance,Major Banks,,2026-09-24,nasdaq_screener,
CFFI,C&F Financial Corporation Common Stock,297172040.0,91.39,3251690.994638363,Finance,Major Banks,,2026-09-24,nasdaq_screener,
CFFN,Capitol Federal Financial Inc. Common Stock,1092318079.0,8.69,125698282.96892981,Finance,Savings Institutions,,2026-09-24,nasdaq_screener,
CFG,Citizens Financial Group Inc. Common Stock,27212232273.0,64.61,421176788.0049528,Finance,Major Banks,2014,2026-09-24,nasdaq_screener,
CFR,Cullen/Frost Bankers Inc. Common Stock,9587071574.0,154.26,62148784.99935175,Finance,Major Banks,,2026-09-24,nasdaq_screener,
CG,The Carlyle Group Inc. Common Stock,14224805296.0,39.92,356332797.99599195,Finance,Investment Managers,2012,2026-09-24,nasdaq_screener,
CGAU,Centerra Gold Inc. Common Shares,4515450358.0,22.61,199710321.00840336,Basic Materials,Precious Metals,2021,2026-09-24,nasdaq_screener,
CGC,Canopy Growth Corporation Common Shares,395709441.0,0.9354,423037674.79153305,Health Care, Medicinal Chemicals and Botanical Products ,,2026-09-24,nasdaq_screener,
CGCF,Cartesian Growth Corporation IV Class A Ordinary Shares,0.0,9.8,,Finance,Blank Checks,2026,2026-09-24,nasdaq_screener,
CGEM,Cullinan Therapeutics Inc. Common Stock,1085663688.0,16.87,64354694.0130409,Health Care,Biotechnology: Biological Products (No Diagnostic Substances),2021,2026-09-24,nasdaq_screener,
CGEN,Compugen Ltd. Ordinary Shares,221328048.0,2.34,94584635.8974359,Health Care,Biotechnology: Biological Products (No Diagnostic Substances),2000,2026-09-24,nasdaq_screener,
CGNT,Cognyte Software Ltd. Ordinary Shares,645150326.0,8.73,73900380.98510882,Technology,Computer Software: Prepackaged Software,,2026-09-24,nasdaq_screener,
CGNX,Cognex Corporation Common Stock,9788945366.0,58.19,168223842.0003437,Industrials,Industrial Machinery/Components,1989,2026-09-24,nasdaq_screener,
CGON,CG Oncology Inc. Common stock,6502657910.0,73.36,88640375.0,Health Care,Biotechnology: Biological Products (No Diagnostic Substances),2024,2026-09-24,nasdaq_screener,
CGTL,Creative Global Technology Holdings Limited Class A Ordinary Shares,6498784.0,3.78,1719255.0264550266,Technology,Retail: Computer Software & Peripheral Equipment,2024,2026-09-24,nasdaq_screener,
CGTX,Cognition Therapeutics Inc. Common Stock,90339059.0,0.95,95093746.31578948,Health Care,Biotechnology: Biological Products (No Diagnostic Substances),2021,2026-09-24,nasdaq_screener,
CHAI,Core AI Holdings Inc. Common Shares,7886801.0,0.3049,25866844.867169563,Telecommunications,Telecommunications Equipment,2020,2026-09-24,nasdaq_screener,
CHAR,Charlton Aria Acquisition Corporation Class A Ordinary Shares,0.0,11.015,,,,2024,2026-09-24,nasdaq_screener,
CHCI,Comstock Holding Companies Inc. Class A Common Stock,202554454.0,19.7,10281951.979695432,Finance,Real Estate,2004,2026-09-24,nasdaq_screener,
CHCO,City Holding Company Common Stock,1955788530.0,139.25,14045160.0,Finance,Major Banks,,2026-09-24,nasdaq_screener,
CHCT,Community Healthcare Trust Incorporated Common Stock,408890325.0,14.27,28653841.976173792,Real Estate,Real Estate Investment Trusts,2015,2026-09-24,nasdaq_screener,
CHD,Church & Dwight Company Inc. Common Stock,22776319150.0,96.02,237203906.99854198,Consumer Discretionary,Package Goods/Cosmetics,,2026-09-24,nasdaq_screener,
CHDN,Churchill Downs Incorporated Common Stock,5608081552.0,80.46,69700243.00273429,Consumer Discretionary,Services-Misc. Amusement & Recreation,,2026-09-24,nasdaq_screener,
CHE,Chemed Corp,6510016874.0,498.09,13069960.999016242,Health Care,Medical/Nursing Services,,2026-09-24,nasdaq_screener,
CHEC,Chenghe Acquisition III Co. Class A Ordinary Share,0.0,10.27,,,,2025,2026-09-24,nasdaq_screener,
CHEF,The Chefs' Warehouse Inc. Common Stock,4442285478.0,108.89,40796083.001193866,Consumer Discretionary,Food Distributors,2011,2026-09-24,nasdaq_screener,
CHGA,Change Agents Corporation Common Stock,2486880.0,2.22,1120216.216216216,Technology,EDP Services,,2026-09-24,nasdaq_screener,
CHGG,Chegg Inc. Common Stock,81360939.0,0.7328,111027482.25982532,Real Estate,Other Consumer Services,2013,2026-09-24,nasdaq_screener,
CHH,Choice Hotels International Inc. Common Stock,4592038282.0,101.64,45179440.00393546,Consumer Discretionary,Hotels/Resorts,,2026-09-24,nasdaq_screener,
CHKP,Check Point Software Technologies Ltd. Ordinary Shares,14412525495.0,141.16,102100633.99688298,Technology,Computer Software: Prepackaged Software,1996,2026-09-24,nasdaq_screener,
CHMG,Chemung Financial Corp Common Stock,391599956.0,81.22,4821472.001969959,Finance,Major Banks,,2026-09-24,nasdaq_screener,
CHMI,Cherry Hill Mortgage Investment Corporation Common Stock,101974807.0,2.76,36947393.84057971,Real Estate,Real Estate Investment Trusts,2013,2026-09-24,nasdaq_screener,
CHNR,China Natural Resources Inc. Common Stock,4698572.0,3.81,1233220.997375328,Basic Materials,Precious Metals,,2026-09-24,nasdaq_screener,
CHOW,ChowChow Cloud International Holdings Limited Ordinary Shares,23245950.0,0.655,35490000.0,Technology,Computer Software: Prepackaged Software,2025,2026-09-24,nasdaq_screener,
CHPG,ChampionsGate Acquisition Corporation Class A Ordinary Share,0.0,10.45,,,,2025,2026-09-24,nasdaq_screener,
CHPT,ChargePoint Holdings Inc. Common Stock,247828491.0,9.23,26850324.052004334,Miscellaneous,Industrial Machinery/Components,2019,2026-09-24,nasdaq_screener,
CHR,Cheer Holding Inc. Class A Ordinary Share,3682361.0,1.57,2345452.866242038,Technology,EDP Services,2018,2026-09-24,nasdaq_screener,
CHRD,Chord Energy Corporation Common Stock,7532990932.0,137.72,54697872.00116178,Energy,Oil & Gas Production,,2026-09-24,nasdaq_screener,
CHRN,ChronoScale Holdings Corporation Common Stock,2987024141.0,20.51,145637452.0234032,Industrials,Industrial Machinery/Components,,2026-09-24,nasdaq_screener,
CHRS,Coherus Oncology Inc. Common Stock,194671217.0,1.26,154500965.87301588,Health Care,Biotechnology: Biological Products (No Diagnostic Substances),2014,2026-09-24,nasdaq_screener,
CHRW,C.H. Robinson Worldwide Inc. Common Stock,17489127785.0,149.67,116851258.0009354,Industrials,Integrated Freight & Logistics,1997,2026-09-24,nasdaq_screener,
CHSN,Chanson International Holding Class A Ordinary Shares,3969472.0,1.07,3709786.9158878503,Consumer Staples,Packaged Foods,2023,2026-09-24,nasdaq_screener,
CHT,Chunghwa Telecom Co. Ltd.,35839403015.0,46.2,775744654.004329,Telecommunications,Telecommunications Equipment,,2026-09-24,nasdaq_screener,
CHTR,Charter Communications Inc. Class A Common Stock New,13360881342.0,116.61,114577491.99897093,Telecommunications,Cable & Other Pay Television Services,,2026-09-24,nasdaq_screener,
CHWY,Chewy Inc. Class A Common Stock,7455750469.0,18.55,401927249.0026954,Consumer Discretionary,Catalog/Specialty Distribution,2019,2026-09-24,nasdaq_screener,
CHYM,Chime Financial Inc. Class A Common Stock,10017362037.0,26.46,378585110.9977324,Finance,Finance: Consumer Services,2025,2026-09-24,nasdaq_screener,
CI,The Cigna Group Common Stock,70887795179.0,268.27,264240485.99917996,Health Care,Medical Specialities,,2026-09-24,nasdaq_screener,
CIA,Citizens Inc. Class A Common Stock ($1.00 Par),178770171.0,3.53,50643107.932011336,Finance,Life Insurance,1994,2026-09-24,nasdaq_screener,
CIEN,Ciena Corporation Common Stock,50471072133.0,355.91,141808525.0007024,Utilities,Telecommunications Equipment,1997,2026-09-24,nasdaq_screener,
CIFR,Cipher Digital Inc. Common Stock,7615813749.0,18.35,415030722.0163487,Finance,Finance: Consumer Services,2020,2026-09-24,nasdaq_screener,
CIGI,Colliers International Group Inc. Subordinate Voting Shares,4666289896.0,91.31,51103821.00536633,Finance,Real Estate,,2026-09-24,nasdaq_screener,
CIGL,Concorde International Group Ltd Class A Ordinary Shares,95538183.0,0.4209,226985466.85673556,Consumer Discretionary,Diversified Commercial Services,2025,2026-09-24,nasdaq_screener,
CIIT,Tianci International Inc. Common Stock,2529727.0,2.615,967390.8221797323,Telecommunications,Computer Communications Equipment,,2026-09-24,nasdaq_screener,
CIM,Chimera Investment Corporation Common Stock,899902044.0,10.75,83711818.04651164,Real Estate,Real Estate Investment Trusts,2007,2026-09-24,nasdaq_screener,
CINF,Cincinnati Financial Corporation Common Stock,24950925776.0,162.57,153478045.00215292,Finance,Property-Casualty Insurers,,2026-09-24,nasdaq_screener,
CING,Cingulate Inc. Common Stock,72418293.0,4.98,14541825.903614456,Health Care,Biotechnology: Pharmaceutical Preparations,2021,2026-09-24,nasdaq_screener,
CINT,CI&T Inc Class A Common Shares,391824849.0,3.04,128889752.96052632,Technology,EDP Services,2021,2026-09-24,nasdaq_screener,
CION,CION Investment Corporation Common Stock,353275415.0,7.18,49202704.03899722,Finance,Finance/Investors Services,2021,2026-09-24,nasdaq_screener,
CIRC,Circle8 Group Inc. Common Stock,38898354.0,0.34,114406923.52941176,Industrials,Biotechnology: Laboratory Analytical Instruments,2024,2026-09-24,nasdaq_screener,
CISO,CISO Global Inc. Common Stock,10980788.0,0.2412,45525655.058043115,Consumer Discretionary,Professional Services,,2026-09-24,nasdaq_screener,
CISS,C3is Inc. Common Stock,1636767.0,1.1,1487969.9999999998,Consumer Discretionary,Marine Transportation,,2026-09-24,nasdaq_screener,
CITR,CitroTech Inc. Common Stock,103520446.0,4.59,22553474.074074075,Industrials,Major Chemicals,,2026-09-24,nasdaq_screener,
CIVB,Civista Bancshares Inc. Common Stock,552918788.0,26.59,20794237.984204587,Finance,Major Banks,,2026-09-24,nasdaq_screener,
CIX,CompX International Inc. Common Stock,439925189.0,35.66,12336657.010656198,Consumer Discretionary,Industrial Machinery/Components,1998,2026-09-24,nasdaq_screener,
CJMB,Callan JMB Inc. Common Stock,12195020.0,2.12,5752367.924528302,Consumer Discretionary,Business Services,2025,2026-09-24,nasdaq_screener,
CKX,CKX Lands Inc. Common Stock,22492028.0,10.955,2053128.9821999087,Energy,Oil & Gas Production,2003,2026-09-24,nasdaq_screener,
CL,Colgate-Palmolive Company Common Stock,68501061196.0,85.93,797172829.000349,Consumer Discretionary,Package Goods/Cosmetics,,2026-09-24,nasdaq_screener,
CLAR,Clarus Corporation Common Stock,134008543.0,3.5,38288155.14285714,Consumer Discretionary,Recreational Games/Products/Toys,,2026-09-24,nasdaq_screener,
CLB,Core Laboratories Inc. Common Stock,487752681.0,10.63,45884541.956726246,Energy,Oilfield Services/Equipment,2023,2026-09-24,nasdaq_screener,
CLBK,Columbia Financial Inc. Common Stock,1163250703.0,11.18,104047468.96243292,Finance,Savings Institutions,2018,2026-09-24,nasdaq_screener,
CLBR,Colombier Acquisition Corp. III Class A Ordinary Shares,0.0,10.215,,,,2026,2026-09-24,nasdaq_screener,
CLBT,Cellebrite DI Ltd. Ordinary Shares,2890422190.0,11.5,251341060.0,Technology,Computer Software: Prepackaged Software,,2026-09-24,nasdaq_screener,
CLDI,Calidi Biotherapeutics Inc. Common Stock,4017575.0,1.09,3685848.623853211,Health Care,Biotechnology: Biological Products (No Diagnostic Substances),2021,2026-09-24,nasdaq_screener,
CLDT,Chatham Lodging Trust (REIT) Common Shares of Beneficial Interest,609078231.0,13.08,46565613.99082569,Real Estate,Real Estate Investment Trusts,2010,2026-09-24,nasdaq_screener,
CLDX,Celldex Therapeutics Inc.,2443839036.0,31.12,78529532.00514139,Health Care,Biotechnology: In Vitro & In Vivo Diagnostic Substances,,2026-09-24,nasdaq_screener,
CLF,Cleveland-Cliffs Inc. Common Stock,7342850405.0,12.87,570540047.0085471,Basic Materials,Metal Mining,,2026-09-24,nasdaq_screener,
CLFD,Clearfield Inc. Common Stock,422053482.0,31.07,13583955.004827809,Utilities,Telecommunications Equipment,,2026-09-24,nasdaq_screener,
CLGN,CollPlant Biotechnologies Ltd Ordinary Shares,7638917.0,4.04,1890821.0396039605,Health Care,Industrial Specialties,,2026-09-24,nasdaq_screener,
CLH,Clean Harbors Inc. Common Stock,16530326711.0,313.15,52787247.99936133,Industrials,Environmental Services,,2026-09-24,nasdaq_screener,
CLIK,Click Holdings Limited Class A Ordinary Share,10018749.0,1.17,8563033.333333334,Consumer Discretionary,Diversified Commercial Services,2024,2026-09-24,nasdaq_screener,
CLIR,ClearSign Technologies Corporation Common Stock (DE),24098391.0,3.54,6807455.084745763,Industrials,Industrial Machinery/Components,2012,2026-09-24,nasdaq_screener,
CLMB,Climb Global Solutions Inc. Common Stock,571575373.0,30.63,18660639.014038526,Technology,Retail: Computer Software & Peripheral Equipment,,2026-09-24,nasdaq_screener,
CLMT,Calumet Inc. Common Stock,4779905965.0,54.38,87898234.00147113,Energy,Integrated oil Companies,2006,2026-09-24,nasdaq_screener,
CLNE,Clean Energy Fuels Corp. Common Stock,357120924.0,1.62,220445014.8148148,Utilities,Natural Gas Distribution,2007,2026-09-24,nasdaq_screener,
CLNN,Clene Inc. Common Stock,60977978.0,4.29,14213980.885780886,Health Care,Biotechnology: Pharmaceutical Preparations,,2026-09-24,nasdaq_screener,
CLOV,Clover Health Investments Corp. Class A Common Stock,2427384122.0,4.57,531156263.0196936,Health Care,Medical Specialities,,2026-09-24,nasdaq_screener,
CLPR,Clipper Realty Inc. Common Stock,55743603.0,3.45,16157566.086956521,Real Estate,Real Estate Investment Trusts,2017,2026-09-24,nasdaq_screener,
CLPS,CLPS Incorporation Common Stock,30040887.0,1.01,29743452.475247525,Technology,Computer Software: Prepackaged Software,2018,2026-09-24,nasdaq_screener,
CLPT,ClearPoint Neuro Inc. Common Stock,456648278.0,14.97,30504226.987307947,Health Care,Medical/Dental Instruments,,2026-09-24,nasdaq_screener,
CLRB,Cellectar Biosciences Inc.  Common Stock,19754906.0,2.09,9452108.133971293,Health Care,Biotechnology: Pharmaceutical Preparations,,2026-09-24,nasdaq_screener,
CLRO,ClearOne Inc. Common Stock,11290239.0,4.22,2675412.0853080573,Utilities,Telecommunications Equipment,,2026-09-24,nasdaq_screener,
CLS,Celestica Inc. Common Stock,41601869037.0,361.84,114973107.00033164,Technology,Electrical Products,1998,2026-09-24,nasdaq_screener,
CLSK,CleanSpark Inc. Common Stock,3713574876.0,14.46,256817073.02904564,Finance,Finance: Consumer Services,,2026-09-24,nasdaq_screener,
CLST,Catalyst Bancorp Inc. Common Stock,72769590.0,18.04,4033791.019955654,Finance,Savings Institutions,2021,2026-09-24,nasdaq_screener,
CLVT,Clarivate Plc Ordinary Shares,1170585125.0,1.83,639664002.7322404,Technology,EDP Services,2019,2026-09-24,nasdaq_screener,
CLW,Clearwater Paper Corporation Common Stock,344811594.0,21.38,16127763.985032741,Basic Materials,Paper,,2026-09-24,nasdaq_screener,
CLWT,Euro Tech Holdings Company Limited Common Stock,11154253.0,1.505,7411463.787375416,Consumer Discretionary,Professional and commerical equipment,1997,2026-09-24,nasdaq_screener,
CLX,Clorox Company (The) Common Stock,10150948560.0,83.94,120931005.00357398,Consumer Discretionary,Specialty Chemicals,,2026-09-24,nasdaq_screener,
CLYM,Climb Bio Inc. Common Stock,719101913.0,12.52,57436255.03194889,Health Care,Biotechnology: Pharmaceutical Preparations,2021,2026-09-24,nasdaq_screener,
CM,Canadian Imperial Bank of Commerce Common Stock,101191711580.0,111.45,907956137.9991027,Finance,Commercial Banks,,2026-09-24,nasdaq_screener,
CMBT,CMB.TECH NV Ordinary Shares,6054131717.0,19.16,315977647.0250522,Consumer Discretionary,Marine Transportation,2015,2026-09-24,nasdaq_screener,
CMC,Commercial Metals Company Common Stock,7152969501.0,64.66,110624334.99845345,Industrials,Steel/Iron Ore,,2026-09-24,nasdaq_screener,
CMCL,Caledonia Mining Corporation Plc Common Shares,466555456.0,24.13,19335078.98881061,Basic Materials,Precious Metals,,2026-09-24,nasdaq_screener,
CMCO,Columbus McKinnon Corporation Common Stock,476548668.0,16.51,28864243.97334948,Industrials,Construction/Ag Equipment/Trucks,1996,2026-09-24,nasdaq_screener,
CMCSA,Comcast Corporation Class A Common Stock,80021754721.0,22.55,3548636572.993348,Telecommunications,Cable & Other Pay Television Services,,2026-09-24,nasdaq_screener,
CMCT,Creative Media & Community Trust Corporation Common stock,6499222.0,2.205,2947492.970521542,Real Estate,Real Estate Investment Trusts,,2026-09-24,nasdaq_screener,
CMDB,Costamare Bulkers Holdings Limited Common Stock,539708135.0,22.32,24180471.998207886,Consumer Discretionary,Marine Transportation,2025,2026-09-24,nasdaq_screener,
CME,CME Group Inc. Class A Common Stock,97374064420.0,270.8,359579262.9985229,Finance,Investment Bankers/Brokers/Service,2002,2026-09-24,nasdaq_screener,
CMG,Chipotle Mexican Grill Inc. Common Stock,41391822780.0,32.71,1265418000.0,Consumer Discretionary,Restaurants,2006,2026-09-24,nasdaq_screener,
CMI,Cummins Inc. Common Stock,72225673105.0,524.65,137664487.0008577,Industrials,Industrial Machinery/Components,,2026-09-24,nasdaq_screener,
CMND,Clearmind Medicine Inc. Common Shares,1823429.0,0.85,2145210.588235294,Health Care,Biotechnology: Pharmaceutical Preparations,,2026-09-24,nasdaq_screener,
CMP,Compass Minerals Intl Inc Common Stock,973956277.0,23.2,41980874.008620694,Industrials,Mining & Quarrying of Nonmetallic Minerals (No Fuels),2003,2026-09-24,nasdaq_screener,
CMPR,Cimpress plc Ordinary Shares (Ireland),1899015633.0,77.99,24349475.996922683,Consumer Discretionary,Publishing,2005,2026-09-24,nasdaq_screener,
CMPS,COMPASS Pathways Plc American Depository Shares,1904056303.0,13.75,138476822.03636363,Health Care,Biotechnology: Pharmaceutical Preparations,2020,2026-09-24,nasdaq_screener,
CMPX,Compass Therapeutics Inc. Common Stock,210702861.0,1.17,180087915.3846154,Health Care,Biotechnology: Biological Products (No Diagnostic Substances),,2026-09-24,nasdaq_screener,
CMRC,Commerce.com Inc. Series 1 Common Stock,268463131.0,3.24,82858991.04938272,Technology,Computer Software: Prepackaged Software,2020,2026-09-24,nasdaq_screener,
CMRE,Costamare Inc. Common Stock $0.0001 par value,1770242982.0,14.68,120588758.99182561,Consumer Discretionary,Marine Transportation,2010,2026-09-24,nasdaq_screener,
CMS,CMS Energy Corporation Common Stock,19802396138.0,63.15,313577135.9936659,Utilities,Power Generation,,2026-09-24,nasdaq_screener,
CMT,Core Molding Technologies Inc Common Stock,202996840.0,22.94,8849034.001743678,Industrials,Plastic Products,1996,2026-09-24,nasdaq_screener,
CMTG,Claros Mortgage Trust Inc. Common Stock,186231152.0,1.32,141084206.06060606,Finance,Real Estate,2021,2026-09-24,nasdaq_screener,
CMTL,Comtech Telecommunications Corp. Common Stock,43144461.0,1.44,29961431.25,Technology,Radio And Television Broadcasting And Communications Equipment,,2026-09-24,nasdaq_screener,
CMTV,Community Bancorp. Common Stock,219555358.0,39.2,5600901.989795918,Finance,Major Banks,,2026-09-24,nasdaq_screener,
CNA,CNA Financial Corporation Common Stock,12748009718.0,47.11,270600927.99830186,Finance,Property-Casualty Insurers,,2026-09-24,nasdaq_screener,
CNC,Centene Corporation Common Stock,30667209600.0,62.08,493995000.0,Health Care,Medical Specialities,,2026-09-24,nasdaq_screener,
CNCK,Coincheck Group N.V. Ordinary Shares,322220595.0,1.68,191797973.21428573,Finance,Finance: Consumer Services,,2026-09-24,nasdaq_screener,
CNDT,Conduent Incorporated Common Stock ,248833280.0,1.6,155520800.0,Consumer Discretionary,Business Services,,2026-09-24,nasdaq_screener,
CNET,ZW Data Action Technologies Inc. Common Stock,4805642.0,1.31,3668429.007633588,Technology,Computer Software: Programming Data Processing,,2026-09-24,nasdaq_screener,
CNEY,CN Energy Group Inc. Class A Ordinary Shares,4756277.0,0.5798,8203306.312521559,Industrials,Major Chemicals,2021,2026-09-24,nasdaq_screener,
CNH,CNH Industrial N.V. Common Shares,17018731923.0,13.75,1237725958.0363636,Industrials,Construction/Ag Equipment/Trucks,2013,2026-09-24,nasdaq_screener,
CNI,Canadian National Railway Company Common Stock,72183909000.0,119.49,604100000.0,Industrials,Railroads,,2026-09-24,nasdaq_screener,
CNK,Cinemark Holdings Inc Cinemark Holdings Inc. Common Stock,4148485290.0,35.79,115911854.98742665,Consumer Discretionary,Movies/Entertainment,2007,2026-09-24,nasdaq_screener,
CNL,Collective Mining Ltd. Common Shares,1226986014.0,13.23,92742707.02947846,,,,2026-09-24,nasdaq_screener,
CNM,Core & Main Inc. Class A Common Stock,8145525578.0,42.76,190494050.0,Consumer Discretionary,Durable Goods,2021,2026-09-24,nasdaq_screener,
CNMD,CONMED Corporation Common Stock,1371767158.0,45.8,29951247.991266377,Health Care,Biotechnology: Electromedical & Electrotherapeutic Apparatus,1987,2026-09-24,nasdaq_screener,
CNNE,Cannae Holdings Inc. Common Stock,684879044.0,15.79,43374226.9791007,Consumer Discretionary,Restaurants,2017,2026-09-24,nasdaq_screener,
CNO,CNO Financial Group Inc. Common Stock,4998004461.0,54.02,92521370.9922251,Finance,Accident &Health Insurance,,2026-09-24,nasdaq_screener,
CNOB,ConnectOne Bancorp Inc. Common Stock,1656009090.0,30.5,54295380.0,Finance,Major Banks,,2026-09-24,nasdaq_screener,
CNP,CenterPoint Energy Inc (Holding Co) Common Stock,24478045902.0,37.16,658720287.9978472,Utilities,Electric Utilities: Central,,2026-09-24,nasdaq_screener,
CNQ,Canadian Natural Resources Limited Common Stock,98559537600.0,47.64,2068840000.0,Energy,Oil & Gas Production,,2026-09-24,nasdaq_screener,
CNR,Core Natural Resources Inc. Common Stock,4573981083.0,92.15,49636257.00488334,Energy,Coal Mining,2017,2026-09-24,nasdaq_screener,
CNS,Cohen & Steers Inc Common Stock,3879240450.0,75.44,51421533.00636268,Finance,Investment Managers,2004,2026-09-24,nasdaq_screener,
CNSP,CNS Pharmaceuticals Inc. Common Stock,7526462.0,5.15,1461448.9320388348,Health Care,Biotechnology: Pharmaceutical Preparations,2019,2026-09-24,nasdaq_screener,
CNSY,Cerenome Inc. Common Stock ,14799769.0,1.95,7589625.128205128,Health Care,Medical/Dental Instruments,,2026-09-24,nasdaq_screener,
CNTB,Connect Biopharma Holdings Limited Ordinary Shares,67382511.0,1.07,62974309.34579439,Health Care,Biotechnology: Pharmaceutical Preparations,2021,2026-09-24,nasdaq_screener,
CNTN,Canton Strategic Holdings Inc. Common Stock,178486249.0,2.24,79681361.16071428,Health Care,Biotechnology: Pharmaceutical Preparations,2022,2026-09-24,nasdaq_screener,
CNTX,Context Therapeutics Inc. Common Stock,35152973.0,0.3826,91879176.68583377,Health Care,Biotechnology: Pharmaceutical Preparations,2021,2026-09-24,nasdaq_screener,
CNTY,Century Casinos Inc. Common Stock,31232838.0,1.11,28137691.89189189,Consumer Discretionary,Hotels/Resorts,,2026-09-24,nasdaq_screener,
CNVS,Cineverse Corp. Class A Common Stock,48493629.0,2.04,23771386.76470588,Consumer Discretionary,Consumer Electronics/Video Chains,,2026-09-24,nasdaq_screener,
CNX,CNX Resources Corporation Common Stock,4882140021.0,33.0,147943637.0,Energy,Oil & Gas Production,1999,2026-09-24,nasdaq_screener,
CNXC,Concentrix Corporation Common Stock,1843364354.0,30.21,61018350.01655081,Technology,Computer Software: Prepackaged Software,,2026-09-24,nasdaq_screener,
CNXN,PC Connection Inc. Common Stock,2235338428.0,88.57,25238098.995145086,Consumer Discretionary,Catalog/Specialty Distribution,,2026-09-24,nasdaq_screener,
CNXU,Conexeu Sciences Inc. Common Stock,118750199.0,4.21,28206698.09976247,Health Care,Industrial Specialties,,2026-09-24,nasdaq_screener,
COAG,Hemab Therapeutics Holdings Inc. Common Stock,1715736057.0,36.73,46712116.988837466,Health Care,Biotechnology: Biological Products (No Diagnostic Substances),2026,2026-09-24,nasdaq_screener,
COCH,Envoy Medical Inc. Class A Common Stock,55734498.0,0.722,77194595.56786704,Health Care,Industrial Specialties,2021,2026-09-24,nasdaq_screener,
COCO,The Vita Coco Company Inc. Common Stock,3403089600.0,57.98,58694197.99931011,Consumer Staples,Beverages (Production/Distribution),2021,2026-09-24,nasdaq_screener,
COCP,Cocrystal Pharma Inc. Common Stock,22923208.0,1.19,19263200.0,Health Care,Biotechnology: Pharmaceutical Preparations,,2026-09-24,nasdaq_screener,
CODA,Coda Octopus Group Inc. Common stock,123775618.0,10.97,11283101.00273473,Industrials,Industrial Machinery/Components,,2026-09-24,nasdaq_screener,
CODI,D/B/A Compass Diversified Holdings Shares of Beneficial Interest,853928214.0,11.35,75235965.99118944,Consumer Discretionary,Home Furnishings,2006,2026-09-24,nasdaq_screener,
CODX,Co-Diagnostics Inc. Common Stock,7711328.0,1.1,7010298.181818182,Health Care,Medical/Dental Instruments,2026,2026-09-24,nasdaq_screener,
COE,51Talk Online Education Group American depositary shares each representing 60 Class A ordinary shares,69504635.0,11.57,6007315.03889369,Real Estate,Other Consumer Services,2016,2026-09-24,nasdaq_screener,
COF,Capital One Financial Corporation Common Stock,120304376340.0,196.1,613484836.0020398,Finance,Major Banks,1994,2026-09-24,nasdaq_screener,
COFS,ChoiceOne Financial Services Inc. Common Stock,485157069.0,32.44,14955520.006165229,Finance,Major Banks,,2026-09-24,nasdaq_screener,
COGT,Cogent Biosciences Inc. Common Stock,5450419685.0,31.41,173524982.01209804,Health Care,Biotechnology: Pharmaceutical Preparations,2018,2026-09-24,nasdaq_screener,
COHN,Cohen & Company Inc.,33096943.0,10.25,3228970.048780488,Finance,Investment Bankers/Brokers/Service,,2026-09-24,nasdaq_screener,
COHR,Coherent Corp. Common Stock,58867173148.0,300.6,195832246.00133064,Technology,Electronic Components,,2026-09-24,nasdaq_screener,
COHU,Cohu Inc. Common Stock,3052382160.0,64.48,47338433.002481386,Industrials,Electrical Products,,2026-09-24,nasdaq_screener,
COIN,Coinbase Global Inc. Class A Common Stock,52274009554.0,198.13,263836923.0000505,Finance,Finance: Consumer Services,,2026-09-24,nasdaq_screener,
COKE,Coca-Cola Consolidated Inc. Common Stock,12480139482.0,187.49,66564293.99967998,Consumer Staples,Beverages (Production/Distribution),1972,2026-09-24,nasdaq_screener,
COLA,Columbus Acquisition Corp Ordinary Shares,0.0,10.7,,Finance,Blank Checks,2025,2026-09-24,nasdaq_screener,
COLB,Columbia Banking System Inc. Common Stock,8161730432.0,28.85,282902268.0069324,Finance,Major Banks,1992,2026-09-24,nasdaq_screener,
COLD,Americold Realty Trust Inc. Common Stock,4102355518.0,14.37,285480551.0090466,Real Estate,Real Estate Investment Trusts,2018,2026-09-24,nasdaq_screener,
COLL,Collegium Pharmaceutical Inc. Common Stock,730873512.0,22.45,32555613.006681517,Health Care,Biotechnology: Pharmaceutical Preparations,2015,2026-09-24,nasdaq_screener,
COLM,Columbia Sportswear Company Common Stock,2906749555.0,56.78,51193193.99436421,Consumer Discretionary,Apparel,1998,2026-09-24,nasdaq_screener,
COMP,Compass Inc. Class A Common Stock,6938903325.0,9.16,757522197.0524018,Finance,Real Estate,2021,2026-09-24,nasdaq_screener,
CON,Concentra Group Holdings Parent Inc. Common Stock,4436342035.0,34.79,127517735.98735268,Health Care,Medical Specialities,2024,2026-09-24,nasdaq_screener,
COO,The Cooper Companies Inc. Common Stock,10662007335.0,56.07,190155294.00749063,Health Care,Ophthalmic Goods,,2026-09-24,nasdaq_screener,
COOK,Traeger Inc. Common Stock,134818432.0,48.18,2798223.99335824,Consumer Discretionary,Consumer Electronics/Appliances,2021,2026-09-24,nasdaq_screener,
COOT,Australian Oilseeds Holdings Limited Ordinary Shares,14285594.0,0.4751,30068604.50431488,Consumer Staples,Packaged Foods,,2026-09-24,nasdaq_screener,
COP,ConocoPhillips Common Stock,153879317685.0,128.09,1201337478.9991412,Energy,Integrated oil Companies,,2026-09-24,nasdaq_screener,
COPL,Copley Acquisition Corp Ordinary Shares,0.0,10.555,,,,2025,2026-09-24,nasdaq_screener,
COPR,Idaho Copper Corporation Common Stock,58777031.0,3.13,18778604.153354634,Basic Materials,Metal Mining,2026,2026-09-24,nasdaq_screener,
COR,Cencora Inc. Common Stock,59591507086.0,312.28,190827164.99935958,Health Care,Other Pharmaceuticals,,2026-09-24,nasdaq_screener,
CORT,Corcept Therapeutics Incorporated Common Stock,12208632957.0,112.94,108098396.99840623,Health Care,Biotechnology: Pharmaceutical Preparations,2004,2026-09-24,nasdaq_screener,
CORZ,Core Scientific Inc. Common Stock,5816261982.0,18.1,321340440.9944751,Finance,Finance: Consumer Services,,2026-09-24,nasdaq_screener,
COSM,Cosmos Health Inc. Common Stock,40917692.0,0.4066,100633772.74963108,Health Care,Other Pharmaceuticals,,2026-09-24,nasdaq_screener,
COSO,CoastalSouth Bancshares Inc. Common Stock,314521474.0,26.31,11954445.990117827,Finance,Major Banks,2025,2026-09-24,nasdaq_screener,
COST,Costco Wholesale Corporation Common Stock,401215273979.0,904.7,443478804.0002211,Consumer Discretionary,Department/Specialty Retail Stores,,2026-09-24,nasdaq_screener,
COTY,Coty Inc. Class A Common Stock,2325012265.0,2.64,880686464.0151515,Consumer Discretionary,Package Goods/Cosmetics,2013,2026-09-24,nasdaq_screener,
COUR,Coursera Inc. Common Stock,1353728000.0,5.12,264400000.0,Technology,Computer Software: Prepackaged Software,2021,2026-09-24,nasdaq_screener,
COYA,Coya Therapeutics Inc. Common Stock,118227559.0,5.04,23457849.007936507,Health Care,Biotechnology: Pharmaceutical Preparations,2022,2026-09-24,nasdaq_screener,
CP,Canadian Pacific Kansas City Limited Common Shares,78769056827.0,88.28,892263896.9981875,Industrials,Railroads,,2026-09-24,nasdaq_screener,
CPA,Copa Holdings S.A. Class A Common Stock,5345132191.0,129.93,41138552.99776803,Consumer Discretionary,Air Freight/Delivery Services,2005,2026-09-24,nasdaq_screener,
CPAY,Corpay Inc. Common Stock,25946047141.0,395.16,65659599.000404894,Consumer Discretionary,Business Services,,2026-09-24,nasdaq_screener,
CPB,The Campbell's Company Common Stock,6065514983.0,20.34,298206243.0186824,Consumer Staples,Packaged Foods,,2026-09-24,nasdaq_screener,
CPBI,Central Plains Bancshares Inc. Common Stock,84070555.0,20.15,4172235.9801488835,Finance,Savings Institutions,2023,2026-09-24,nasdaq_screener,
CPF,Central Pacific Financial Corp New,935146730.0,36.32,25747431.99339207,Finance,Major Banks,,2026-09-24,nasdaq_screener,
CPHC,Canterbury Park Holding Corporation 'New' Common Stock,81793957.0,15.78,5183393.979721166,Consumer Discretionary,Services-Misc. Amusement & Recreation,,2026-09-24,nasdaq_screener,
CPHI,China Pharma Holdings Inc. Common Stock,30971539.0,0.7199,43022001.66689818,Health Care,Biotechnology: Pharmaceutical Preparations,,2026-09-24,nasdaq_screener,
CPIX,Cumberland Pharmaceuticals Inc. Common Stock,118965870.0,7.94,14983107.052896725,Health Care,Biotechnology: Pharmaceutical Preparations,2009,2026-09-24,nasdaq_screener,
CPK,Chesapeake Utilities Corporation Common Stock,3125160826.0,129.64,24106454.998457268,Utilities,Oil & Gas Production,,2026-09-24,nasdaq_screener,
CPNG,Coupang Inc. Class A Common Stock,25668467105.0,14.28,1797511702.0308125,Consumer Discretionary,Catalog/Specialty Distribution,2021,2026-09-24,nasdaq_screener,
CPOP,Pop Culture Group Co. Ltd Class A Ordinary Shares,5213873.0,5.17,1008486.0735009671,Consumer Discretionary,Services-Misc. Amusement & Recreation,2021,2026-09-24,nasdaq_screener,
CPRI,Capri Holdings Limited Ordinary Shares,1753644466.0,15.43,113651618.0168503,Consumer Discretionary,Apparel,2011,2026-09-24,nasdaq_screener,
CPRT,Copart Inc. (DE) Common Stock,26723548428.0,28.865,925811482.0024251,Consumer Discretionary,Retail-Auto Dealers and Gas Stations,1994,2026-09-24,nasdaq_screener,
CPS,Cooper-Standard Holdings Inc. Common Stock,408869476.0,23.01,17769207.99652325,Consumer Discretionary,Auto Parts:O.E.M.,,2026-09-24,nasdaq_screener,
CPSH,CPS Technologies Corp. Common Stock,75031336.0,3.87,19387942.11886305,Consumer Discretionary,Building Materials,,2026-09-24,nasdaq_screener,
CPSS,Consumer Portfolio Services Inc. Common Stock,201321029.0,9.34,21554714.02569593,Finance,Finance: Consumer Services,1992,2026-09-24,nasdaq_screener,
CPT,Camden Property Trust Common Stock,9820683708.0,97.68,100539350.0,Real Estate,Real Estate Investment Trusts,1993,2026-09-24,nasdaq_screener,
CR,Crane Company Common Stock,11810346741.0,204.33,57800355.997650854,Industrials,Metal Fabrications,2023,2026-09-24,nasdaq_screener,
CRAC,Crown Reserve Acquisition Corp. I Class A Ordinary Shares,0.0,10.23,,,,2025,2026-09-24,nasdaq_screener,
CRAI,CRA International Inc. Common Stock,1016976857.0,162.02,6276859.998765584,Consumer Discretionary,Other Consumer Services,1998,2026-09-24,nasdaq_screener,
CRAN,Crane Harbor Acquisition Corp. II Class A Ordinary Shares,0.0,10.1,,Finance,Blank Checks,2026,2026-09-24,nasdaq_screener,
CRAQ,Cal Redwood Acquisition Corp. Class A Ordinary Shares,0.0,10.4,,Finance,Blank Checks,2025,2026-09-24,nasdaq_screener,
CRBG,Corebridge Financial Inc. Common Stock,15107230771.0,33.89,445772522.01239306,Finance,Life Insurance,2022,2026-09-24,nasdaq_screener,
CRBP,Corbus Pharmaceuticals Holdings Inc. Common Stock,149701608.0,7.74,19341293.023255814,Health Care,Biotechnology: Pharmaceutical Preparations,,2026-09-24,nasdaq_screener,
CRBU,Caribou Biosciences Inc. Common Stock,138297692.0,1.29,107207513.17829457,Health Care,Biotechnology: Biological Products (No Diagnostic Substances),2021,2026-09-24,nasdaq_screener,
CRC,California Resources Corporation Common Stock,4627516425.0,52.1,88819892.99424183,Energy,Oil & Gas Production,2020,2026-09-24,nasdaq_screener,
CRCL,Circle Internet Group Inc. Class A Common Stock,23285495805.0,91.72,253875880.99651113,Finance,Finance: Consumer Services,2025,2026-09-24,nasdaq_screener,
CRCT,Cricut Inc. Class A Common Stock,1233627610.0,5.89,209444415.95925298,Technology,Industrial Machinery/Components,2021,2026-09-24,nasdaq_screener,
CRDF,Cardiff Oncology Inc. Common Stock,101911776.0,1.31,77795248.85496183,Health Care,Biotechnology: Biological Products (No Diagnostic Substances),,2026-09-24,nasdaq_screener,
CRDL,Cardiol Therapeutics Inc. Class A Common Shares,213568988.0,1.77,120660445.19774011,Health Care,Biotechnology: Biological Products (No Diagnostic Substances),,2026-09-24,nasdaq_screener,
CRDO,Credo Technology Group Holding Ltd Ordinary Shares,36438238343.0,193.87,187951918.00175375,Technology,Semiconductors,2022,2026-09-24,nasdaq_screener,
CRE,Cre8 Enterprise Limited Class A Ordinary Shares,5860696.0,2.91,2013984.8797250858,Consumer Discretionary,Publishing,2025,2026-09-24,nasdaq_screener,
CREX,Creative Realities Inc. Common Stock,34357325.0,2.54,13526505.905511811,Technology,EDP Services,,2026-09-24,nasdaq_screener,
CRGO,Freightos Limited Ordinary shares,54156424.0,1.04,52073484.615384616,Industrials,Integrated Freight & Logistics,,2026-09-24,nasdaq_screener,
CRGY,Crescent Energy Company Class A Common Stock,4354720713.0,13.18,330403695.9787557,Energy,Oil & Gas Production,2021,2026-09-24,nasdaq_screener,
CRH,CRH PLC Ordinary Shares,57047799789.0,85.23,669339431.995776,Industrials,Building Materials,,2026-09-24,nasdaq_screener,
CRI,Carter's Inc. Common Stock,1092891977.0,29.77,36711184.98488411,Consumer Discretionary,Apparel,2003,2026-09-24,nasdaq_screener,
CRIS,Curis Inc. Common Stock,1989544.0,0.9519,2090076.6887278077,Health Care,Biotechnology: Biological Products (No Diagnostic Substances),,2026-09-24,nasdaq_screener,
CRK,Comstock Resources Inc. Common Stock,3949196371.0,13.45,293620548.0297398,Energy,Oil & Gas Production,,2026-09-24,nasdaq_screener,
CRL,Charles River Laboratories International Inc. Common Stock,13239421372.0,277.33,47738872.0008654,Health Care,Biotechnology: Commercial Physical & Biological Resarch,2000,2026-09-24,nasdaq_screener,
CRM,Salesforce Inc. Common Stock,195528340000.0,237.58,823000000.0,Technology,Computer Software: Prepackaged Software,2004,2026-09-24,nasdaq_screener,
CRMD,CorMedix Inc. Common Stock,599391852.0,7.69,77944324.05721717,Health Care,Biotechnology: Pharmaceutical Preparations,,2026-09-24,nasdaq_screener,
CRML,Critical Metals Corp. Ordinary Shares,1133981173.0,7.72,146888752.97927463,Basic Materials,Metal Mining,,2026-09-24,nasdaq_screener,
CRMT,America's Car-Mart Inc Common Stock,13925258.0,1.67,8338477.844311378,Consumer Discretionary,Retail-Auto Dealers and Gas Stations,,2026-09-24,nasdaq_screener,
CRNC,Cerence Inc. Common Stock,365008174.0,8.07,45230257.00123916,Technology,Computer Software: Prepackaged Software,,2026-09-24,nasdaq_screener,
CRNT,Ceragon Networks Ltd. Ordinary Shares,199904321.0,2.19,91280511.87214611,Technology,Radio And Television Broadcasting And Communications Equipment,,2026-09-24,nasdaq_screener,
CRON,Cronos Group Inc. Common Share,1252603738.0,3.4,368412864.11764705,Health Care, Medicinal Chemicals and Botanical Products ,,2026-09-24,nasdaq_screener,
CROX,Crocs Inc. Common Stock,5974915247.0,124.62,47945075.0040122,Consumer Discretionary,Shoe Manufacturing,2006,2026-09-24,nasdaq_screener,
CRS,Carpenter Technology Corporation Common Stock,19577120327.0,395.03,49558566.000050634,Industrials,Steel/Iron Ore,,2026-09-24,nasdaq_screener,
CRSP,CRISPR Therapeutics AG Common Shares,5391582331.0,55.76,96692652.99497849,Health Care,Biotechnology: Biological Products (No Diagnostic Substances),2016,2026-09-24,nasdaq_screener,
CRSR,Corsair Gaming Inc. Common Stock,1462552486.0,13.52,108176959.02366865,Technology,Computer peripheral equipment,2020,2026-09-24,nasdaq_screener,
CRT,Cross Timbers Royalty Trust Common Stock,70980000.0,11.83,6000000.0,Energy,Oil & Gas Production,1992,2026-09-24,nasdaq_screener,
CRTO,Criteo S.A. Ordinary Shares,810909601.0,16.55,48997558.972809665,Consumer Discretionary,Advertising,2013,2026-09-24,nasdaq_screener,
CRUS,Cirrus Logic Inc. Common Stock,6036660222.0,120.45,50117560.99626401,Technology,Semiconductors,1989,2026-09-24,nasdaq_screener,
CRVL,CorVel Corp. Common Stock,3702864654.0,73.3,50516570.99590723,Finance,Specialty Insurers,,2026-09-24,nasdaq_screener,
CRVO,CervoMed Inc. Common Stock,37948931.0,2.51,15119096.015936255,Health Care,Biotechnology: Pharmaceutical Preparations,,2026-09-24,nasdaq_screener,
CRVS,Corvus Pharmaceuticals Inc. Common Stock,1054876638.0,12.54,84120944.01913877,Health Care,Biotechnology: Pharmaceutical Preparations,2016,2026-09-24,nasdaq_screener,
CRWD,CrowdStrike Holdings Inc. Class A Common Stock,268772656677.0,262.49,1023934842.0016,Technology,Computer Software: Prepackaged Software,2019,2026-09-24,nasdaq_screener,
CRWS,Crown Crafts Inc Common Stock,27869143.0,2.59,10760286.872586872,Consumer Discretionary,Textiles,,2026-09-24,nasdaq_screener,
CRWV,CoreWeave Inc. Class A Common Stock,47928530714.0,86.9,551536602.0023015,Technology,Computer Software: Prepackaged Software,2025,2026-09-24,nasdaq_screener,
CSAI,Cloudastructure Inc. Class A Common Stock,3010128.0,3.47,867472.04610951,Technology,Computer Software: Programming Data Processing,,2026-09-24,nasdaq_screener,
CSBR,Champions Oncology Inc. Common Stock,69871216.0,5.02,13918568.92430279,Health Care,Biotechnology: Biological Products (No Diagnostic Substances),,2026-09-24,nasdaq_screener,
CSCO,Cisco Systems Inc. Common Stock (DE),419609520893.0,106.43,3942586872.9963355,Telecommunications,Computer Communications Equipment,1990,2026-09-24,nasdaq_screener,
CSGP,CoStar Group Inc. Common Stock,11450883837.0,28.26,405197588.00424623,Finance,Real Estate,1998,2026-09-24,nasdaq_screener,
CSHR,CoinShares PLC Ordinary Shares,772232025.0,5.86,131780209.0443686,Finance,Investment Bankers/Brokers/Service,,2026-09-24,nasdaq_screener,
CSIQ,Canadian Solar Inc. Common Shares (ON),769041650.0,11.34,67816723.98589066,Technology,Semiconductors,2006,2026-09-24,nasdaq_screener,
CSL,Carlisle Companies Incorporated Common Stock,12865790527.0,323.96,39714133.000987776,Industrials,Specialty Chemicals,,2026-09-24,nasdaq_screener,
CSPI,CSP Inc. Common Stock,74798386.0,7.42,10080645.013477089,Technology,EDP Services,1982,2026-09-24,nasdaq_screener,
CSQR,Csquare Inc. Common Stock,3087727724.0,18.53,166633984.02590394,Technology,Computer Software: Programming Data Processing,2026,2026-09-24,nasdaq_screener,
CSR,D/B/A Centerspace Common Stock,925021837.0,55.08,16794150.99854757,Real Estate,Real Estate Investment Trusts,,2026-09-24,nasdaq_screener,
CSTE,Caesarstone Ltd. Ordinary Shares,96470039.0,2.79,34577074.910394266,Industrials,Building Materials,2012,2026-09-24,nasdaq_screener,
CSTL,Castle Biosciences Inc. Common Stock,1065566804.0,34.88,30549506.99541284,Health Care,Medical Specialities,2019,2026-09-24,nasdaq_screener,
CSTM,Constellium SE Ordinary Shares (France),3382772091.0,24.96,135527728.00480768,Industrials,Metal Fabrications,2013,2026-09-24,nasdaq_screener,
CSV,Carriage Services Inc. Common Stock,503786429.0,31.72,15882295.996216899,Consumer Discretionary,Other Consumer Services,,2026-09-24,nasdaq_screener,
CSW,CSW Industrials Inc. Common Stock,4854318582.0,297.93,16293487.000302084,Industrials,Home Furnishings,,2026-09-24,nasdaq_screener,
CSWC,Capital Southwest Corporation Common Stock,1438557807.0,23.15,62140726.00431966,Consumer Discretionary,Textiles,,2026-09-24,nasdaq_screener,
CSX,CSX Corporation Common Stock,87418291333.0,47.19,1852474916.9951262,Industrials,Railroads,,2026-09-24,nasdaq_screener,
CTAA,ClearThink 1 Acquisition Corp. Class A Ordinary Shares,0.0,9.95,,Finance,Blank Checks,2026,2026-09-24,nasdaq_screener,
CTAS,Cintas Corporation Common Stock,76695233761.0,191.97,399516767.0000521,Industrials,Garments and Clothing,1983,2026-09-24,nasdaq_screener,
CTBI,Community Trust Bancorp Inc. Common Stock,1351695778.0,74.4,18167954.005376343,Finance,Major Banks,,2026-09-24,nasdaq_screener,
CTEV,Claritev Corporation Class A Common Stock,424364474.0,25.04,16947463.01916933,Consumer Discretionary,Business Services,2020,2026-09-24,nasdaq_screener,
CTGO,Contango Silver & Gold Inc. Common Stock,614639901.0,18.38,33440691.022850927,Basic Materials,Precious Metals,2021,2026-09-24,nasdaq_screener,
CTKB,Cytek Biosciences Inc. Common Stock,738304877.0,5.68,129983252.99295776,Industrials,Biotechnology: Laboratory Analytical Instruments,2021,2026-09-24,nasdaq_screener,
CTM,Castellum Inc. Common Stock,59958642.0,0.6326,94781286.75308251,Consumer Discretionary,Professional Services,2022,2026-09-24,nasdaq_screener,
CTMX,CytomX Therapeutics Inc. Common Stock,605760010.0,2.78,217899284.1726619,Health Care,Biotechnology: Pharmaceutical Preparations,2015,2026-09-24,nasdaq_screener,
CTNM,Contineum Therapeutics Inc. Class A Common Stock,470640361.0,12.51,37621131.974420466,Health Care,Biotechnology: Pharmaceutical Preparations,2024,2026-09-24,nasdaq_screener,
CTNT,Cheetah Net Supply Chain Service Inc Class A Common Stock,121321.0,0.0384,3159401.041666667,Consumer Discretionary,Motor Vehicles,2023,2026-09-24,nasdaq_screener,
CTO,CTO Realty Growth Inc. Common Stock,759080444.0,20.25,37485454.02469136,Real Estate,Real Estate Investment Trusts,1992,2026-09-24,nasdaq_screener,
CTOR,Citius Oncology Inc. Common Stock,93911016.0,1.01,92981203.96039604,Health Care,Biotechnology: Pharmaceutical Preparations,2022,2026-09-24,nasdaq_screener,
CTOS,Custom Truck One Source Inc. Common Stock,2163577638.0,9.51,227505535.01577288,Consumer Discretionary,Diversified Commercial Services,2017,2026-09-24,nasdaq_screener,
CTRE,CareTrust REIT Inc. Common Stock,8783018207.0,37.17,236293199.00457358,Real Estate,Real Estate Investment Trusts,2022,2026-09-24,nasdaq_screener,
CTRI,Centuri Holdings Inc. Common Stock,2036424779.0,20.17,100963052.99950421,Utilities,Oil & Gas Production,2024,2026-09-24,nasdaq_screener,
CTRM,Castor Maritime Inc. Common Shares,20580814.0,2.13,9662353.99061033,Consumer Discretionary,Marine Transportation,,2026-09-24,nasdaq_screener,
CTRN,Citi Trends Inc. Common Stock,421642440.0,50.56,8339446.993670885,Consumer Discretionary,Clothing/Shoe/Accessory Stores,2005,2026-09-24,nasdaq_screener,
CTS,CTS Corporation Common Stock,1691668992.0,59.24,28556195.003376096,Technology,Electrical Products,,2026-09-24,nasdaq_screener,
CTSH,Cognizant Technology Solutions Corporation Class A Common Stock,26639270520.0,59.14,450444208.9956036,Technology,EDP Services,1998,2026-09-24,nasdaq_screener,
CTSO,Cytosorbents Corporation Common Stock,15471906.0,4.91,3151101.018329939,Health Care,Medical/Dental Instruments,,2026-09-24,nasdaq_screener,
CTVA,Corteva Inc. Common Stock ,53655902320.0,80.42,667196000.0,Consumer Staples,Farming/Seeds/Milling,2019,2026-09-24,nasdaq_screener,
CTW,CTW Class A Ordinary Shares,132912000.0,2.13,62400000.0,Technology,EDP Services,2025,2026-09-24,nasdaq_screener,
CTXR,Citius Pharmaceuticals Inc. Common Stock,15609531.0,0.5686,27452569.46887091,Health Care,Biotechnology: Pharmaceutical Preparations,,2026-09-24,nasdaq_screener,
CUB,Lionheart Holdings Class A Ordinary Shares,345959793.0,10.89,31768576.03305785,Industrials,Industrial Machinery/Components,2024,2026-09-24,nasdaq_screener,
CUBE,CubeSmart Common Shares,8587688329.0,38.14,225162252.98898792,Real Estate,Real Estate Investment Trusts,,2026-09-24,nasdaq_screener,
CUBI,Customers Bancorp Inc Common Stock,2591893059.0,76.72,33783798.99635036,Finance,Major Banks,,2026-09-24,nasdaq_screener,
CUE,Cue Biopharma Inc. Common Stock,230354568.0,31.71,7264414.001892148,Health Care,Biotechnology: Pharmaceutical Preparations,2018,2026-09-24,nasdaq_screener,
CULP,Culp Inc. Common Stock,45592460.0,3.58,12735324.022346368,Consumer Discretionary,Textiles,,2026-09-24,nasdaq_screener,
CUPR,Cuprina Holdings (Cayman) Limited Class A Ordinary Shares,13167065.0,1.88,7003757.978723405,Health Care,Industrial Specialties,2025,2026-09-24,nasdaq_screener,
CURB,Curbline Properties Corp. Common Stock,3239470784.0,28.16,115038025.0,Finance,Real Estate,2024,2026-09-24,nasdaq_screener,
CURI,CuriosityStream Inc. Class A Common Stock,170893521.0,2.88,59338028.125,Consumer Discretionary,Movies/Entertainment,2020,2026-09-24,nasdaq_screener,
CURR,Currenc Group Inc. Ordinary Shares,346951025.0,3.09,112281885.11326861,Consumer Discretionary,Business Services,,2026-09-24,nasdaq_screener,
CURV,Torrid Holdings Inc. Common Stock,237332255.0,2.38,99719434.87394959,Consumer Discretionary,Clothing/Shoe/Accessory Stores,2021,2026-09-24,nasdaq_screener,
CURX,Curanex Pharmaceuticals Inc Common Stock,7017878.0,4.475,1568240.8938547487,Health Care,Biotechnology: Pharmaceutical Preparations,2025,2026-09-24,nasdaq_screener,
CUZ,Cousins Properties Incorporated Common Stock,4650008139.0,28.25,164602058.01769912,Real Estate,Real Estate Investment Trusts,,2026-09-24,nasdaq_screener,
CV,CapsoVision Inc. Common Stock,321833332.0,6.05,53195592.06611571,Health Care,Biotechnology: Electromedical & Electrotherapeutic Apparatus,2025,2026-09-24,nasdaq_screener,
CVBF,CVB Financial Corporation Common Stock,3873703544.0,22.01,175997434.98409814,Finance,Major Banks,,2026-09-24,nasdaq_screener,
CVCO,Cavco Industries Inc. Common Stock When Issued,4166425580.0,541.84,7689402.00059058,Consumer Discretionary,Homebuilding,,2026-09-24,nasdaq_screener,
CVE,Cenovus Energy Inc Common Stock,58275000000.0,31.08,1875000000.0,Energy,Oil & Gas Production,,2026-09-24,nasdaq_screener,
CVEO,Civeo Corporation (Canada) Common Shares,343183719.0,33.2,10336859.006024096,Consumer Discretionary,Hotels/Resorts,2014,2026-09-24,nasdaq_screener,
CVGI,Commercial Vehicle Group Inc. Common Stock,123117026.0,3.03,40632681.848184824,Consumer Discretionary,Auto Parts:O.E.M.,2004,2026-09-24,nasdaq_screener,
CVI,CVR Energy Inc. Common Stock,5207485028.0,51.8,100530598.996139,Energy,Integrated oil Companies,2007,2026-09-24,nasdaq_screener,
CVKD,Cadrenal Therapeutics Inc. Common Stock,4709221.0,1.32,3567591.6666666665,Health Care,Biotechnology: Pharmaceutical Preparations,2023,2026-09-24,nasdaq_screener,
CVLG,Covenant Logistics Group Inc. Class A Common Stock,866651119.0,34.15,25377778.008784775,Industrials,Trucking Freight/Courier Services,,2026-09-24,nasdaq_screener,
CVLT,Commvault Systems Inc. Common Stock,6193061199.0,149.43,41444564.003212206,Technology,Computer Software: Prepackaged Software,2006,2026-09-24,nasdaq_screener,
CVM,Cel-Sci Corporation Common Stock,29549498.0,1.68,17588986.904761907,Health Care,Biotechnology: Biological Products (No Diagnostic Substances),1997,2026-09-24,nasdaq_screener,
CVNA,Carvana Co. Class A Common Stock,70374658092.0,63.95,1100463770.0078185,Consumer Discretionary,Retail-Auto Dealers and Gas Stations,2017,2026-09-24,nasdaq_screener,
CVR,Chicago Rivet & Machine Co. Common Stock,9756967.0,10.099,966131.99326666,Industrials,Industrial Machinery/Components,1930,2026-09-24,nasdaq_screener,
CVRX,CVRx Inc. Common Stock,72465144.0,2.72,26641597.058823526,Health Care,Medical/Dental Instruments,2021,2026-09-24,nasdaq_screener,
CVS,CVS Health Corporation Common Stock,109812395882.0,85.86,1278970368.99604,Consumer Staples,Retail-Drug Stores and Proprietary Stores,,2026-09-24,nasdaq_screener,
CVSA,Covista Inc. Common Shares,4193242236.0,123.19,34038820.00162351,Real Estate,Other Consumer Services,,2026-09-24,nasdaq_screener,
CVU,CPI Aerostructures Inc. Common Stock,67573643.0,5.1,13249733.921568628,Industrials,Military/Government/Technical,2022,2026-09-24,nasdaq_screener,
CVV,CVD Equipment Corporation Common Stock,30793829.0,4.43,6951202.934537247,Technology,Industrial Machinery/Components,,2026-09-24,nasdaq_screener,
CVX,Chevron Corporation Common Stock,406040754520.0,205.51,1975771274.0012653,Energy,Integrated oil Companies,,2026-09-24,nasdaq_screener,
CW,Curtiss-Wright Corporation Common Stock,20134812147.0,545.15,36934444.00073375,Technology,Industrial Machinery/Components,,2026-09-24,nasdaq_screener,
CWBC,Community West Bancshares Common Stock,689672003.0,25.42,27131078.009441383,Finance,Major Banks,,2026-09-24,nasdaq_screener,
CWCO,Consolidated Water Co. Ltd. Ordinary Shares,449801378.0,28.09,16012865.005339978,Utilities,Water Supply,,2026-09-24,nasdaq_screener,
CWD,CaliberCos Inc. Class A Common Stock,7830028.0,0.754,10384652.5198939,Finance,Real Estate,2023,2026-09-24,nasdaq_screener,
CWEN,Clearway Energy Inc. Class C Common Stock,4937080945.0,30.12,163913709.9933599,Utilities,Electric Utilities: Central,2015,2026-09-24,nasdaq_screener,
CWH,Camping World Holdings Inc. Class A Common Stock,553660750.0,5.36,103294916.04477611,Consumer Discretionary,Retail-Auto Dealers and Gas Stations,2016,2026-09-24,nasdaq_screener,
CWK,Cushman & Wakefield Ltd. Common Shares,2894020020.0,12.33,234713708.02919707,Finance,Real Estate,2018,2026-09-24,nasdaq_screener,
CWST,Casella Waste Systems Inc. Class A Common Stock,5396675901.0,84.8,63640046.002358496,Utilities,Environmental Services,1997,2026-09-24,nasdaq_screener,
CWT,California Water Service Group Common Stock,2848927383.0,46.07,61839100.99848057,Utilities,Water Supply,,2026-09-24,nasdaq_screener,
CX,Cemex S.A.B. de C.V. Sponsored ADR,14795341282.0,9.76,1515916114.9590163,Industrials,Building Materials,,2026-09-24,nasdaq_screener,
CXAI,CXApp Inc. Class A Common Stock,5843515.0,2.5,2337406.0,Technology,EDP Services,2021,2026-09-24,nasdaq_screener,
CXDO,Crexendo Inc. Common Stock,192871982.0,5.8,33253790.0,Telecommunications,Telecommunications Equipment,,2026-09-24,nasdaq_screener,
CXII,Churchill Capital Corp XII Class A Ordinary Shares,0.0,10.6995,,Finance,Blank Checks,2026,2026-09-24,nasdaq_screener,
CXM,Sprinklr Inc. Class A Common Stock,1260690376.0,5.43,232171339.9631676,Technology,Computer Software: Prepackaged Software,2021,2026-09-24,nasdaq_screener,
CXT,Crane NXT Co. Common Stock,2787118340.0,48.42,57561304.00660884,Industrials,Metal Fabrications,,2026-09-24,nasdaq_screener,
CXW,CoreCivic Inc. Common Stock,3192281825.0,32.28,98893489.00247832,Real Estate,Real Estate Investment Trusts,,2026-09-24,nasdaq_screener,
CYAB,Cyabra Inc. Common Stock,4489013.0,0.2551,17597071.736573894,Technology,Computer Software: Prepackaged Software,,2026-09-24,nasdaq_screener,
CYCU,Cycurion Inc. Common Stock,9722426.0,3.01,3230041.8604651163,Technology,EDP Services,2025,2026-09-24,nasdaq_screener,
CYD,China Yuchai International Limited Common Stock,1298133941.0,34.6,37518321.99421965,Industrials,Industrial Machinery/Components,1994,2026-09-24,nasdaq_screener,
CYH,Community Health Systems Inc. Common Stock,424438165.0,3.01,141009357.14285716,Health Care,Hospital/Nursing Management,2000,2026-09-24,nasdaq_screener,
CYN,Cyngn Inc. Common Stock,11815107.0,0.7698,15348281.371784879,Technology,EDP Services,2021,2026-09-24,nasdaq_screener,
CYPH,Cypherpunk Technologies Inc. Common Stock,389029419.0,3.61,107764381.99445984,Health Care,Biotechnology: Pharmaceutical Preparations,,2026-09-24,nasdaq_screener,
CYRX,CryoPort Inc. Common Stock,885852759.0,17.49,50649100.00000001,Health Care,Biotechnology: Pharmaceutical Preparations,,2026-09-24,nasdaq_screener,
CYTK,Cytokinetics Incorporated Common Stock,9149131139.0,65.81,139023418.00638202,Health Care,Biotechnology: Pharmaceutical Preparations,2004,2026-09-24,nasdaq_screener,
CZFS,Citizens Financial Services Inc. Common Stock,376515449.0,78.28,4809854.994890138,Finance,Major Banks,,2026-09-24,nasdaq_screener,
CZNC,Citizens & Northern Corp Common Stock,452317346.0,25.22,17934867.01030928,Finance,Major Banks,,2026-09-24,nasdaq_screener,
CZR,Caesars Entertainment Inc. Common Stock,6032160215.0,29.61,203720372.0027018,Consumer Discretionary,Hotels/Resorts,,2026-09-24,nasdaq_screener,
CZWI,Citizens Community Bancorp Inc. Common Stock,204874404.0,21.23,9650230.99387659,Finance,Savings Institutions,2006,2026-09-24,nasdaq_screener,
D,Dominion Energy Inc. Common Stock,53800602300.0,61.17,879525948.9946052,Utilities,Electric Utilities: Central,,2026-09-24,nasdaq_screener,
DAAQ,Digital Asset Acquisition Corp. Class A Ordinary shares,0.0,10.45,,Finance,Blank Checks,2025,2026-09-24,nasdaq_screener,
DAC,Danaos Corporation Common Stock,2810980610.0,154.42,18203475.003237925,Consumer Discretionary,Marine Transportation,2006,2026-09-24,nasdaq_screener,
DAIC,CID HoldCo Inc. Common Stock,6535471.0,3.33,1962603.903903904,Technology,EDP Services,,2026-09-24,nasdaq_screener,
DAIO,Data I/O Corporation Common Stock,29731493.0,2.86,10395626.923076924,Industrials,Electrical Products,1981,2026-09-24,nasdaq_screener,
DAKT,Daktronics Inc. Common Stock,848835273.0,17.65,48092650.02832861,Consumer Discretionary,Miscellaneous manufacturing industries,1994,2026-09-24,nasdaq_screener,
DAL,Delta Air Lines Inc. Common Stock,53760682703.0,81.75,657623030.0061162,Consumer Discretionary,Air Freight/Delivery Services,,2026-09-24,nasdaq_screener,
DAN,Dana Incorporated Common Stock ,3195027366.0,29.7,107576678.989899,Consumer Discretionary,Auto Parts:O.E.M.,,2026-09-24,nasdaq_screener,
DAR,Darling Ingredients Inc. Common Stock,9682786926.0,61.36,157802916.00391135,Consumer Staples,Packaged Foods,1997,2026-09-24,nasdaq_screener,
DARE,Dare Bioscience Inc. Common Stock,15880818.0,0.8074,19669083.47783007,Health Care,Biotechnology: Pharmaceutical Preparations,2014,2026-09-24,nasdaq_screener,
DASH,DoorDash Inc. Class A Common Stock,82010300536.0,189.27,433297937.0000528,Consumer Discretionary,Business Services,,2026-09-24,nasdaq_screener,
DAVE,Dave Inc. Class A Common Stock,4160718828.0,326.19,12755506.99898832,Finance,Finance: Consumer Services,,2026-09-24,nasdaq_screener,
DB,Deutsche Bank AG Common Stock,67485818000.0,35.87,1881400000.0000002,Finance,Major Banks,,2026-09-24,nasdaq_screener,
DBCA,D. Boral Acquisition I Corp. Class A Ordinary Shares,0.0,10.04,,Finance,Blank Checks,2026,2026-09-24,nasdaq_screener,
DBD,Diebold Nixdorf Incorporated Common stock,2139992908.0,63.04,33946588.00761421,Miscellaneous,Office Equipment/Supplies/Services,2023,2026-09-24,nasdaq_screener,
DBGI,Digital Brands Group Inc. Common Stock,5330336.0,5.71,933508.9316987741,Consumer Discretionary,Clothing/Shoe/Accessory Stores,2025,2026-09-24,nasdaq_screener,
DBI,Designer Brands Inc. Class A Common Stock,317987573.0,6.22,51123404.01929261,Consumer Discretionary,Clothing/Shoe/Accessory Stores,,2026-09-24,nasdaq_screener,
DBRG,DigitalBridge Group Inc.,2998049543.0,15.99,187495280.98811758,Real Estate,Real Estate Investment Trusts,2014,2026-09-24,nasdaq_screener,
DBX,Dropbox Inc. Class A Common Stock,7723771733.0,34.22,225709285.0087668,Technology,Computer Software: Prepackaged Software,2018,2026-09-24,nasdaq_screener,
DC,Dakota Gold Corp. Common Stock,890908660.0,6.64,134172990.96385543,Basic Materials,Metal Mining,2022,2026-09-24,nasdaq_screener,
DCBO,Docebo Inc. Common Shares,563566148.0,22.59,24947593.97963701,Technology,Computer Software: Prepackaged Software,,2026-09-24,nasdaq_screener,
DCGO,DocGo Inc. Common Stock,35831855.0,0.3622,98928368.30480397,Health Care,Medical/Nursing Services,2020,2026-09-24,nasdaq_screener,
DCH,Dauch Corporation Common Stock,1349594139.0,5.68,237604601.93661973,Consumer Discretionary,Auto Parts:O.E.M.,,2026-09-24,nasdaq_screener,
DCI,Donaldson Company Inc. Common Stock,10054124997.0,86.74,115911055.99492738,Industrials,Pollution Control Equipment,,2026-09-24,nasdaq_screener,
DCO,Ducommun Incorporated Common Stock,2604862875.0,172.51,15099778.998318939,Industrials,Military/Government/Technical,,2026-09-24,nasdaq_screener,
DCOM,Dime Commercial Bancshares Inc. Common Stock,1764055970.0,39.95,44156594.993742175,Finance,Major Banks,,2026-09-24,nasdaq_screener,
DCOY,Decoy Therapeutics Inc. Common Stock,2522462.0,3.85,655184.935064935,Health Care,Biotechnology: Pharmaceutical Preparations,2015,2026-09-24,nasdaq_screener,
DCTH,Delcath Systems Inc. Common Stock,553792768.0,15.96,34698794.98746867,Health Care,Medical/Dental Instruments,,2026-09-24,nasdaq_screener,
DCX,Digital Currency X Technology Inc. Class A Ordinary Shares,27553465.0,0.0734,375387806.5395095,Industrials,Auto Manufacturing,,2026-09-24,nasdaq_screener,
DD,DuPont de Nemours Inc. Common Stock,17674424568.0,130.88,135042975.0,Industrials,Major Chemicals,2017,2026-09-24,nasdaq_screener,
DDC,DDC Enterprise Limited Class A Ordinary Shares,12538530.0,0.214,58591261.68224299,Consumer Staples,Packaged Foods,2023,2026-09-24,nasdaq_screener,
DDD,3D Systems Corporation Common Stock,583176065.0,3.51,166147027.06552708,Technology,Computer Software: Prepackaged Software,,2026-09-24,nasdaq_screener,
DDI,DoubleDown Interactive Co. Ltd. American Depository Shares,644194720.0,13.0,49553440.0,Technology,EDP Services,2021,2026-09-24,nasdaq_screener,
DDOG,Datadog Inc. Class A Common Stock,90303777786.0,251.49,359075024.0009543,Technology,Computer Software: Prepackaged Software,2019,2026-09-24,nasdaq_screener,
DDS,Dillard's Inc. Common Stock,10084854733.0,645.66,15619451.000526594,Consumer Discretionary,Department/Specialty Retail Stores,,2026-09-24,nasdaq_screener,
DDT,Dillard's Capital Trust I,410322978.0,26.27,15619451.008755235,Consumer Discretionary,Department/Specialty Retail Stores,,2026-09-24,nasdaq_screener,
DE,Deere & Company Common Stock,191293837306.0,709.48,269625412.00033826,Industrials,Industrial Machinery/Components,,2026-09-24,nasdaq_screener,
DEA,Easterly Government Properties Inc. Common Stock,1074200706.0,22.7,47321617.00440529,Real Estate,Real Estate Investment Trusts,2015,2026-09-24,nasdaq_screener,
DEC,Diversified Energy Company Common Stock,1066144882.0,13.89,76756291.00071993,,,2025,2026-09-24,nasdaq_screener,
DECK,Deckers Outdoor Corporation Common Stock,10720794100.0,78.59,136414227.0008907,Consumer Discretionary,Shoe Manufacturing,1993,2026-09-24,nasdaq_screener,
DEFT,Defi Technologies Inc. Common Stock,207241782.0,0.534,388093224.71910113,Finance,Finance: Consumer Services,,2026-09-24,nasdaq_screener,
DEI,Douglas Emmett Inc. Common Stock,1656429291.0,9.89,167485267.0374115,Real Estate,Real Estate Investment Trusts,2006,2026-09-24,nasdaq_screener,
DELL,Dell Technologies Inc. Class C Common Stock ,349588924333.0,549.83,635812750.0009093,Technology,Computer Manufacturing,2018,2026-09-24,nasdaq_screener,
DEO,Diageo plc Common Stock,47933126850.0,86.11,556649945.9993032,Consumer Staples,Beverages (Production/Distribution),,2026-09-24,nasdaq_screener,
DERM,Journey Medical Corporation Common Stock,183458568.0,6.5,28224395.076923076,Health Care,Biotechnology: Pharmaceutical Preparations,2021,2026-09-24,nasdaq_screener,
DETX,Liberty Defense Holdings Ltd. Common Shares,11648065.0,2.05,5681982.926829269,Industrials,Industrial Machinery/Components,,2026-09-24,nasdaq_screener,
DFDV,DeFi Development Corp. Common Stock,188221958.0,5.77,32620789.948006935,Finance,Finance: Consumer Services,2023,2026-09-24,nasdaq_screener,
DFH,Dream Finders Homes Inc. Class A Common Stock,1052923422.0,11.63,90535117.97076526,Consumer Discretionary,Homebuilding,2022,2026-09-24,nasdaq_screener,
DFIN,Donnelley Financial Solutions Inc. Common Stock ,1195095468.0,48.61,24585383.007611603,Consumer Discretionary,Other Consumer Services,2016,2026-09-24,nasdaq_screener,
DFLI,Dragonfly Energy Holdings Corp. Common Stock (NV),13293688.0,0.8875,14978803.38028169,Miscellaneous,Industrial Machinery/Components,2021,2026-09-24,nasdaq_screener,
DFNS,T3 Defense Inc. Common Stock,22353130.0,7.87,2840296.0609911056,Consumer Discretionary,Professional Services,2020,2026-09-24,nasdaq_screener,
DFSC,DEFSEC Technologies Inc. Common Stock,7685812.0,1.17,6569070.085470086,Technology,Computer Software: Prepackaged Software,,2026-09-24,nasdaq_screener,
DFTX,Definium Therapeutics Inc. Common Shares,5058915668.0,37.65,134366950.0132802,Health Care, Medicinal Chemicals and Botanical Products ,,2026-09-24,nasdaq_screener,
DG,Dollar General Corporation Common Stock,26606384874.0,120.6,220616790.0,Consumer Discretionary,Department/Specialty Retail Stores,2009,2026-09-24,nasdaq_screener,
DGAC,Disciplined Growth Acquisition Corporation Class A Ordinary Shares,0.0,9.9901,,,,2026,2026-09-24,nasdaq_screener,
DGICA,Donegal Group Inc. Class A Common Stock,672972583.0,18.13,37119282.01875345,Finance,Property-Casualty Insurers,,2026-09-24,nasdaq_screener,
DGICB,Donegal Group Inc. Class B Common Stock,720114071.0,19.4,37119282.01030928,Finance,Property-Casualty Insurers,1986,2026-09-24,nasdaq_screener,
DGII,Digi International Inc. Common Stock,2857493662.0,75.3,37948123.00132802,Telecommunications,Computer Communications Equipment,1989,2026-09-24,nasdaq_screener,
DGNX,Diginex Limited Ordinary Shares,73691291.0,1.47,50130129.93197279,Technology,EDP Services,2025,2026-09-24,nasdaq_screener,
DGX,Quest Diagnostics Incorporated Common Stock,25716992880.0,233.0,110373360.0,Health Care,Medical Specialities,,2026-09-24,nasdaq_screener,
DGXX,Digi Power X Inc. Subordinate Voting Shares,427879958.0,4.22,101393354.97630332,Finance,Finance: Consumer Services,,2026-09-24,nasdaq_screener,
DH,Definitive Healthcare Corp. Class A Common Stock,146419746.0,1.01,144970045.54455444,Technology,Computer Software: Prepackaged Software,2021,2026-09-24,nasdaq_screener,
DHC,Diversified Healthcare Trust Common Shares of Beneficial Interest,1968508672.0,8.13,242128987.94587943,Real Estate,Real Estate Investment Trusts,,2026-09-24,nasdaq_screener,
DHI,D.R. Horton Inc. Common Stock,39205726595.0,140.17,279701266.9972177,Consumer Discretionary,Homebuilding,,2026-09-24,nasdaq_screener,
DHR,Danaher Corporation Common Stock,155753590124.0,221.56,702986053.9989167,Industrials,Industrial Machinery/Components,,2026-09-24,nasdaq_screener,
DHT,DHT Holdings Inc.,3426966035.0,21.28,161041636.9830827,Consumer Discretionary,Marine Transportation,2005,2026-09-24,nasdaq_screener,
DHX,DHI Group Inc. Common Stock,199751274.0,4.6,43424190.0,Consumer Discretionary,Business Services,2007,2026-09-24,nasdaq_screener,
DIBS,1stdibs.com Inc. Common Stock,135133478.0,4.02,33615293.03482588,Consumer Discretionary,Catalog/Specialty Distribution,2021,2026-09-24,nasdaq_screener,
DIN,Dine Brands Global Inc. Common Stock,363064422.0,28.68,12659150.0,Consumer Discretionary,Restaurants,,2026-09-24,nasdaq_screener,
DINO,HF Sinclair Corporation Common Stock,18869977733.0,106.14,177783849.00131902,Energy,Natural Gas Distribution,1960,2026-09-24,nasdaq_screener,
DIOD,Diodes Incorporated Common Stock,4398398345.0,95.51,46051705.004711546,Technology,Semiconductors,,2026-09-24,nasdaq_screener,
DIS,Walt Disney Company (The) Common Stock,178643026881.0,103.46,1726686902.0007734,Consumer Discretionary,Services-Misc. Amusement & Recreation,,2026-09-24,nasdaq_screener,
DIT,AMCON Distributing Company Common Stock,65940452.0,67.56,976028.0047365305,Consumer Discretionary,Food Distributors,1999,2026-09-24,nasdaq_screener,
DJCO,Daily Journal Corp. (S.C.) Common Stock,908621549.0,659.4,1377952.0003033062,Consumer Discretionary,Newspapers/Magazines,,2026-09-24,nasdaq_screener,
DJT,Trump Media & Technology Group Corp. Common Stock,2518147942.0,9.06,277941273.95143485,Technology,Computer Software: Programming Data Processing,2024,2026-09-24,nasdaq_screener,
DK,Delek US Holdings Inc. Common Stock,4424636893.0,72.26,61232173.99667866,Energy,Integrated oil Companies,2017,2026-09-24,nasdaq_screener,
DKI,DarkIris Inc. Class A Ordinary Shares,5359834.0,2.58,2077455.0387596898,Technology,Computer Software: Prepackaged Software,2025,2026-09-24,nasdaq_screener,
DKNG,DraftKings Inc. Class A Common Stock,10549648520.0,21.25,496454048.0,Consumer Discretionary,Services-Misc. Amusement & Recreation,2019,2026-09-24,nasdaq_screener,
DKS,Dick's Sporting Goods Inc Common Stock,11770318952.0,132.36,88926555.99879117,Consumer Discretionary,Other Specialty Stores,2002,2026-09-24,nasdaq_screener,
DLB,Dolby Laboratories Common Stock,5435600174.0,58.03,93668795.00258487,Miscellaneous,Multi-Sector Companies,2005,2026-09-24,nasdaq_screener,
DLHC,DLH Holdings Corp.,55798185.0,3.85,14493035.064935064,Consumer Discretionary,Professional Services,,2026-09-24,nasdaq_screener,
DLO,DLocal Limited Class A Common Shares,4146743301.0,14.06,294931955.97439545,Consumer Discretionary,Business Services,2021,2026-09-24,nasdaq_screener,
DLPN,Dolphin Entertainment Inc. Common Stock,14328106.0,1.1,13025550.909090908,Consumer Discretionary,Other Consumer Services,,2026-09-24,nasdaq_screener,
DLR,Digital Realty Trust Inc. Common Stock,67143064135.0,181.45,370036175.9988978,Real Estate,Real Estate Investment Trusts,2004,2026-09-24,nasdaq_screener,
DLTH,Duluth Holdings Inc. Class B Common Stock,154490329.0,4.065,38005000.98400984,Consumer Discretionary,Clothing/Shoe/Accessory Stores,2015,2026-09-24,nasdaq_screener,
DLTR,Dollar Tree Inc. Common Stock,21232244635.0,113.16,187630299.00141394,Consumer Discretionary,Department/Specialty Retail Stores,1995,2026-09-24,nasdaq_screener,
DLX,Deluxe Corporation Common Stock,1095048205.0,23.88,45856289.991624795,Consumer Discretionary,Publishing,,2026-09-24,nasdaq_screener,
DLXY,Delixy Holdings Limited Class A Ordinary Shares,8224050.0,0.503,16350000.0,Energy,Oil Refining/Marketing,2025,2026-09-24,nasdaq_screener,
DMAA,Drugs Made In America Acquisition Corp. Ordinary Shares,0.0,10.85,,,,2025,2026-09-24,nasdaq_screener,
DMAC,DiaMedica Therapeutics Inc. Common Stock,407678269.0,7.56,53925696.95767196,Health Care,Biotechnology: Pharmaceutical Preparations,2018,2026-09-24,nasdaq_screener,
DMC,Del Monte Corporation Ordinary Shares,1446445968.0,30.68,47146217.992177315,Consumer Staples,Farming/Seeds/Milling,,2026-09-24,nasdaq_screener,
DMII,Drugs Made In America Acquisition II Corp. Ordinary Shares,0.0,10.16,,Finance,Blank Checks,2025,2026-09-24,nasdaq_screener,
DMRA,Damora Therapeutics Inc. Ordinary Shares,1261874008.0,20.44,61735518.98238747,Health Care,Biotechnology: Pharmaceutical Preparations,2020,2026-09-24,nasdaq_screener,
DMRC,Digimarc Corporation Common Stock,110803372.0,4.93,22475329.006085195,Technology,EDP Services,,2026-09-24,nasdaq_screener,
DNA,Ginkgo Bioworks Holdings Inc. Class A Common Stock,552039577.0,8.58,64340277.03962704,Health Care,Biotechnology: Biological Products (No Diagnostic Substances),2021,2026-09-24,nasdaq_screener,
DNLI,Denali Therapeutics Inc. Common Stock,3270477865.0,20.46,159847402.98142716,Health Care,Biotechnology: Biological Products (No Diagnostic Substances),2017,2026-09-24,nasdaq_screener,
DNMX,Dynamix Corporation III Class A Ordinary Shares,0.0,10.06,,Finance,Blank Checks,2025,2026-09-24,nasdaq_screener,
DNN,Denison Mines Corp Ordinary Shares (Canada),2552709478.0,2.82,905216126.9503547,Basic Materials,Other Metals and Minerals,,2026-09-24,nasdaq_screener,
DNOW,DNOW Inc. Common Stock,2840146348.0,15.71,180785891.02482495,Consumer Discretionary,Oil and Gas Field Machinery,2014,2026-09-24,nasdaq_screener,
DNTH,Dianthus Therapeutics Inc. Common Stock,5226508280.0,93.44,55934377.99657534,Health Care,Biotechnology: Pharmaceutical Preparations,2018,2026-09-24,nasdaq_screener,
DNUT,Krispy Kreme Inc. Common Stock,523970000.0,3.02,173500000.0,Consumer Staples,Food Chains,2021,2026-09-24,nasdaq_screener,
DOC,Healthpeak Properties Inc. Common Stock,14121518285.0,20.48,689527260.0097656,Real Estate,Real Estate Investment Trusts,,2026-09-24,nasdaq_screener,
DOCN,DigitalOcean Holdings Inc. Common Stock,16603408256.0,141.21,117579550.00354081,Technology,Computer Software: Programming Data Processing,2021,2026-09-24,nasdaq_screener,
DOCS,Doximity Inc. Class A Common Stock,4735995689.0,26.57,178245980.01505458,Technology,EDP Services,2021,2026-09-24,nasdaq_screener,
DOCU,DocuSign Inc. Common Stock,12987851389.0,69.49,186902451.99309254,Technology,Computer Software: Prepackaged Software,1989,2026-09-24,nasdaq_screener,
DOGZ,Dogness (International) Corporation Class A Common Stock,15858592.0,0.9,17620657.777777776,Consumer Discretionary,Miscellaneous manufacturing industries,2017,2026-09-24,nasdaq_screener,
DOLE,Dole plc Ordinary Shares,1220407786.0,12.92,94458806.96594428,Consumer Staples,Farming/Seeds/Milling,2021,2026-09-24,nasdaq_screener,
DOMH,Dominari Holdings Inc. Common Stock,59396933.0,2.45,24243646.122448977,Finance,Investment Bankers/Brokers/Service,,2026-09-24,nasdaq_screener,
DOO,BRP Inc. Common Subordinate Voting Shares,4044183166.0,56.84,71150302.00562984,Consumer Discretionary,Industrial Specialties,,2026-09-24,nasdaq_screener,
DORM,Dorman Products Inc. Common Stock,3602916781.0,121.41,29675617.99687011,Consumer Discretionary,Auto Parts:O.E.M.,,2026-09-24,nasdaq_screener,
DOUG,Douglas Elliman Inc. Common Stock,139971328.0,1.54,90890472.72727272,Finance,Real Estate,2021,2026-09-24,nasdaq_screener,
DOV,Dover Corporation Common Stock,25458602932.0,189.03,134680225.00132254,Industrials,Industrial Machinery/Components,,2026-09-24,nasdaq_screener,
DOW,Dow Inc. Common Stock ,20695061370.0,28.65,722340710.9947644,Industrials,Major Chemicals,2019,2026-09-24,nasdaq_screener,
DOX,Amdocs Limited Ordinary Shares,6299935096.0,58.36,107949538.9993146,Technology,EDP Services,,2026-09-24,nasdaq_screener,
DPC,DPC Holdings PLC Ordinary Shares,6264049161.0,41.93,149393016.00286192,Telecommunications,Metal Fabrications,2026,2026-09-24,nasdaq_screener,
DPRO,Draganfly Inc. Common Shares,198320000.0,5.36,37000000.0,Industrials,Aerospace,,2026-09-24,nasdaq_screener,
DPU,Top KingWin Ltd Class A Ordinary Shares,4719228.0,1.57,3005877.7070063693,Consumer Discretionary,Business Services,2023,2026-09-24,nasdaq_screener,
DPZ,Domino's Pizza Inc Common Stock,9806418706.0,296.43,33081734.999831326,Consumer Discretionary,Food Distributors,2004,2026-09-24,nasdaq_screener,
DRCT,Direct Digital Holdings Inc. Class A Common Stock,1292390.0,1.61,802726.7080745341,Consumer Discretionary,Advertising,2022,2026-09-24,nasdaq_screener,
DRDB,Roman DBDR Acquisition Corp. II Ordinary shares,0.0,10.72,,,,2025,2026-09-24,nasdaq_screener,
DRH,Diamondrock Hospitality Company Common Stock,2504373535.0,12.24,204605680.9640523,Real Estate,Real Estate Investment Trusts,2005,2026-09-24,nasdaq_screener,
DRI,Darden Restaurants Inc. Common Stock,24377321196.0,213.69,114077969.00182508,Consumer Discretionary,Restaurants,,2026-09-24,nasdaq_screener,
DRIO,DarioHealth Corp. Common Stock,66048502.0,6.74,9799481.008902077,Health Care,Medical/Dental Instruments,,2026-09-24,nasdaq_screener,
DRK,DarkHorse Technologies Inc. Common Shares,29454995.0,2.84,10371477.112676056,Finance,Finance: Consumer Services,,2026-09-24,nasdaq_screener,
DRMA,Dermata Therapeutics Inc. Common Stock,4504800.0,1.12,4022142.857142857,Health Care,Biotechnology: Pharmaceutical Preparations,2021,2026-09-24,nasdaq_screener,
DRS,Leonardo DRS Inc. Common Stock,9984411576.0,37.41,266891514.9959904,Industrials,Industrial Machinery/Components,,2026-09-24,nasdaq_screener,
DRTS,Alpha Tau Medical Ltd. Ordinary Shares,1342782796.0,14.52,92478153.99449036,Health Care,Medical/Dental Instruments,,2026-09-24,nasdaq_screener,
DRUG,Bright Minds Biosciences Inc. Common Stock,571326413.0,57.92,9864060.997928176,Health Care,Biotechnology: Pharmaceutical Preparations,,2026-09-24,nasdaq_screener,
DRVN,Driven Brands Holdings Inc. Common Stock,2035026030.0,12.335,164979815.97081473,Consumer Discretionary,Automotive Aftermarket,2021,2026-09-24,nasdaq_screener,
DSAC,Daedalus Special Acquisition Corp. Class A Ordinary Shares,0.0,10.145,,Finance,Blank Checks,2026,2026-09-24,nasdaq_screener,
DSGN,Design Therapeutics Inc. Common Stock,773509206.0,12.36,62581650.97087379,Health Care,Biotechnology: Pharmaceutical Preparations,2021,2026-09-24,nasdaq_screener,
DSGR,Distribution Solutions Group Inc. Common Stock,1616626999.0,34.95,46255422.002861224,Consumer Discretionary,Industrial Specialties,,2026-09-24,nasdaq_screener,
DSGX,Descartes Systems Group Inc. (The) Common Stock,6864415893.0,80.24,85548553.00348954,Technology,Computer Software: Prepackaged Software,,2026-09-24,nasdaq_screener,
DSP,Viant Technology Inc. Class A Common Stock,817270461.0,12.29,66498817.00569569,Technology,Computer Software: Programming Data Processing,2021,2026-09-24,nasdaq_screener,
DSS,DSS Inc. Common Stock,6977542.0,0.6948,10042518.710420266,Consumer Discretionary,Containers/Packaging,,2026-09-24,nasdaq_screener,
DSWL,Deswell Industries Inc. Common Shares,49879650.0,3.14,15885238.853503184,Industrials,Plastic Products,1995,2026-09-24,nasdaq_screener,
DSX,Diana Shipping inc. common stock,358311459.0,2.88,124413701.04166667,Consumer Discretionary,Marine Transportation,2005,2026-09-24,nasdaq_screener,
DSY,Big Tree Cloud Holdings Limited Class A Ordinary Shares,17391852.0,3.66,4751872.131147541,Consumer Discretionary,Containers/Packaging,,2026-09-24,nasdaq_screener,
DT,Dynatrace Inc. Common Stock,16909514509.0,58.51,289002127.9952145,Technology,Computer Software: Prepackaged Software,2019,2026-09-24,nasdaq_screener,
DTCX,Datacentrex Inc. Common Stock,81090125.0,2.02,40143626.23762376,Technology,EDP Services,,2026-09-24,nasdaq_screener,
DTE,DTE Energy Company Common Stock,25571942799.0,122.89,208088068.9966637,Utilities,Electric Utilities: Central,,2026-09-24,nasdaq_screener,
DTI,Drilling Tools International Corporation Common Stock,86088627.0,2.44,35282224.18032787,Consumer Discretionary,Oil and Gas Field Machinery,2021,2026-09-24,nasdaq_screener,
DTIL,Precision BioSciences Inc. Common Stock,175545883.0,6.36,27601553.930817608,Health Care,Biotechnology: Biological Products (No Diagnostic Substances),2019,2026-09-24,nasdaq_screener,
DTM,DT Midstream Inc. Common Stock ,12836584696.0,125.83,102015296.00254312,Utilities,Natural Gas Distribution,2021,2026-09-24,nasdaq_screener,
DTSQ,DT Cloud Star Acquisition Corporation Ordinary Shares,0.0,11.5,,,,2024,2026-09-24,nasdaq_screener,
DTSS,Datasea Intelligent Technology Ltd. Class A Ordinary Shares,13031437.0,0.9034,14424880.451627186,Technology,Computer Software: Prepackaged Software,,2026-09-24,nasdaq_screener,
DTST,Data Storage Corporation Common Stock,6545666.0,2.8,2337737.8571428573,Technology,EDP Services,,2026-09-24,nasdaq_screener,
DUK,Duke Energy Corporation (Holding Company) Common Stock,89018599375.0,114.17,779702193.0016642,Utilities,Power Generation,,2026-09-24,nasdaq_screener,
DUKR,DUKE Robotics Corp. Common Stock,18260463.0,5.33,3425978.048780488,Industrials,Aerospace,,2026-09-24,nasdaq_screener,
DUO,Fangdd Network Group Ltd. Class A Ordinary Shares,22720435.0,0.5894,38548413.64099084,Finance,Real Estate,2019,2026-09-24,nasdaq_screener,
DUOL,Duolingo Inc. Class A Common Stock,6829859549.0,145.98,46786269.0026031,Technology,Computer Software: Prepackaged Software,2021,2026-09-24,nasdaq_screener,
DUOT,Duos Technologies Group Inc. Common Stock,282623041.0,8.98,31472498.997772828,Technology,Computer Software: Prepackaged Software,,2026-09-24,nasdaq_screener,
DV,DoubleVerify Holdings Inc. Common Stock,2076823750.0,13.4,154986847.01492536,Technology,Computer Software: Programming Data Processing,2021,2026-09-24,nasdaq_screener,
DVA,DaVita Inc. Common Stock,11684332000.0,183.14,63800000.00000001,Health Care,Misc Health and Biotechnology Services,,2026-09-24,nasdaq_screener,
DVLT,Datavault AI Inc. Common Stock,146543124.0,0.1543,949728606.610499,Consumer Discretionary,Business Services,2018,2026-09-24,nasdaq_screener,
DVN,Devon Energy Corporation Common Stock,52844000000.0,48.04,1100000000.0,Energy,Oil & Gas Production,1985,2026-09-24,nasdaq_screener,
DWSN,Dawson Geophysical Company Common Stock,92235185.0,2.97,31055617.845117845,Energy,Oil & Gas Production,,2026-09-24,nasdaq_screener,
DWTX,Dogwood Therapeutics Inc. Common Stock,51328755.0,1.51,33992552.98013245,Health Care,Biotechnology: Pharmaceutical Preparations,2020,2026-09-24,nasdaq_screener,
DX,Dynex Capital Inc. Common Stock,2910997936.0,11.73,248166916.96504688,Real Estate,Real Estate Investment Trusts,,2026-09-24,nasdaq_screener,
DXC,DXC Technology Company Common Stock ,1738392136.0,10.88,159778688.97058824,Technology,EDP Services,,2026-09-24,nasdaq_screener,
DXCM,DexCom Inc. Common Stock,33105859913.0,87.73,377360764.9948706,Health Care,Medical/Dental Instruments,2005,2026-09-24,nasdaq_screener,
DXLG,Destination XL Group Inc. Common Stock,32468054.0,0.5855,55453550.81127241,Consumer Discretionary,Clothing/Shoe/Accessory Stores,,2026-09-24,nasdaq_screener,
DXPE,DXP Enterprises Inc. Common Stock,2965016640.0,191.08,15517148.000837345,Industrials,Industrial Machinery/Components,,2026-09-24,nasdaq_screener,
DXST,Decent Holding Inc Class A Ordinary Shares,4555971.0,2.51,1815127.8884462153,Industrials,Miscellaneous,2025,2026-09-24,nasdaq_screener,
DXYZ,Destiny Tech100 Inc. Common Stock,0.0,29.73,,,,2024,2026-09-24,nasdaq_screener,
DY,Dycom Industries Inc. Common Stock,8473419260.0,280.94,30160957.00149498,Industrials,Water Sewer Pipeline Comm & Power Line Construction,,2026-09-24,nasdaq_screener,
DYAI,Dyadic International Inc. Common Stock,16622430.0,0.4149,40063702.096890815,Health Care,Biotechnology: Biological Products (No Diagnostic Substances),,2026-09-24,nasdaq_screener,
DYN,Dyne Therapeutics Inc. Common Stock,3030894575.0,16.23,186746430.99199015,Health Care,Biotechnology: Pharmaceutical Preparations,2020,2026-09-24,nasdaq_screener,
DYNC,Dynamix Corporation Class A Ordinary Shares,0.0,10.92,,,,2024,2026-09-24,nasdaq_screener,
DYOR,Insight Digital Partners II Class A Ordinary Shares,0.0,10.13,,Finance,Blank Checks,2025,2026-09-24,nasdaq_screener,
E,ENI S.p.A. Common Stock,86268565600.0,54.83,1573382556.9943461,Energy,Oil & Gas Production,,2026-09-24,nasdaq_screener,
EAF,GrafTech International Ltd. Common Stock,296406983.0,11.36,26092163.996478874,Energy,Industrial Machinery/Components,2018,2026-09-24,nasdaq_screener,
EARN,Ellington Credit Company Common Shares of Beneficial Interest,158124211.0,4.21,37559195.011876486,Real Estate,Real Estate Investment Trusts,2013,2026-09-24,nasdaq_screener,
EAT,Brinker International Inc. Common Stock,8804064108.0,210.8,41765010.0,Consumer Discretionary,Restaurants,,2026-09-24,nasdaq_screener,
EBAY,eBay Inc. Common Stock,48545050000.0,109.09,445000000.0,Consumer Discretionary,Business Services,1998,2026-09-24,nasdaq_screener,
EBC,Eastern Bankshares Inc. Common Stock,4830734209.0,21.14,228511551.98675495,Finance,Savings Institutions,2020,2026-09-24,nasdaq_screener,
EBF,Ennis Inc. Common Stock,559344794.0,22.11,25298272.003618274,Consumer Discretionary,Office Equipment/Supplies/Services,,2026-09-24,nasdaq_screener,
EBMT,Eagle Bancorp Montana Inc. Common Stock,168867137.0,21.2,7965430.990566038,Finance,Major Banks,2010,2026-09-24,nasdaq_screener,
EBON,Ebang International Holdings Inc. Class A Ordinary Shares,13153315.0,2.01,6543937.810945274,Finance,Investment Bankers/Brokers/Service,2020,2026-09-24,nasdaq_screener,
EBS,Emergent BioSolutions Inc. Common Stock,341993151.0,6.67,51273335.98200899,Health Care,Biotechnology: Pharmaceutical Preparations,2006,2026-09-24,nasdaq_screener,
ECAT,BlackRock ESG Capital Allocation Term Trust Common Shares of Beneficial Interest,1543086450.0,14.27,108135000.0,Finance,Finance/Investors Services,2021,2026-09-24,nasdaq_screener,
ECBK,ECB Bancorp Inc. Common Stock,175190925.0,20.05,8737701.995012468,Finance,Banks,2022,2026-09-24,nasdaq_screener,
ECC,Eagle Point Credit Company Common Share of Beneficial Interest,216565211.0,3.57,60662524.08963586,Finance,Trusts Except Educational Religious and Charitable,2014,2026-09-24,nasdaq_screener,
ECG,Everus Construction Group Inc. Common Stock,5871319863.0,114.98,51063835.99756479,Consumer Discretionary,Homebuilding,2024,2026-09-24,nasdaq_screener,
ECHO,EchoStar  Corporation Common Stock,26964445056.0,92.72,290815844.0034512,Consumer Discretionary,Telecommunications Equipment,,2026-09-24,nasdaq_screener,
ECL,Ecolab Inc. Common Stock,77572531022.0,276.72,280328602.9994218,Consumer Discretionary,Package Goods/Cosmetics,,2026-09-24,nasdaq_screener,
ECO,Okeanis Eco Tankers Corp. Common Stock,3046654430.0,78.03,39044655.00448545,Consumer Discretionary,Marine Transportation,,2026-09-24,nasdaq_screener,
ECOR,electroCore Inc. Common Stock,102961407.0,11.42,9015885.026269702,Health Care,Biotechnology: Electromedical & Electrotherapeutic Apparatus,2018,2026-09-24,nasdaq_screener,
ECPG,Encore Capital Group Inc Common Stock,2003648806.0,94.47,21209365.99978829,Finance,Finance Companies,,2026-09-24,nasdaq_screener,
ECVT,Ecovyst Inc. Common Stock,1130808551.0,10.33,109468397.96708615,Industrials,Major Chemicals,2017,2026-09-24,nasdaq_screener,
ECX,ECARX Holdings Inc. Class A Ordinary shares,403923583.0,1.06,381059983.9622641,Technology,EDP Services,,2026-09-24,nasdaq_screener,
ED,Consolidated Edison Inc. Common Stock,37948116032.0,102.61,369828632.99873304,Utilities,Power Generation,,2026-09-24,nasdaq_screener,
EDBL,Edible Garden AG Incorporated Common Stock,2341811.0,1.2,1951509.1666666667,Consumer Staples,Farming/Seeds/Milling,2022,2026-09-24,nasdaq_screener,
EDHL,Everbright Digital Holding Limited Ordinary Shares,30571081.0,5.13,5959275.048732944,Consumer Discretionary,Advertising,2025,2026-09-24,nasdaq_screener,
EDIT,Editas Medicine Inc. Common Stock,413130294.0,2.69,153580034.94423792,Health Care,Biotechnology: Biological Products (No Diagnostic Substances),2016,2026-09-24,nasdaq_screener,
EDRY,EuroDry Ltd. Common Shares ,147170782.0,51.34,2866591.001168679,Consumer Discretionary,Marine Transportation,,2026-09-24,nasdaq_screener,
EDSA,Edesa Biotech Inc. Common Shares,53609780.0,3.97,13503722.921914358,Health Care,Biotechnology: Pharmaceutical Preparations,,2026-09-24,nasdaq_screener,
EDTK,Skillful Craftsman Education Technology Limited Ordinary Share,17009424.0,1.05,16199451.428571427,Real Estate,Other Consumer Services,2020,2026-09-24,nasdaq_screener,
EDU,New Oriental Education & Technology Group Inc. Sponsored ADR representing 10 Ordinary Share (Cayman Islands),8694058846.0,56.08,155029579.99286735,Real Estate,Other Consumer Services,2006,2026-09-24,nasdaq_screener,
EDUC,Educational Development Corporation Common Stock,11082453.0,1.3,8524963.846153846,Consumer Discretionary,Consumer Specialties,,2026-09-24,nasdaq_screener,
EDVA,Endovia Health Sciences Inc. Common Stock,1315208.0,0.2051,6412520.721599219,Consumer Staples,Beverages (Production/Distribution),2021,2026-09-24,nasdaq_screener,
EE,Excelerate Energy Inc. Class A Common Stock,3852269507.0,33.97,113402105.00441566,Utilities,Oil/Gas Transmission,2022,2026-09-24,nasdaq_screener,
EEFT,Euronet Worldwide Inc. Common Stock,2417768381.0,64.64,37403595.00309406,Finance,Investment Bankers/Brokers/Service,1997,2026-09-24,nasdaq_screener,
EEIQ,EpicQuest Education Group International Limited Common Stock,6504161.0,3.95,1646623.0379746836,Real Estate,Other Consumer Services,2021,2026-09-24,nasdaq_screener,
EFC,Ellington Financial Inc. Common Stock ,1599492460.0,12.41,128887385.97904915,Finance,Real Estate,2010,2026-09-24,nasdaq_screener,
EFOI,Energy Focus Inc. Common Stock,16878438.0,2.65,6369221.886792453,Consumer Discretionary,Building Products,,2026-09-24,nasdaq_screener,
EFOR,Everforth Inc. Common Stock,1359150000.0,33.15,41000000.0,Consumer Discretionary,Professional Services,,2026-09-24,nasdaq_screener,
EFSC,Enterprise Financial Services Corporation Common Stock,2165941359.0,59.845,36192519.99331607,Finance,Major Banks,,2026-09-24,nasdaq_screener,
EFSI,Eagle Financial Services Inc Common Stock,245470856.0,45.36,5411614.991181658,Finance,Major Banks,,2026-09-24,nasdaq_screener,
EFT,Eaton Vance Floating Rate Income Trust Common Shares of Beneficial Interest,303994837.0,10.45,29090415.023923445,Finance,Finance Companies,2004,2026-09-24,nasdaq_screener,
EFX,Equifax Inc. Common Stock,18247754047.0,155.32,117484896.00180273,Finance,Finance: Consumer Services,,2026-09-24,nasdaq_screener,
EFXT,Enerflex Ltd Common Shares,2821797626.0,23.11,122102882.99437474,Industrials,Industrial Machinery/Components,2022,2026-09-24,nasdaq_screener,
EG,Everest Group Ltd. Common Stock,14277300432.0,372.36,38342733.99935546,Finance,Property-Casualty Insurers,,2026-09-24,nasdaq_screener,
EGAN,eGain Corporation Common Stock,155196799.0,5.93,26171466.94772344,Technology,Computer Software: Prepackaged Software,1999,2026-09-24,nasdaq_screener,
EGBN,Eagle Bancorp Inc. Common Stock,855380282.0,28.06,30483972.986457594,Finance,Major Banks,,2026-09-24,nasdaq_screener,
EGG,Enigmatig Limited Class A Ordinary Shares,75460492.0,2.71,27845200.0,Consumer Discretionary,Professional Services,2025,2026-09-24,nasdaq_screener,
EGHA,EGH Acquisition Corp. Class A Ordinary Shares,0.0,10.4,,Finance,Finance/Investors Services,2025,2026-09-24,nasdaq_screener,
EGHT,8x8 Inc Common Stock,330757297.0,2.29,144435500.87336245,Technology,EDP Services,,2026-09-24,nasdaq_screener,
EGO,Eldorado Gold Corporation Ordinary Shares,11194942931.0,42.84,261319863.00186738,Basic Materials,Precious Metals,,2026-09-24,nasdaq_screener,
EGP,EastGroup Properties Inc. Common Stock,10894474024.0,202.6,53773316.999012835,Real Estate,Real Estate Investment Trusts,,2026-09-24,nasdaq_screener,
EGY,VAALCO Energy Inc.  Common Stock,614319984.0,5.84,105191778.08219178,Energy,Oil & Gas Production,,2026-09-24,nasdaq_screener,
EH,EHang Holdings Limited ADS,347371758.0,4.58,75845362.00873363,Industrials,Aerospace,2019,2026-09-24,nasdaq_screener,
EHC,Encompass Health Corporation Common Stock,12056430059.0,122.21,98653384.00294575,Health Care,Hospital/Nursing Management,,2026-09-24,nasdaq_screener,
EHGO,Eshallgo Inc. Class A Ordinary Shares,4967971.0,0.8973,5536577.510308704,Consumer Discretionary,Diversified Commercial Services,2024,2026-09-24,nasdaq_screener,
EHLD,Euroholdings Ltd. Common Stock ,33588134.0,11.925,2816615.01048218,Consumer Discretionary,Marine Transportation,,2026-09-24,nasdaq_screener,
EHTH,eHealth Inc. Common Stock,27035560.0,0.844,32032654.02843602,Finance,Specialty Insurers,2006,2026-09-24,nasdaq_screener,
EIC,Eagle Point Income Company Common Shares of Beneficial Interest,85072431.0,9.55,8908107.958115183,Finance,Finance/Investors Services,2019,2026-09-24,nasdaq_screener,
EIG,Employers Holdings Inc Common Stock,858332582.0,47.79,17960506.00544047,Finance,Property-Casualty Insurers,2007,2026-09-24,nasdaq_screener,
EIKN,Eikon Therapeutics Inc. Common Stock,440361694.0,8.13,54165030.01230012,Health Care,Biotechnology: Biological Products (No Diagnostic Substances),2026,2026-09-24,nasdaq_screener,
EIX,Edison International Common Stock,20591396016.0,53.51,384813978.99458045,Utilities,Electric Utilities: Central,,2026-09-24,nasdaq_screener,
EJH,E-Home Household Service Holdings Limited Ordinary Shares,3994752.0,1.2483,3200153.8091804856,Consumer Discretionary,Other Consumer Services,2021,2026-09-24,nasdaq_screener,
EL,Estee Lauder Companies Inc. (The) Common Stock,35756552377.0,98.83,361798567.0039462,Consumer Discretionary,Package Goods/Cosmetics,1995,2026-09-24,nasdaq_screener,
ELA,Envela Corporation Common Stock,323504911.0,12.46,25963476.003210273,Consumer Discretionary,Consumer Specialties,,2026-09-24,nasdaq_screener,
ELAB,PMGC Holdings Inc. Common Stock,3667393.0,4.53,809579.0286975717,Health Care,Biotechnology: Pharmaceutical Preparations,2023,2026-09-24,nasdaq_screener,
ELAN,Elanco Animal Health Incorporated Common Stock,11276464703.0,22.57,499621829.99556935,Health Care,Biotechnology: Pharmaceutical Preparations,2018,2026-09-24,nasdaq_screener,
ELBM,Electra Battery Materials Corporation Common Stock,58056555.0,0.5436,106800137.96909493,Miscellaneous,Industrial Machinery/Components,,2026-09-24,nasdaq_screener,
ELDN,Eledon Pharmaceuticals Inc. Common Stock,221030333.0,2.72,81261151.83823529,Health Care,Biotechnology: Pharmaceutical Preparations,2014,2026-09-24,nasdaq_screener,
ELE,Elemental Royalty Corporation Common Stock,1645003701.0,20.43,80519025.99118944,Basic Materials,Precious Metals,,2026-09-24,nasdaq_screener,
ELF,e.l.f. Beauty Inc. Common Stock,5946825837.0,100.78,59007996.001190715,Consumer Discretionary,Package Goods/Cosmetics,2016,2026-09-24,nasdaq_screener,
ELLO,Ellomay Capital Ltd Ordinary Shares (Israel),302955395.0,21.98,13783229.981801638,Utilities,Electric Utilities: Central,,2026-09-24,nasdaq_screener,
ELMD,Electromed Inc. Common Stock,230655114.0,27.57,8366163.003264418,Health Care,Biotechnology: Electromedical & Electrotherapeutic Apparatus,2011,2026-09-24,nasdaq_screener,
ELME,Elme Communities Common Stock,151946980.0,1.71,88857883.04093568,Real Estate,Real Estate Investment Trusts,2000,2026-09-24,nasdaq_screener,
ELMT,The Elmet Group Co. Common Stock,626856469.0,20.58,30459498.00777454,Industrials,Metal Fabrications,2026,2026-09-24,nasdaq_screener,
ELOG,Eastern International Ltd. Ordinary Shares,6300512.0,0.491,12832000.0,Industrials,Integrated Freight & Logistics,2025,2026-09-24,nasdaq_screener,
ELOX,Eloxx Pharmaceuticals Inc. Common Stock,62302745.0,15.435,4036459.0217039194,Health Care,Biotechnology: Biological Products (No Diagnostic Substances),,2026-09-24,nasdaq_screener,
ELPW,Elong Power Holding Limited Class A Ordinary Shares,2488678.0,2.67,932089.138576779,Miscellaneous,Industrial Machinery/Components,,2026-09-24,nasdaq_screener,
ELS,Equity Lifestyle Properties Inc. Common Stock,11581776462.0,59.68,194064619.00134048,Real Estate,Real Estate Investment Trusts,,2026-09-24,nasdaq_screener,
ELTK,Eltek Ltd. Ordinary Shares,54952729.0,8.1777,6719826.968463016,Technology,Electrical Products,1997,2026-09-24,nasdaq_screener,
ELTX,Elicio Therapeutics Inc. Common Stock,49147119.0,1.87,26281881.818181816,Health Care,Biotechnology: Pharmaceutical Preparations,2021,2026-09-24,nasdaq_screener,
ELUT,Elutia Inc. Class A Common Stock,38456338.0,0.8683,44289229.528964646,Health Care,Biotechnology: Biological Products (No Diagnostic Substances),2020,2026-09-24,nasdaq_screener,
ELV,Elevance Health Inc. Common Stock,86435424222.0,398.56,216869289.99899638,Health Care,Medical Specialities,,2026-09-24,nasdaq_screener,
ELVA,Electrovaya Inc. Common Shares,322492886.0,6.45,49998897.05426356,Miscellaneous,Industrial Machinery/Components,,2026-09-24,nasdaq_screener,
ELVN,Enliven Therapeutics Inc. Common Stock,3377049374.0,46.09,73270760.98936862,Health Care,Biotechnology: Pharmaceutical Preparations,2020,2026-09-24,nasdaq_screener,
ELVR,Elevra Lithium Limited American Depository Shares,743564020.0,43.9,16937676.993166286,Industrials,Mining & Quarrying of Nonmetallic Minerals (No Fuels),,2026-09-24,nasdaq_screener,
ELWT,Elauwit Connection Inc. Common Stock,47166047.0,7.125,6619796.070175438,Consumer Discretionary,Telecommunications Equipment,2025,2026-09-24,nasdaq_screener,
EMA,Emera Incorporated Common Shares,14807040000.0,48.2,307200000.0,Utilities,Electric Utilities: Central,2025,2026-09-24,nasdaq_screener,
EMAT,Evolution Metals & Technologies Corp. Common Stock,2084260556.0,3.335,624965683.958021,Miscellaneous,Industrial Machinery/Components,,2026-09-24,nasdaq_screener,
EMBC,Embecta Corp. Common Stock,316160562.0,5.58,56659598.92473118,Health Care,Medical/Dental Instruments,,2026-09-24,nasdaq_screener,
EMBJ,Embraer S.A. Common Stock,13629562485.0,75.43,180691534.9993371,Industrials,Aerospace,,2026-09-24,nasdaq_screener,
EME,EMCOR Group Inc. Common Stock,33161823572.0,751.8,44109901.00026603,Industrials,Engineering & Construction,,2026-09-24,nasdaq_screener,
EMIS,Emmis Acquisition Corp. Class A Ordinary Shares,0.0,10.25,,Health Care,Biotechnology: Pharmaceutical Preparations,2025,2026-09-24,nasdaq_screener,
EML,Eastern Company (The) Common Stock,153929134.0,25.58,6017558.014073496,Consumer Discretionary,Industrial Machinery/Components,,2026-09-24,nasdaq_screener,
EMN,Eastman Chemical Company Common Stock,7640411723.0,66.8,114377421.00299402,Industrials,Major Chemicals,,2026-09-24,nasdaq_screener,
EMPD,Empery Digital Inc. Common stock,83908681.0,2.985,28110110.887772195,Industrials,Auto Manufacturing,2021,2026-09-24,nasdaq_screener,
EMR,Emerson Electric Company Common Stock,86230302000.0,154.59,557800000.0,Technology,Consumer Electronics/Appliances,,2026-09-24,nasdaq_screener,
ENB,Enbridge Inc Common Stock,104509598376.0,47.85,2184108638.9968653,Energy,Natural Gas Distribution,,2026-09-24,nasdaq_screener,
ENGN,enGene Therapeutics Inc. Common Stock,134032632.0,2.0,67016316.0,Health Care,Biotechnology: Biological Products (No Diagnostic Substances),,2026-09-24,nasdaq_screener,
ENGS,Energys Group Limited Ordinary Shares,154944893.0,2.86,54176536.013986014,Industrials,Engineering & Construction,2025,2026-09-24,nasdaq_screener,
ENHA,Enhanced Group Inc. Class A Common Stock,553526487.0,1.4,395376062.1428572,Consumer Discretionary,Services-Misc. Amusement & Recreation,,2026-09-24,nasdaq_screener,
ENLT,Enlight Renewable Energy Ltd. Ordinary Shares,10111088791.0,72.51,139444060.00551647,Utilities,Electric Utilities: Central,2023,2026-09-24,nasdaq_screener,
ENLV,Enlivex Ltd. Ordinary Shares,11190696.0,0.64,17485462.5,Health Care,Biotechnology: Pharmaceutical Preparations,2014,2026-09-24,nasdaq_screener,
ENOV,Enovis Corporation Common Stock,1051891571.0,18.24,57669494.02412281,Health Care,Industrial Specialties,,2026-09-24,nasdaq_screener,
ENPH,Enphase Energy Inc. Common Stock,4370023509.0,33.07,132144647.989114,Technology,Semiconductors,2012,2026-09-24,nasdaq_screener,
ENR,Energizer Holdings Inc. Common Stock,1506640014.0,22.0,68483637.0,Miscellaneous,Industrial Machinery/Components,2015,2026-09-24,nasdaq_screener,
ENS,EnerSys Common Stock,6473347056.0,179.49,36065224.00133712,Miscellaneous,Industrial Machinery/Components,2004,2026-09-24,nasdaq_screener,
ENSC,Ensysce Biosciences Inc. Common Stock,8064841.0,0.4145,19456793.727382388,Health Care,Biotechnology: Pharmaceutical Preparations,,2026-09-24,nasdaq_screener,
ENSG,The Ensign Group Inc. Common Stock,10226235870.0,175.46,58282434.00205175,Health Care,Hospital/Nursing Management,2007,2026-09-24,nasdaq_screener,
ENTA,Enanta Pharmaceuticals Inc. Common Stock,348048554.0,11.95,29125402.0083682,Health Care,Biotechnology: Pharmaceutical Preparations,2013,2026-09-24,nasdaq_screener,
ENTG,Entegris Inc. Common Stock,23062104000.0,150.93,152800000.0,Industrials,Plastic Products,2000,2026-09-24,nasdaq_screener,
ENTX,Entera Bio Ltd. Ordinary Shares,488474302.0,2.81,173834271.17437723,Health Care,Biotechnology: Biological Products (No Diagnostic Substances),2018,2026-09-24,nasdaq_screener,
ENVA,Enova International Inc. Common Stock,4192138725.0,168.37,24898370.99839639,Finance,Finance: Consumer Services,2014,2026-09-24,nasdaq_screener,
ENVB,Enveric Biosciences Inc. Common Stock,7004758.0,1.565,4475883.706070288,Health Care,Biotechnology: Pharmaceutical Preparations,,2026-09-24,nasdaq_screener,
ENVX,Enovix Corporation Common Stock,645178693.0,2.94,219448535.0340136,Miscellaneous,Industrial Machinery/Components,2021,2026-09-24,nasdaq_screener,
EOCN,Eocene Ltd. Ordinary Shares,3770465.0,3.62,1041564.9171270718,Health Care,Biotechnology: Pharmaceutical Preparations,2014,2026-09-24,nasdaq_screener,
EOG,EOG Resources Inc. Common Stock,74399218324.0,141.84,524529176.001128,Energy,Oil & Gas Production,,2026-09-24,nasdaq_screener,
EOLS,Evolus Inc. Common Stock,528403520.0,8.0,66050440.0,Health Care,Biotechnology: Pharmaceutical Preparations,2018,2026-09-24,nasdaq_screener,
EONR,EON Resources Inc. Class A Common Stock,25563805.0,0.5116,49968344.40969507,Energy,Oil & Gas Production,2022,2026-09-24,nasdaq_screener,
EOSE,Eos Energy Enterprises Inc. Class A Common Stock,1303720524.0,3.58,364167744.1340782,Miscellaneous,Industrial Machinery/Components,,2026-09-24,nasdaq_screener,
EOT,Eaton Vance Municipal Income Trust EATON VANCE NATIONAL MUNICIPAL OPPORTUNITIES TRUST,243905017.0,15.61,15624921.012171686,Finance,Investment Bankers/Brokers/Service,2009,2026-09-24,nasdaq_screener,
EP,Empire Petroleum Corporation Common Stock,90277080.0,2.17,41602341.01382489,Energy,Oil & Gas Production,2022,2026-09-24,nasdaq_screener,
EPAC,Enerpac Tool Group Corp. Common Stock,1841466632.0,36.01,51137645.98722577,Technology,Industrial Machinery/Components,,2026-09-24,nasdaq_screener,
EPAM,EPAM Systems Inc. Common Stock,5677663129.0,110.06,51586981.00127203,Technology,EDP Services,2012,2026-09-24,nasdaq_screener,
EPC,Edgewell Personal Care Company Common Stock,1248087818.0,27.08,46088914.99261448,Consumer Discretionary,Package Goods/Cosmetics,,2026-09-24,nasdaq_screener,
EPD,Enterprise Products Partners L.P. Common Stock,81131557239.0,37.57,2159477168.991216,Utilities,Natural Gas Distribution,,2026-09-24,nasdaq_screener,
EPM,Evolution Petroleum Corporation Inc. Common Stock,144620014.0,3.6,40172226.11111111,Energy,Oil & Gas Production,,2026-09-24,nasdaq_screener,
EPOW,E-Power Inc. Class A Ordinary Shares,14693950.0,6.315,2326832.9374505146,Miscellaneous,Industrial Machinery/Components,2021,2026-09-24,nasdaq_screener,
EPR,EPR Properties Common Stock,4360579840.0,56.92,76608921.99578355,Real Estate,Real Estate Investment Trusts,1997,2026-09-24,nasdaq_screener,
EPRT,Essential Properties Realty Trust Inc. Common Stock,5811255617.0,26.87,216273003.9821362,Real Estate,Real Estate Investment Trusts,2018,2026-09-24,nasdaq_screener,
EPRX,Eupraxia Pharmaceuticals Inc. Common Stock,536479984.0,8.14,65906631.94103193,Health Care,Pharmaceuticals and Biotechnology,,2026-09-24,nasdaq_screener,
EPSM,Epsium Enterprise Limited Class A Ordinary Shares,19216389.0,1.43,13438034.265734266,Consumer Staples,Beverages (Production/Distribution),2025,2026-09-24,nasdaq_screener,
EPSN,Epsilon Energy Ltd. Common Share,177765783.0,5.87,30283779.04599659,Energy,Oil & Gas Production,,2026-09-24,nasdaq_screener,
EQ,Equillium Inc. Common Stock,110964144.0,1.75,63408082.28571428,Health Care,Biotechnology: Pharmaceutical Preparations,2018,2026-09-24,nasdaq_screener,
EQBK,Equity Bancshares Inc. Class A Common Stock,984321022.0,47.8,20592490.0,Finance,Major Banks,,2026-09-24,nasdaq_screener,
EQH,Equitable Holdings Inc. Common Stock,14271547656.0,52.27,273035156.99253875,Finance,Specialty Insurers,2018,2026-09-24,nasdaq_screener,
EQIX,Equinix Inc. Common Stock REIT,102387661695.0,1037.66,98671686.00023128,Real Estate,Real Estate Investment Trusts,2000,2026-09-24,nasdaq_screener,
EQNR,Equinor ASA,107261627187.0,42.9,2500271030.0,Energy,Integrated oil Companies,,2026-09-24,nasdaq_screener,
EQPT,EquipmentShare.com Inc Class A Common Stock,4581037411.0,18.08,253375962.99778762,Consumer Discretionary,Diversified Commercial Services,2026,2026-09-24,nasdaq_screener,
EQS,Equus Total Return Inc. Common Stock,13685965.0,0.9799,13966695.581181753,Finance,Finance/Investors Services,,2026-09-24,nasdaq_screener,
EQT,EQT Corporation Common Stock,31938846960.0,51.06,625516000.0,Energy,Oil & Gas Production,,2026-09-24,nasdaq_screener,
EQX,Equinox Gold Corp. Common Shares,14067890855.0,12.05,1167459821.9917011,Basic Materials,Precious Metals,,2026-09-24,nasdaq_screener,
ERAS,Erasca Inc. Common Stock,4877431578.0,13.945,349762034.9946217,Health Care,Biotechnology: Pharmaceutical Preparations,2021,2026-09-24,nasdaq_screener,
ERIE,Erie Indemnity Company Class A Common Stock,10428105882.0,225.77,46189067.99840546,Finance,Specialty Insurers,,2026-09-24,nasdaq_screener,
ERII,Energy Recovery Inc. Common Stock,347105150.0,6.8,51044875.0,Technology,Industrial Machinery/Components,2008,2026-09-24,nasdaq_screener,
ERNA,Ernexa Therapeutics Inc. Common Stock,5958300.0,3.65,1632410.9589041097,Health Care,Biotechnology: Pharmaceutical Preparations,,2026-09-24,nasdaq_screener,
ERO,Ero Copper Corp. Common Shares,3804060273.0,36.48,104277968.00986843,Basic Materials,Metal Mining,2021,2026-09-24,nasdaq_screener,
EROC,ERock Inc. Class A Common Stock,2746889002.0,12.52,219400080.0319489,Energy,Industrial Machinery/Components,2026,2026-09-24,nasdaq_screener,
EROK,EagleRock Land LLC Class A shares representing limited liability company interests,2905267301.0,22.09,131519569.9864192,Energy,Oil & Gas Production,2026,2026-09-24,nasdaq_screener,
ES,Eversource Energy (D/B/A) Common Stock,24449958282.0,64.91,376674753.9978432,Utilities,Electric Utilities: Central,,2026-09-24,nasdaq_screener,
ESAB,ESAB Corporation Common Stock,4185758647.0,67.33,62167809.99554434,Industrials,Industrial Machinery/Components,2022,2026-09-24,nasdaq_screener,
ESCA,Escalade Incorporated Common Stock,262656692.0,19.08,13766074.004192874,Consumer Discretionary,Recreational Games/Products/Toys,,2026-09-24,nasdaq_screener,
ESE,ESCO Technologies Inc. Common Stock,6896335260.0,266.19,25907567.001014315,Telecommunications,Telecommunications Equipment,,2026-09-24,nasdaq_screener,
ESEA,Euroseas Ltd. Common Stock (Marshall Islands),504989403.0,71.57,7055880.997624704,Consumer Discretionary,Marine Transportation,,2026-09-24,nasdaq_screener,
ESI,Element Solutions Inc. Common Stock,8643716720.0,35.47,243690914.011841,Industrials,Major Chemicals,2014,2026-09-24,nasdaq_screener,
ESLA,Estrella Immunopharma Inc. Common Stock,20530992.0,0.472,43497864.40677966,Health Care,Biotechnology: Biological Products (No Diagnostic Substances),2021,2026-09-24,nasdaq_screener,
ESLT,Elbit Systems Ltd. Ordinary Shares,34532417663.0,742.49,46508932.99977104,Industrials,Military/Government/Technical,,2026-09-24,nasdaq_screener,
ESNT,Essent Group Ltd. Common Shares,5882416467.0,65.45,89876493.00229183,Finance,Property-Casualty Insurers,2013,2026-09-24,nasdaq_screener,
ESOA,Energy Services of America Corporation Common Stock,201519155.0,10.8,18659181.01851852,Industrials,Water Sewer Pipeline Comm & Power Line Construction,,2026-09-24,nasdaq_screener,
ESP,Espey Mfg. & Electronics Corp. Common Stock,188263738.0,62.84,2995921.992361553,Technology,Industrial Machinery/Components,1960,2026-09-24,nasdaq_screener,
ESQ,Esquire Financial Holdings Inc. Common Stock,1469012193.0,121.36,12104583.000988794,Finance,Commercial Banks,2017,2026-09-24,nasdaq_screener,
ESRT,Empire State Realty Trust Inc. Class A Common Stock,711044106.0,4.13,172165643.09927362,Real Estate,Real Estate Investment Trusts,2013,2026-09-24,nasdaq_screener,
ESS,Essex Property Trust Inc. Common Stock,17575490013.0,273.47,64268438.99879328,Real Estate,Real Estate Investment Trusts,1994,2026-09-24,nasdaq_screener,
ESTA,Establishment Labs Holdings Inc. Common Shares,2019376134.0,67.76,29801890.99763872,Health Care,Industrial Specialties,2018,2026-09-24,nasdaq_screener,
ESTC,Elastic N.V. Ordinary Shares,9583604038.0,91.28,104991279.99561788,Technology,Computer Software: Prepackaged Software,2018,2026-09-24,nasdaq_screener,
ESYN,EnerSyn Global Inc. Common Stock,68370720.0,2.3,29726400.000000004,Health Care,Other Pharmaceuticals,2022,2026-09-24,nasdaq_screener,
ETD,Ethan Allen Interiors Inc. Common Stock,529756613.0,21.02,25202502.997145575,Consumer Discretionary,Home Furnishings,,2026-09-24,nasdaq_screener,
ETN,Eaton Corporation PLC Ordinary Shares,170414384000.0,438.76,388400000.0,Technology,Industrial Machinery/Components,,2026-09-24,nasdaq_screener,
ETO,Eaton Vance Tax-Advantage Global Dividend Opp Common Stock,499018802.0,30.45,16388137.996715927,Finance,Investment Managers,2004,2026-09-24,nasdaq_screener,
ETON,Eton Pharmaceuticals Inc. Common Stock,1589508137.0,55.61,28583134.993706167,Health Care,Biotechnology: Pharmaceutical Preparations,2018,2026-09-24,nasdaq_screener,
ETOR,eToro Group Ltd. Class A Common Shares,2189249331.0,27.18,80546333.0022075,Finance,Investment Bankers/Brokers/Service,2025,2026-09-24,nasdaq_screener,
ETR,Entergy Corporation Common Stock,46303843547.0,99.23,466631498.0046357,Utilities,Electric Utilities: Central,,2026-09-24,nasdaq_screener,
ETRA,Electra Therapeutics Inc. Common stock,795257320.0,12.67,62766955.01183899,Health Care,Biotechnology: Biological Products (No Diagnostic Substances),2026,2026-09-24,nasdaq_screener,
ETS,Elite Express Holding Inc. Class A Common Stock,77459508.0,1.59,48716671.6981132,Industrials,Trucking Freight/Courier Services,2025,2026-09-24,nasdaq_screener,
ETSS,Energy Transition Special Opportunities Class A Ordinary Shares,0.0,9.92,,Finance,Blank Checks,2026,2026-09-24,nasdaq_screener,
ETSY,Etsy Inc. Common Stock,6764314828.0,73.7,91781748.0054274,Consumer Discretionary,Business Services,2025,2026-09-24,nasdaq_screener,
ETX,Eaton Vance Municipal Income 2028 Term Trust Common Shares of Beneficial Interest,190377880.0,17.49,10884955.974842768,Finance,Investment Managers,2013,2026-09-24,nasdaq_screener,
EU,enCore Energy Corp. Common Shares,237022785.0,1.22,194280971.31147543,Basic Materials,Other Metals and Minerals,,2026-09-24,nasdaq_screener,
EUDA,EUDA Health Holdings Limited Ordinary Shares,51891652.0,17.33,2994324.985574149,Health Care,Medical/Nursing Services,2021,2026-09-24,nasdaq_screener,
EURK,Eureka Acquisition Corp Class A Ordinary Share,0.0,11.5,,,,2024,2026-09-24,nasdaq_screener,
EVAC,EQV Ventures Acquisition Corp. II Class A Ordinary Shares,0.0,10.31,,Industrials,Fluid Controls,2025,2026-09-24,nasdaq_screener,
EVC,Entravision Communications Corporation Common Stock,727231843.0,7.88,92288304.94923858,Industrials,Broadcasting,2000,2026-09-24,nasdaq_screener,
EVCM,EverCommerce Inc. Common Stock,1469854847.0,8.32,176665246.03365383,Technology,Computer Software: Prepackaged Software,2021,2026-09-24,nasdaq_screener,
EVER,EverQuote Inc. Class A Common Stock,621276810.0,17.63,35239750.992626205,Technology,Computer Software: Programming Data Processing,2018,2026-09-24,nasdaq_screener,
EVEX,Eve Holding Inc. Common Stock,724851573.0,2.08,348486333.1730769,Industrials,Aerospace,2022,2026-09-24,nasdaq_screener,
EVF,Eaton Vance Senior Income Trust Common Stock,85414238.0,4.87,17538857.905544147,Finance,Investment Bankers/Brokers/Service,1998,2026-09-24,nasdaq_screener,
EVGN,Evogene Ltd Ordinary Shares,7146976.0,0.4523,15801406.146363035,Industrials,Agricultural Chemicals,,2026-09-24,nasdaq_screener,
EVGO,EVgo Inc. Class A Common Stock,427741379.0,1.36,314515719.85294116,Consumer Discretionary,Automotive Aftermarket,,2026-09-24,nasdaq_screener,
EVH,Evolent Health Inc Class A Common Stock,409274793.0,3.62,113059335.08287293,Consumer Discretionary,Other Consumer Services,2015,2026-09-24,nasdaq_screener,
EVI,EVI Industries Inc.  Common Stock,254093436.0,19.73,12878531.981753673,Consumer Discretionary,Other Consumer Services,1999,2026-09-24,nasdaq_screener,
EVLV,Evolv Technologies Holdings Inc. Class A Common Stock,883895592.0,4.88,181126145.90163934,Technology,Computer peripheral equipment,2020,2026-09-24,nasdaq_screener,
EVMN,Evommune Inc. Common Stock,318281831.0,8.77,36292112.99885975,Health Care,Biotechnology: Pharmaceutical Preparations,2025,2026-09-24,nasdaq_screener,
EVN,Eaton Vance Municipal Income Trust Common Stock,392704914.0,9.9,39667163.03030303,Finance,Investment Managers,1999,2026-09-24,nasdaq_screener,
EVOX,Evolution Global Acquisition Corp Class A Ordinary Shares,0.0,10.12,,Finance,Blank Checks,2025,2026-09-24,nasdaq_screener,
EVR,Evercore Inc. Class A Common Stock,9994791924.0,259.89,38457777.99838393,Finance,Investment Managers,2006,2026-09-24,nasdaq_screener,
EVRG,Evergy Inc. Common Stock,18081077628.0,78.42,230567171.99693954,Utilities,Power Generation,,2026-09-24,nasdaq_screener,
EVTC,Evertec Inc. Common Stock,1647377583.0,27.57,59752542.00217628,Technology,EDP Services,2013,2026-09-24,nasdaq_screener,
EVTL,Vertical Aerospace Ltd. Ordinary Shares,117201385.0,0.6825,171723641.02564102,Industrials,Aerospace,2021,2026-09-24,nasdaq_screener,
EW,Edwards Lifesciences Corporation Common Stock,50043048000.0,86.82,576400000.0,Health Care,Industrial Specialties,,2026-09-24,nasdaq_screener,
EWAV,East West Ave Acquisition Corp. Common Stock,0.0,9.9,,Finance,Blank Checks,2026,2026-09-24,nasdaq_screener,
EWBC,East West Bancorp Inc. Common Stock,17056605953.0,124.49,137011855.9964656,Finance,Major Banks,,2026-09-24,nasdaq_screener,
EWTX,Edgewise Therapeutics Inc. Common Stock,4458199495.0,41.05,108604128.98903777,Health Care,Biotechnology: Pharmaceutical Preparations,2021,2026-09-24,nasdaq_screener,
EXC,Exelon Corporation Common Stock,42002413917.0,40.69,1032253966.9943476,Utilities,Power Generation,,2026-09-24,nasdaq_screener,
EXE,Expand Energy Corporation Common Stock,20150089795.0,87.04,231503789.00505513,Energy,Oil & Gas Production,,2026-09-24,nasdaq_screener,
EXEL,Exelixis Inc. Common Stock,14056655387.0,56.73,247781691.99717963,Health Care,Biotechnology: Biological Products (No Diagnostic Substances),2000,2026-09-24,nasdaq_screener,
EXFY,Expensify Inc. Class A Common Stock,214288660.0,2.35,91186663.82978722,Technology,Computer Software: Prepackaged Software,2021,2026-09-24,nasdaq_screener,
EXK,Endeavour Silver Corporation Ordinary Shares (Canada),2741597107.0,9.26,296068802.05183583,Basic Materials,Precious Metals,,2026-09-24,nasdaq_screener,
EXLS,ExlService Holdings Inc. Common Stock,5280663340.0,34.83,151612498.99511915,Consumer Discretionary,Business Services,2006,2026-09-24,nasdaq_screener,
EXOD,Exodus Movement Inc. Class A Common Stock,235887445.0,7.81,30203258.00256082,Finance,Finance: Consumer Services,,2026-09-24,nasdaq_screener,
EXOZ,eXoZymes Inc. Common Stock,59215070.0,6.38,9281358.93416928,Health Care,Biotechnology: Biological Products (No Diagnostic Substances),2024,2026-09-24,nasdaq_screener,
EXP,Eagle Materials Inc Common Stock,5470637461.0,178.34,30675325.00280363,Industrials,Building Materials,,2026-09-24,nasdaq_screener,
EXPD,Expeditors International of Washington Inc. Common Stock,24442136655.0,188.03,129990622.00180823,Industrials,Integrated Freight & Logistics,,2026-09-24,nasdaq_screener,
EXPE,Expedia Group Inc. Common Stock,29659015605.0,259.04,114495891.00138974,Consumer Discretionary,Transportation Services,,2026-09-24,nasdaq_screener,
EXPO,Exponent Inc. Common Stock,3109989354.0,65.41,47546083.9932732,Consumer Discretionary,Professional Services,,2026-09-24,nasdaq_screener,
EXR,Extra Space Storage Inc Common Stock,28276317643.0,133.84,211269558.00209203,Real Estate,Real Estate Investment Trusts,2004,2026-09-24,nasdaq_screener,
EXTR,Extreme Networks Inc. Common Stock,2911720411.0,22.03,132170695.00680889,Telecommunications,Computer Communications Equipment,1999,2026-09-24,nasdaq_screener,
EXYN,Exyn Technologies Inc. Common Stock,19964432.0,2.51,7953956.972111555,Technology,Computer Software: Prepackaged Software,2026,2026-09-24,nasdaq_screener,
EYE,National Vision Holdings Inc. Common Stock,1293573961.0,16.36,79069313.0195599,Health Care,Ophthalmic Goods,2017,2026-09-24,nasdaq_screener,
EYPT,EyePoint Inc. Common Stock,320709153.0,3.72,86212137.90322581,Industrials,Biotechnology: Laboratory Analytical Instruments,,2026-09-24,nasdaq_screener,
EZGO,EZGO Technologies Ltd. Ordinary Shares,4484015.0,0.8451,5305898.71021181,Consumer Discretionary,Motor Vehicles,2021,2026-09-24,nasdaq_screener,
EZPW,EZCORP Inc. Class A Non Voting Common Stock,1854975552.0,30.19,61443377.01225571,Consumer Discretionary,Other Specialty Stores,1991,2026-09-24,nasdaq_screener,
EZRA,Reliance Global Group Inc. Common Stock,4519028.0,2.69,1679936.059479554,Finance,Specialty Insurers,,2026-09-24,nasdaq_screener,
F,Ford Motor Company Common Stock,50682662068.0,12.94,3916743591.0355487,Industrials,Auto Manufacturing,,2026-09-24,nasdaq_screener,
FA,First Advantage Corporation Common Stock,3435073820.0,20.0,171753691.0,Technology,EDP Services,2021,2026-09-24,nasdaq_screener,
FABC,Fabric.AI Inc. Common Stock,16038274.0,2.29,7003613.100436681,Consumer Discretionary,Telecommunications Equipment,,2026-09-24,nasdaq_screener,
FAC,Factorial Energy Inc. Class A Common Stock,689229698.0,6.44,107023245.0310559,Miscellaneous,Industrial Machinery/Components,2025,2026-09-24,nasdaq_screener,
FACT,FACT II Acquisition Corp. Class A Ordinary Shares,0.0,10.735,,,,2024,2026-09-24,nasdaq_screener,
FAF,First American Corporation (New) Common Stock,6951989000.0,68.09,102100000.0,Finance,Specialty Insurers,,2026-09-24,nasdaq_screener,
FAMI,Farmmi Inc. Class A Ordinary Shares,4236111.0,0.1323,32018979.591836736,Consumer Staples,Packaged Foods,2018,2026-09-24,nasdaq_screener,
FANG,Diamondback Energy Inc. Common Stock,51986521134.0,185.65,280024352.99757606,Energy,Oil & Gas Production,2012,2026-09-24,nasdaq_screener,
FAST,Fastenal Company Common Stock,58510901247.0,50.99,1147497572.9947047,Consumer Discretionary,RETAIL: Building Materials,1987,2026-09-24,nasdaq_screener,
FATE,Fate Therapeutics Inc. Common Stock,291163849.0,2.43,119820513.99176954,Health Care,Biotechnology: Biological Products (No Diagnostic Substances),2013,2026-09-24,nasdaq_screener,
FATN,FatPipe Inc. Common Stock,74174457.0,5.25,14128468.0,Technology,Computer Software: Prepackaged Software,2025,2026-09-24,nasdaq_screener,
FBDT,First Breach Inc. Common Stock,51012913.0,0.9146,55776200.5248196,Industrials,Ordnance And Accessories,,2026-09-24,nasdaq_screener,
FBGL,FBS Global Limited Ordinary Shares,5416182.0,0.405,13373288.888888888,Consumer Discretionary,Homebuilding,2025,2026-09-24,nasdaq_screener,
FBIN,Fortune Brands Innovations Inc. Common Stock,4659068747.0,39.03,119371476.99205738,Basic Materials,Forest Products,,2026-09-24,nasdaq_screener,
FBIO,Fortress Biotech Inc. Common Stock,78041324.0,2.34,33350993.162393164,Health Care,Biotechnology: Pharmaceutical Preparations,,2026-09-24,nasdaq_screener,
FBIZ,First Business Financial Services Inc. Common Stock,580091942.0,69.32,8368319.99422966,Finance,Major Banks,,2026-09-24,nasdaq_screener,
FBK,FB Financial Corporation Common Stock,2630849184.0,52.64,49978137.993920974,Finance,Major Banks,2016,2026-09-24,nasdaq_screener,
FBLA,FB Bancorp Inc. Common Stock,257084629.0,16.12,15948177.977667492,Finance,Banks,2024,2026-09-24,nasdaq_screener,
FBLG,FibroBiologics Inc. Common Stock,8855397.0,1.33,6658193.233082706,Health Care,Biotechnology: Pharmaceutical Preparations,,2026-09-24,nasdaq_screener,
FBNC,First Bancorp Common Stock,2574304031.0,62.22,41374221.00610736,Finance,Major Banks,1987,2026-09-24,nasdaq_screener,
FBP,First BanCorp. New Common Stock,4074716073.0,26.69,152668268.00299737,Finance,Major Banks,,2026-09-24,nasdaq_screener,
FBRT,Franklin BSP Realty Trust Inc. Common Stock,619518803.0,7.46,83045415.95174263,Real Estate,Real Estate Investment Trusts,2021,2026-09-24,nasdaq_screener,
FBYD,Falcon's Beyond Global Inc. Class A Common Stock,810011777.0,6.68,121259248.05389223,Consumer Discretionary,Services-Misc. Amusement & Recreation,,2026-09-24,nasdaq_screener,
FC,Franklin Covey Company Common Stock,194254616.0,17.2,11293873.023255814,Consumer Discretionary,Other Consumer Services,,2026-09-24,nasdaq_screener,
FCAP,First Capital Inc. Common Stock,206831610.0,61.84,3344625.0,Finance,Savings Institutions,,2026-09-24,nasdaq_screener,
FCBC,First Community Bankshares Inc. (VA) Common Stock,884246984.0,46.76,18910328.99914457,Finance,Major Banks,,2026-09-24,nasdaq_screener,
FCBM,First Carolina Financial Services Inc. Common Stock,395506486.0,12.73,31068852.00314218,Finance,Major Banks,2026,2026-09-24,nasdaq_screener,
FCCO,First Community Corporation Common Stock,303141325.0,32.25,9399731.007751938,Finance,Major Banks,,2026-09-24,nasdaq_screener,
FCEL,FuelCell Energy Inc. Common Stock,1373613087.0,17.18,79954195.98370197,Energy,Industrial Machinery/Components,,2026-09-24,nasdaq_screener,
FCF,First Commonwealth Financial Corporation Common Stock,2083773174.0,20.62,101055925.0242483,Finance,Major Banks,,2026-09-24,nasdaq_screener,
FCFS,FirstCash Holdings Inc. Common Stock,9388693546.0,216.47,43371800.0,Consumer Discretionary,Other Specialty Stores,1991,2026-09-24,nasdaq_screener,
FCHL,Fitness Champs Holdings Limited Common Stock,1345117.0,1.02,1318742.156862745,Consumer Discretionary,Services-Misc. Amusement & Recreation,2025,2026-09-24,nasdaq_screener,
FCN,FTI Consulting Inc. Common Stock,3685869147.0,133.49,27611575.001872797,Consumer Discretionary,Professional Services,1999,2026-09-24,nasdaq_screener,
FCNCA,First Citizens BancShares Inc. Class A Common Stock,23030285478.0,2039.32,11293119.999803856,Finance,Major Banks,,2026-09-24,nasdaq_screener,
FCPT,Four Corners Property Trust Inc. Common Stock,2440982469.0,22.24,109756405.98021583,Real Estate,Real Estate Investment Trusts,2015,2026-09-24,nasdaq_screener,
FCRS,FutureCrest Acquisition Corp. Class A Ordinary Shares,0.0,10.24,,Finance,Blank Checks,2025,2026-09-24,nasdaq_screener,
FCUV,Focus Universal Inc. Common Stock,4733298.0,4.82,982012.0331950206,Industrials,Industrial Machinery/Components,,2026-09-24,nasdaq_screener,
FCX,Freeport-McMoRan Inc. Common Stock,104226151819.0,72.58,1436017522.9953156,Basic Materials,Metal Mining,,2026-09-24,nasdaq_screener,
FDBC,Fidelity D & D Bancorp Inc. Common Stock,313485177.0,53.97,5808508.004446915,Finance,Major Banks,,2026-09-24,nasdaq_screener,
FDMM,Freedom Metals Acquisition Corp. Class A Ordinary Shares,0.0,9.8401,,Finance,Blank Checks,2026,2026-09-24,nasdaq_screener,
FDMT,4D Molecular Therapeutics Inc. Common Stock,828663165.0,15.0,55244211.0,Health Care,Biotechnology: Biological Products (No Diagnostic Substances),2020,2026-09-24,nasdaq_screener,
FDS,FactSet Research Systems Inc. Common Stock,9938079680.0,279.43,35565542.99824643,Technology,Computer Software: Programming Data Processing,2000,2026-09-24,nasdaq_screener,
FDSB,Fifth District Bancorp Inc. Common Stock,95027193.0,18.15,5235658.016528926,Finance,Savings Institutions,2024,2026-09-24,nasdaq_screener,
FDX,FedEx Corporation Common Stock,68989431803.0,291.5,236670435.00171527,Consumer Discretionary,Air Freight/Delivery Services,,2026-09-24,nasdaq_screener,
FDXF,FedEx Freight Holding Company Inc. Common Stock,17825551816.0,119.22,149518132.99781916,Consumer Discretionary,Air Freight/Delivery Services,2026,2026-09-24,nasdaq_screener,
FE,FirstEnergy Corp. Common Stock,25257633032.0,43.65,578639932.0045819,Utilities,Electric Utilities: Central,,2026-09-24,nasdaq_screener,
FEAM,5E Advanced Materials Inc. Common Stock,109949059.0,2.64,41647370.83333333,Industrials,Mining & Quarrying of Nonmetallic Minerals (No Fuels),,2026-09-24,nasdaq_screener,
FEBO,Fenbo Holdings Limited Class A Ordinary Shares,7205006.0,0.6513,11062499.61615231,Consumer Discretionary,Home Furnishings,2023,2026-09-24,nasdaq_screener,
FEIM,Frequency Electronics Inc. Common Stock,949436231.0,84.22,11273286.998337688,Industrials,Electrical Products,,2026-09-24,nasdaq_screener,
FELE,Franklin Electric Co. Inc. Common Stock,4257563983.0,96.3,44211463.99792316,Consumer Discretionary,Metal Fabrications,,2026-09-24,nasdaq_screener,
FEMY,Femasys Inc. Common Stock,21607570.0,2.58,8375027.131782945,Health Care,Medical/Dental Instruments,2021,2026-09-24,nasdaq_screener,
FENC,Fennec Pharmaceuticals Inc. Common Stock,368207340.0,10.51,35034000.0,Health Care,Biotechnology: Biological Products (No Diagnostic Substances),,2026-09-24,nasdaq_screener,
FER,Ferrovial N.V. Ordinary Shares,39771624531.0,55.28,719457752.0079595,Industrials,Military/Government/Technical,,2026-09-24,nasdaq_screener,
FERA,Fifth Era Acquisition Corp I Class A Ordinary Shares,0.0,10.52,,,,2025,2026-09-24,nasdaq_screener,
FERG,Ferguson Enterprises Inc. Common Stock,42785937419.0,221.17,193452717.00049737,Miscellaneous,Miscellaneous,2021,2026-09-24,nasdaq_screener,
FET,Forum Energy Technologies Inc. Common Stock,948562753.0,82.68,11472698.996129656,Consumer Discretionary,Oil and Gas Field Machinery,2012,2026-09-24,nasdaq_screener,
FF,FutureFuel Corp.  Common shares,227650620.0,5.19,43863317.91907514,Industrials,Major Chemicals,,2026-09-24,nasdaq_screener,
FFAI,Faraday Future Intelligent Electric Inc. Class A Common Stock,8516529.0,1.39,6126999.28057554,Industrials,Auto Manufacturing,2020,2026-09-24,nasdaq_screener,
FFBC,First Financial Bancorp. Common Stock,3277130307.0,31.22,104968940.00640616,Finance,Major Banks,,2026-09-24,nasdaq_screener,
FFIN,First Financial Bankshares Inc. Common Stock,4575014023.0,31.92,143327506.98621553,Finance,Major Banks,,2026-09-24,nasdaq_screener,
FFIV,F5 Inc. Common Stock,25821428720.0,455.99,56627181.99960525,Telecommunications,Computer Communications Equipment,1999,2026-09-24,nasdaq_screener,
FG,F&G Annuities & Life Inc. Common Stock,2839984683.0,21.69,130935208.9903181,Finance,Life Insurance,2022,2026-09-24,nasdaq_screener,
FGBI,First Guaranty Bancshares Inc. Common Stock,126027896.0,7.62,16539093.963254593,Finance,Savings Institutions,,2026-09-24,nasdaq_screener,
FGI,FGI Industries Ltd. Ordinary Shares,16241989.0,8.41,1931270.986920333,Industrials,Industrial Specialties,2022,2026-09-24,nasdaq_screener,
FGII,FG Imperii Acquisition Corp. Class A Ordinary Shares,0.0,10.03,,Finance,Blank Checks,2026,2026-09-24,nasdaq_screener,
FGL,Founder Group Limited Class A Ordinary Shares,3679979.0,4.43,830695.0338600453,Consumer Discretionary,Engineering & Construction,2024,2026-09-24,nasdaq_screener,
FGNX,FG Nexus Inc. Common Stock ,41810120.0,8.205,5095687.995124924,Finance,Property-Casualty Insurers,2014,2026-09-24,nasdaq_screener,
FHB,First Hawaiian Inc. Common Stock,3015263903.0,24.78,121681352.01775625,Finance,Major Banks,2016,2026-09-24,nasdaq_screener,
FHI,Federated Hermes Inc. Common Stock,4297445774.0,57.56,74660280.99374565,Finance,Investment Managers,,2026-09-24,nasdaq_screener,
FHN,First Horizon Corporation Common Stock,10906350177.0,23.02,473777157.9930495,Finance,Major Banks,,2026-09-24,nasdaq_screener,
FHTX,Foghorn Therapeutics Inc. Common Stock,229821169.0,3.87,59385314.987080105,Health Care,Biotechnology: Pharmaceutical Preparations,2020,2026-09-24,nasdaq_screener,
FIBK,First Interstate BancSystem Inc. Common Stock (DE),3432871944.0,36.02,95304606.99611326,Finance,Major Banks,2010,2026-09-24,nasdaq_screener,
FICO,Fair Isaac Corporation Common Stock,18997711699.0,879.62,21597635.000341058,Consumer Discretionary,Business Services,,2026-09-24,nasdaq_screener,
FIEE,FiEE Inc Common Stock,33090960.0,3.88,8528597.93814433,Utilities,Telecommunications Equipment,,2026-09-24,nasdaq_screener,
FIG,Figma Inc. Class A Common Stock,11598294706.0,21.76,533009867.0036764,Technology,Computer Software: Prepackaged Software,2025,2026-09-24,nasdaq_screener,
FIGR,Figure Technology Solutions Inc. Class A Common Stock,7776937044.0,34.66,224377872.01384884,Finance,Finance: Consumer Services,2025,2026-09-24,nasdaq_screener,
FIGS,FIGS Inc. Class A Common Stock,1988698697.0,11.97,166140242.02172095,Consumer Discretionary,Apparel,2021,2026-09-24,nasdaq_screener,
FIGX,FIGX Capital Acquisition Corp. Class A Ordinary Share,0.0,10.33,,Finance,Blank Checks,2025,2026-09-24,nasdaq_screener,
FINS,Angel Oak Financial Strategies Income Term Trust Common Shares of Beneficial Interest,300501030.0,11.99,25062638.03169308,Finance,Finance/Investors Services,2019,2026-09-24,nasdaq_screener,
FINW,FinWise Bancorp Common Stock,158123725.0,11.39,13882679.982440736,Finance,Major Banks,2021,2026-09-24,nasdaq_screener,
FIP,FTAI Infrastructure Inc. Common Stock ,365181567.0,3.09,118181736.89320388,Industrials,Railroads,,2026-09-24,nasdaq_screener,
FIRY,Firy Inc. Class A Common Stock,217751567.0,13.1,16622257.022900764,Technology,EDP Services,2020,2026-09-24,nasdaq_screener,
FIS,Fidelity National Information Services Inc. Common Stock,17879524142.0,34.67,515705916.98875105,Consumer Discretionary,Business Services,,2026-09-24,nasdaq_screener,
FISI,Financial Institutions Inc. Common Stock,781554238.0,39.66,19706360.01008573,Finance,Major Banks,1999,2026-09-24,nasdaq_screener,
FISN,Deep Fission Inc. Common Stock,459466316.0,7.8,58905937.94871795,Utilities,Electric Utilities: Central,2026,2026-09-24,nasdaq_screener,
FISV,Fiserv Inc. Common Stock,24434680830.0,45.95,531766721.0010881,Consumer Discretionary,Business Services,1986,2026-09-24,nasdaq_screener,
FITB,Fifth Third Bancorp Common Stock,46877276633.0,51.69,906892563.9969046,Finance,Major Banks,,2026-09-24,nasdaq_screener,
FIVE,Five Below Inc. Common Stock,12519838099.0,227.41,55054034.99846093,Consumer Discretionary,Department/Specialty Retail Stores,2012,2026-09-24,nasdaq_screener,
FIVN,Five9 Inc. Common Stock,2815582648.0,37.68,74723530.99787685,Technology,EDP Services,2014,2026-09-24,nasdaq_screener,
FIX,Comfort Systems USA Inc. Common Stock,57222459521.0,1625.9,35194328.999938495,Industrials,Engineering & Construction,1997,2026-09-24,nasdaq_screener,
FIZZ,National Beverage Corp. Common Stock,2869309006.0,30.65,93615301.99021208,Consumer Staples,Beverages (Production/Distribution),,2026-09-24,nasdaq_screener,
FJET,Starfighters Space Inc. Common Stock,102842556.0,1.87,54996019.251336895,Consumer Discretionary,Air Freight/Delivery Services,2025,2026-09-24,nasdaq_screener,
FKWL,Franklin Wireless Corp. Common Stock,27928744.0,2.37,11784280.16877637,Utilities,Telecommunications Equipment,,2026-09-24,nasdaq_screener,
FLD,Fold Holdings Inc. Class A Common Stock,30682424.0,0.5592,54868426.323319025,Finance,Finance: Consumer Services,2025,2026-09-24,nasdaq_screener,
FLEX,Flex Ltd. Ordinary Shares,41483954429.0,112.3,369402977.99643815,Technology,Electrical Products,1994,2026-09-24,nasdaq_screener,
FLG,Flagstar Bank N.A. Common Stock,5105641883.0,12.3,415092836.01626015,Finance,Banks,,2026-09-24,nasdaq_screener,
FLGT,Fulgent Genetics Inc. Common Stock,585250282.0,21.27,27515292.994828396,Health Care,Medical Specialities,2016,2026-09-24,nasdaq_screener,
FLL,Full House Resorts Inc. Common Stock,65227174.0,1.78,36644479.7752809,Consumer Discretionary,Hotels/Resorts,,2026-09-24,nasdaq_screener,
FLNA,Filana Therapeutics Inc. Common Stock,42032700.0,0.8701,48307895.64417883,Health Care,Biotechnology: Pharmaceutical Preparations,,2026-09-24,nasdaq_screener,
FLNC,Fluence Energy Inc. Class A Common Stock,1399240477.0,7.58,184596368.99736148,Miscellaneous,Industrial Machinery/Components,2021,2026-09-24,nasdaq_screener,
FLNG,FLEX LNG Ltd. Ordinary Shares,1674699961.0,30.96,54092376.00129199,Consumer Discretionary,Marine Transportation,2019,2026-09-24,nasdaq_screener,
FLNT,Fluent Inc. Common Stock,109044447.0,3.45,31607086.08695652,Consumer Discretionary,Advertising,,2026-09-24,nasdaq_screener,
FLO,Flowers Foods Inc. Common Stock,1232053599.0,5.81,212057418.07228917,Consumer Staples,Packaged Foods,,2026-09-24,nasdaq_screener,
FLOC,Flowco Holdings Inc. Class A Common Stock,1749238494.0,19.36,90353227.99586777,Consumer Discretionary,Oil and Gas Field Machinery,2025,2026-09-24,nasdaq_screener,
FLR,Fluor Corporation Common Stock,7096301015.0,53.06,133741066.99962306,Industrials,Military/Government/Technical,,2026-09-24,nasdaq_screener,
FLS,Flowserve Corporation Common Stock,9810564360.0,77.18,127112779.9948173,Industrials,Fluid Controls,,2026-09-24,nasdaq_screener,
FLUT,Flutter Entertainment plc Ordinary Shares,15046305881.0,85.89,175181113.9946443,Technology,Computer Software: Programming Data Processing,2024,2026-09-24,nasdaq_screener,
FLUX,Flux Power Holdings Inc. Common Stock,10838929.0,0.5013,21621641.731498107,Miscellaneous,Industrial Machinery/Components,,2026-09-24,nasdaq_screener,
FLWS,1-800-FLOWERS.COM Inc. Common Stock,181001971.0,2.82,64185096.09929078,Consumer Discretionary,Other Specialty Stores,1999,2026-09-24,nasdaq_screener,
FLXS,Flexsteel Industries Inc. Common Stock,348739085.0,85.23,4091740.9949548277,Consumer Discretionary,Home Furnishings,,2026-09-24,nasdaq_screener,
FLY,Firefly Aerospace Inc. Common Stock,3666161726.0,21.9,167404645.02283105,Industrials,Military/Government/Technical,2025,2026-09-24,nasdaq_screener,
FLYE,Fly-E Group Inc. Common Stock,2497551.0,1.53,1632386.2745098039,Industrials,Aerospace,2024,2026-09-24,nasdaq_screener,
FLYW,Flywire Corporation Voting Common Stock,2051316984.0,16.86,121667674.02135232,Consumer Discretionary,Business Services,2021,2026-09-24,nasdaq_screener,
FLYX,flyExclusive Inc. Class A Common Stock,123518915.0,1.21,102081747.93388431,Consumer Discretionary,Transportation Services,2023,2026-09-24,nasdaq_screener,
FMAC,Future Money Acquisition Corporation Ordinary Shares,0.0,10.0899,,Finance,Blank Checks,2026,2026-09-24,nasdaq_screener,
FMAO,Farmers & Merchants Bancorp Inc. Common Stock,476275942.0,34.58,13773162.001156738,Finance,Savings Institutions,,2026-09-24,nasdaq_screener,
FMBH,First Mid Bancshares Inc. Common Stock,1295779134.0,48.71,26601912.00985424,Finance,Major Banks,,2026-09-24,nasdaq_screener,
FMC,FMC Corporation Common Stock,1239745706.0,9.9,125226838.98989898,Industrials,Major Chemicals,,2026-09-24,nasdaq_screener,
FMFC,Kandal M Venture Limited Class A Ordinary Shares,4323900.0,0.203,21300000.0,Consumer Discretionary,Apparel,2025,2026-09-24,nasdaq_screener,
FMNB,Farmers National Banc Corp. Common Stock,899378143.0,15.18,59247572.00263505,Finance,Major Banks,,2026-09-24,nasdaq_screener,
FMST,Foremost Clean Energy Ltd. Common Shares,22816193.0,0.7584,30084642.668776374,Basic Materials,Other Metals and Minerals,,2026-09-24,nasdaq_screener,
FMX,Fomento Economico Mexicano S.A.B. de C.V. Common Stock,40786385349.0,119.72,340681468.00033414,Consumer Staples,Beverages (Production/Distribution),,2026-09-24,nasdaq_screener,
FN,Fabrinet Ordinary Shares,14364405234.0,400.85,35834863.99900212,Utilities,Telecommunications Equipment,2010,2026-09-24,nasdaq_screener,
FNB,F.N.B. Corporation Common Stock,6106916816.0,17.3,353000972.02312136,Finance,Major Banks,,2026-09-24,nasdaq_screener,
FND,Floor & Decor Holdings Inc. Common Stock,5046559441.0,47.39,106489964.99261448,Consumer Discretionary,RETAIL: Building Materials,2017,2026-09-24,nasdaq_screener,
FNF,Fidelity National Financial Inc. Common Stock,11223869810.0,41.85,268192827.00119475,Finance,Specialty Insurers,2014,2026-09-24,nasdaq_screener,
FNGR,FingerMotion Inc. Common Stock,10453444.0,0.139,75204633.09352517,Technology,Computer Software: Prepackaged Software,,2026-09-24,nasdaq_screener,
FNKO,Funko Inc. Class A Common Stock,297897475.0,5.32,55995765.977443606,Consumer Discretionary,Recreational Games/Products/Toys,2017,2026-09-24,nasdaq_screener,
FNLC,First Bancorp Inc  (ME) Common Stock,383373913.0,33.98,11282339.994114187,Finance,Major Banks,,2026-09-24,nasdaq_screener,
FNRN,First Northern Community Bancorp Common stock,280031775.0,17.08,16395302.985948479,Finance,Savings Institutions,,2026-09-24,nasdaq_screener,
FNUC,Frontier Nuclear and Minerals Inc. Common Shares,54207559.0,1.51,35899045.69536424,Basic Materials,Other Metals and Minerals,2021,2026-09-24,nasdaq_screener,
FNV,Franco-Nevada Corporation,50322705767.0,260.91,192873809.9996167,Basic Materials,Precious Metals,,2026-09-24,nasdaq_screener,
FNWB,First Northwest Bancorp Common Stock,95591731.0,10.05,9511615.02487562,Finance,Banks,2015,2026-09-24,nasdaq_screener,
FNWD,Finward Bancorp Common Stock,180512863.0,41.66,4333001.992318772,Finance,Savings Institutions,,2026-09-24,nasdaq_screener,
FOA,Finance of America Companies Inc. Class A Common Stock,250603767.0,14.48,17306889.986187845,Finance,Finance: Consumer Services,2021,2026-09-24,nasdaq_screener,
FOFO,Hang Feng Technology Innovation Co. Ltd. Ordinary Shares,13325097.0,1.76,7571077.840909091,Consumer Discretionary,Professional Services,2025,2026-09-24,nasdaq_screener,
FOR,Forestar Group Inc Common Stock ,1364211346.0,26.74,51017627.00074795,Finance,Real Estate,2017,2026-09-24,nasdaq_screener,
FORM,FormFactor Inc. FormFactor Inc. Common Stock,10254126364.0,131.26,78120725.00380924,Technology,Semiconductors,2003,2026-09-24,nasdaq_screener,
FORR,Forrester Research Inc. Common Stock,224279420.0,11.78,19039000.0,Industrials,Diversified Commercial Services,1996,2026-09-24,nasdaq_screener,
FOSL,Fossil Group Inc. Common Stock,364881781.0,6.17,59138052.02593193,Consumer Discretionary,Consumer Specialties,1993,2026-09-24,nasdaq_screener,
FOUR,Shift4 Payments Inc. Class A Common Stock,3036806215.0,38.46,78960119.9947998,Consumer Discretionary,Business Services,2020,2026-09-24,nasdaq_screener,
FOX,Fox Corporation Class B Common Stock,24018529509.0,56.96,421673621.9978933,Industrials,Broadcasting,,2026-09-24,nasdaq_screener,
FOXA,Fox Corporation Class A Common Stock,26970244863.0,63.96,421673621.9981238,Industrials,Broadcasting,,2026-09-24,nasdaq_screener,
FOXF,Fox Factory Holding Corp. Common Stock,784298479.0,18.66,42031001.01822079,Consumer Discretionary,Motor Vehicles,2013,2026-09-24,nasdaq_screener,
FOXX,Foxx Development Holdings Inc. Common Stock,17391744.0,2.47,7041191.9028340075,Telecommunications,Computer Communications Equipment,,2026-09-24,nasdaq_screener,
FPH,Five Point Holdings LLC Class A Common Shares,697992014.0,4.72,147879663.98305085,Finance,Real Estate,2017,2026-09-24,nasdaq_screener,
FPI,Farmland Partners Inc. Common Stock,470775490.0,10.79,43630721.96478221,Real Estate,Real Estate Investment Trusts,2014,2026-09-24,nasdaq_screener,
FPS,Forgent Power Solutions Inc. Class A Common Stock,12140624093.0,39.88,304428888.9919759,Energy,Industrial Machinery/Components,2026,2026-09-24,nasdaq_screener,
FR,First Industrial Realty Trust Inc. Common Stock,8096229812.0,61.07,132572945.99639757,Real Estate,Real Estate Investment Trusts,1994,2026-09-24,nasdaq_screener,
FRAF,Franklin Financial Services Corporation Common Stock,275464410.0,61.22,4499581.999346619,Finance,Major Banks,,2026-09-24,nasdaq_screener,
FRBA,First Bank Common Stock,440103397.0,17.51,25134403.0268418,Finance,Major Banks,2013,2026-09-24,nasdaq_screener,
FRBT,Forbright Inc. Class A Common Stock,907159471.0,17.87,50764380.02238388,Finance,Major Banks,2026,2026-09-24,nasdaq_screener,
FRD,Friedman Industries Inc. Common Stock,284256093.0,39.41,7212790.992133977,Industrials,Steel/Iron Ore,,2026-09-24,nasdaq_screener,
FRGT,Freight Technologies Inc. Ordinary Shares,280341.0,0.49,572124.4897959183,Industrials,Integrated Freight & Logistics,2017,2026-09-24,nasdaq_screener,
FRHC,Freedom Holding Corp. Common Stock,11018043548.0,172.73,63787665.99895792,Finance,Investment Bankers/Brokers/Service,,2026-09-24,nasdaq_screener,
FRME,First Merchants Corporation Common Stock,2513940963.0,40.03,62801423.00774419,Finance,Major Banks,,2026-09-24,nasdaq_screener,
FRMI,Fermi Inc. Common Stock,3087052617.0,4.82,640467347.9253112,Real Estate,Real Estate Investment Trusts,2025,2026-09-24,nasdaq_screener,
FRMM,Forum Markets Incorporated Common Stock,67842593.0,5.14,13198948.05447471,Finance,Finance: Consumer Services,2017,2026-09-24,nasdaq_screener,
FRNM,Freenome Inc. Common stock,1686914980.0,15.7,107446814.01273885,Health Care,Medical Specialities,,2026-09-24,nasdaq_screener,
FRO,Frontline Plc Ordinary Shares,10587944601.0,47.56,222622889.00336418,Consumer Discretionary,Marine Transportation,,2026-09-24,nasdaq_screener,
FROG,JFrog Ltd. Ordinary Shares,11384410045.0,92.33,123301311.00400737,Technology,Computer Software: Prepackaged Software,2020,2026-09-24,nasdaq_screener,
FRPH,FRP Holdings Inc. Common Stock,404700185.0,21.08,19198300.996204935,Finance,Real Estate,,2026-09-24,nasdaq_screener,
FRPT,Freshpet Inc. Common Stock,2845518562.0,59.21,48058074.00776896,Consumer Staples,Packaged Foods,2014,2026-09-24,nasdaq_screener,
FRSH,Freshworks Inc. Class A Common Stock,3358050336.0,12.87,260920772.02797204,Technology,Computer Software: Prepackaged Software,2021,2026-09-24,nasdaq_screener,
FRST,Primis Financial Corp. Common Stock,384137625.0,15.49,24799071.981923822,Finance,Major Banks,2006,2026-09-24,nasdaq_screener,
FRT,Federal Realty Investment Trust Common Stock,9504802259.0,109.39,86889133.00118841,Real Estate,Real Estate Investment Trusts,,2026-09-24,nasdaq_screener,
FRTT,Fort Technology Inc. Common Shares,13700784.0,0.9108,15042582.34519104,Industrials,Agricultural Chemicals,,2026-09-24,nasdaq_screener,
FRVO,Fervo Energy Company Class A common stock,4819378304.0,16.35,294763199.0214067,Utilities,Electric Utilities: Central,2026,2026-09-24,nasdaq_screener,
FSBC,Five Star Bancorp Common Stock,1064889048.0,43.4,24536614.00921659,Finance,Major Banks,2021,2026-09-24,nasdaq_screener,
FSBW,FS Bancorp Inc. Common Stock,341688952.0,43.46,7862147.998159227,Finance,Banks,2012,2026-09-24,nasdaq_screener,
FSCO,FS Credit Opportunities Corp. Common Stock,1045335593.0,5.27,198355900.00000003,Finance,Trusts Except Educational Religious and Charitable,2022,2026-09-24,nasdaq_screener,
FSEA,First Seacoast Bancorp Inc. Common Stock,80822022.0,17.18,4704425.029103609,Finance,Savings Institutions,2019,2026-09-24,nasdaq_screener,
FSHP,Flag Ship Acquisition Corp. Ordinary Shares,0.0,11.28,,,,2024,2026-09-24,nasdaq_screener,
FSI,Flexible Solutions International Inc. Common Stock (CDA),74335938.0,5.82,12772497.93814433,Industrials,Major Chemicals,2002,2026-09-24,nasdaq_screener,
FSK,FS KKR Capital Corp. Common Stock,3086720928.0,11.17,276340280.03581023,Finance,Investment Managers,2014,2026-09-24,nasdaq_screener,
FSLR,First Solar Inc. Common Stock,20630975202.0,191.97,107469787.9981247,Technology,Semiconductors,2006,2026-09-24,nasdaq_screener,
FSLY,Fastly Inc. Class A Common Stock,4723245000.0,29.65,159300000.0,Technology,Computer Software: Prepackaged Software,,2026-09-24,nasdaq_screener,
FSM,Fortuna Mining Corp. Common Shares,3551139132.0,11.66,304557386.9639794,Basic Materials,Precious Metals,,2026-09-24,nasdaq_screener,
FSP,Franklin Street Properties Corp. Common Stock,35363981.0,0.34,104011708.8235294,Real Estate,Real Estate Investment Trusts,,2026-09-24,nasdaq_screener,
FSS,Federal Signal Corporation Common Stock,6912962446.0,113.25,61041611.0022075,Industrials,Auto Manufacturing,,2026-09-24,nasdaq_screener,
FSTR,L.B. Foster Company Common Stock,392071567.0,37.27,10519762.999731686,Industrials,Metal Fabrications,,2026-09-24,nasdaq_screener,
FSUN,FirstSun Capital Bancorp Common Stock,1787427044.0,38.37,46583972.999739386,Finance,Major Banks,,2026-09-24,nasdaq_screener,
FSV,FirstService Corporation Common Shares,5658292099.0,129.57,43669770.00077178,Finance,Real Estate,,2026-09-24,nasdaq_screener,
FT,Franklin Universal Trust Common Stock,179944361.0,7.16,25131893.994413406,Finance,Trusts Except Educational Religious and Charitable,,2026-09-24,nasdaq_screener,
FTAI,FTAI Aviation Ltd. Common Stock,19104545997.0,186.01,102707091.00048386,Industrials,Misc Corporate Leasing Services,,2026-09-24,nasdaq_screener,
FTCI,FTC Solar Inc. Common Stock,41964346.0,2.54,16521396.062992126,Technology,Semiconductors,2021,2026-09-24,nasdaq_screener,
FTDR,Frontdoor Inc. Common Stock,5094660718.0,73.95,68893315.99729547,Consumer Discretionary,Diversified Commercial Services,,2026-09-24,nasdaq_screener,
FTEK,Fuel Tech Inc. Common Stock,51507702.0,1.65,31216789.090909094,Industrials,Pollution Control Equipment,,2026-09-24,nasdaq_screener,
FTF,Franklin Limited Duration Income Trust Common Shares of Beneficial Interest,218593073.0,5.41,40405373.93715342,Finance,Finance/Investors Services,2003,2026-09-24,nasdaq_screener,
FTFT,Future FinTech Group Inc. Common Stock,41625000.0,4.44,9375000.0,Consumer Discretionary,Business Services,,2026-09-24,nasdaq_screener,
FTH,Faeth Therapeutics Inc. Common Stock,815265409.0,31.55,25840425.00792393,Health Care,Biotechnology: Pharmaceutical Preparations,2021,2026-09-24,nasdaq_screener,
FTHA,Forefront Tech Holdings Acquisition Corp Class A Ordinary Shares,0.0,9.971,,Finance,Blank Checks,2026,2026-09-24,nasdaq_screener,
FTHM,Fathom Holdings Inc. Common Stock,18058001.0,0.5279,34207238.11327903,Finance,Real Estate,2020,2026-09-24,nasdaq_screener,
FTI,TechnipFMC plc Ordinary Share,27937791001.0,71.24,392164387.9983156,Consumer Discretionary,Oil and Gas Field Machinery,,2026-09-24,nasdaq_screener,
FTK,Flotek Industries Inc. Common Stock,1102187654.0,30.43,36220428.984554715,Industrials,Major Chemicals,,2026-09-24,nasdaq_screener,
FTLF,FitLife Brands Inc. Common Stock,88182166.0,9.39,9391071.991480298,Health Care, Medicinal Chemicals and Botanical Products ,,2026-09-24,nasdaq_screener,
FTNT,Fortinet Inc. Common Stock,131143978337.0,178.74,733713652.9987692,Technology,Computer peripheral equipment,2009,2026-09-24,nasdaq_screener,
FTRA,FutureCorp Space Acquisition 1 Class A Ordinary Shares,0.0,9.87,,,,2026,2026-09-24,nasdaq_screener,
FTRE,Fortrea Holdings Inc. Common Stock,1856352000.0,19.52,95100000.0,Health Care,Medical Specialities,,2026-09-24,nasdaq_screener,
FTS,Fortis Inc. Common Shares,27230970000.0,53.3,510900000.0,Utilities,Electric Utilities: Central,2016,2026-09-24,nasdaq_screener,
FTV,Fortive Corporation Common Stock ,16991479346.0,56.26,302017052.0085318,Industrials,Industrial Machinery/Components,2016,2026-09-24,nasdaq_screener,
FTW,Presidio Production Company Class A Common Stock,317643764.0,10.14,31325814.990138065,Energy,Oil & Gas Production,,2026-09-24,nasdaq_screener,
FUBO,FuboTV Inc. Class A Common Stock,1051565136.0,9.63,109196795.01557632,Consumer Discretionary,Movies/Entertainment,2020,2026-09-24,nasdaq_screener,
FUFU,BitFuFu Inc. Class A Ordinary Shares,229981965.0,1.38,166653597.82608697,Finance,Finance: Consumer Services,,2026-09-24,nasdaq_screener,
FUL,H. B. Fuller Company Common Stock,2700665906.0,50.21,53787410.99382593,Industrials,Home Furnishings,,2026-09-24,nasdaq_screener,
FULC,Fulcrum Therapeutics Inc. Common Stock,290692549.0,3.81,76297256.95538057,Health Care,Biotechnology: Pharmaceutical Preparations,2019,2026-09-24,nasdaq_screener,
FULT,Fulton Financial Corporation Common Stock,4343306308.0,22.75,190914562.989011,Finance,Major Banks,,2026-09-24,nasdaq_screener,
FUN,Six Flags Entertainment Corporation Common Stock New,1271791758.0,12.43,102316311.98712792,Consumer Discretionary,Services-Misc. Amusement & Recreation,,2026-09-24,nasdaq_screener,
FURY,Fury Gold Mines Limited Common Shares,106664161.0,0.561,190132194.29590017,Basic Materials,Precious Metals,2020,2026-09-24,nasdaq_screener,
FUSB,First US Bancshares Inc. Common Stock,90607510.0,16.46,5504708.991494532,Finance,Major Banks,,2026-09-24,nasdaq_screener,
FUSE,Fusemachines Inc. Common stock,16883938.0,0.5825,28985301.287553646,Technology,EDP Services,,2026-09-24,nasdaq_screener,
FVAV,Fortress Value Acquisition Corp. V Class A Ordinary Shares,0.0,10.28,,,,2026,2026-09-24,nasdaq_screener,
FVCB,FVCBankcorp Inc. Common Stock,318844744.0,17.68,18034204.977375567,Finance,Major Banks,,2026-09-24,nasdaq_screener,
FVN,Future Vision II Acquisition Corporation Ordinary shares,0.0,9.31,,,,2024,2026-09-24,nasdaq_screener,
FVR,FrontView REIT Inc. Common Stock,440696273.0,18.02,24455952.996670365,Real Estate,Real Estate Investment Trusts,2024,2026-09-24,nasdaq_screener,
FVRR,Fiverr International Ltd. Ordinary Shares no par value,306300203.0,8.52,35950728.05164319,Consumer Discretionary,Business Services,2019,2026-09-24,nasdaq_screener,
FWAC,Futurewave Acquisition Corporation Ordinary Shares,0.0,9.94,,,,2026,2026-09-24,nasdaq_screener,
FWDI,Forward Industries Inc. Common Stock,595205877.0,8.06,73846883.00248139,Finance,Finance: Consumer Services,,2026-09-24,nasdaq_screener,
FWONA,Liberty Media Corporation Series A Common Stock,21460646316.0,85.6,250708485.00000003,Industrials,Broadcasting,,2026-09-24,nasdaq_screener,
FWONK,Liberty Media Corporation Series C Common Stock,23378566226.0,93.25,250708484.99731904,Industrials,Broadcasting,,2026-09-24,nasdaq_screener,
FWRD,Forward Air Corporation Common Stock,508739782.0,15.06,33780862.0185923,Industrials,Integrated Freight & Logistics,,2026-09-24,nasdaq_screener,
FWRG,First Watch Restaurant Group Inc. Common Stock,629466837.0,10.2,61712435.00000001,Consumer Discretionary,Restaurants,2021,2026-09-24,nasdaq_screener,
FXAC,FortuneX Acquisition Corporation Ordinary shares,0.0,10.06,,Finance,Blank Checks,2026,2026-09-24,nasdaq_screener,
FXHO,UTime Limited Class A Ordinary Shares,298948588.0,10.96,27276331.021897808,Technology,Consumer Electronics/Appliances,2021,2026-09-24,nasdaq_screener,
FXNC,First National Corporation Common Stock,265853293.0,29.4,9042629.013605442,Finance,Major Banks,,2026-09-24,nasdaq_screener,
G,Genpact Limited Common Stock,5687964677.0,33.85,168034407.0014771,Consumer Discretionary,Professional Services,2007,2026-09-24,nasdaq_screener,
GAB,Gabelli Equity Trust Inc. (The) Common Stock,1563107573.0,5.32,293817212.9699248,Finance,Investment Managers,1986,2026-09-24,nasdaq_screener,
GABC,German American Bancorp Inc. Common Stock,1827081645.0,48.62,37578808.00082271,Finance,Major Banks,,2026-09-24,nasdaq_screener,
GAIA,Gaia Inc. Class A Common Stock,31527983.0,1.24,25425792.741935484,Consumer Discretionary,Movies/Entertainment,1999,2026-09-24,nasdaq_screener,
GAIN,Gladstone Investment Corporation Business Development Company,622815564.0,15.64,39821967.00767263,Finance,Finance: Consumer Services,2005,2026-09-24,nasdaq_screener,
GALT,Galectin Therapeutics Inc. Common Stock,408441058.0,4.05,100849643.95061728,Health Care,Biotechnology: Pharmaceutical Preparations,,2026-09-24,nasdaq_screener,
GAM,General American Investors Inc. Common Stock,1553619528.0,64.8,23975610.0,Finance,Investment Managers,,2026-09-24,nasdaq_screener,
GAME,GameSquare Holdings Inc. Common Stock,39118988.0,3.06,12783983.006535947,Consumer Discretionary,Services-Misc. Amusement & Recreation,,2026-09-24,nasdaq_screener,
GANX,Gain Therapeutics Inc. Common Stock,80304259.0,1.84,43643619.021739125,Health Care,Biotechnology: Pharmaceutical Preparations,2021,2026-09-24,nasdaq_screener,
GAP,Gap Inc. (The) Common Stock,7475028515.0,21.28,351270136.9830827,Consumer Discretionary,Clothing/Shoe/Accessory Stores,,2026-09-24,nasdaq_screener,
GASS,StealthGas Inc. Common Stock,334671174.0,9.0,37185686.0,Consumer Discretionary,Marine Transportation,2005,2026-09-24,nasdaq_screener,
GATX,GATX Corporation Common Stock,6555210000.0,185.7,35300000.0,Consumer Discretionary,Transportation Services,,2026-09-24,nasdaq_screener,
GAU,Galiano Gold Inc.,538879034.0,2.06,261591764.0776699,Industrials,Mining & Quarrying of Nonmetallic Minerals (No Fuels),,2026-09-24,nasdaq_screener,
GAUZ,Gauzy Ltd. Ordinary Shares,7666378.0,6.67,1149382.0089955023,Miscellaneous,Industrial Machinery/Components,2024,2026-09-24,nasdaq_screener,
GBCI,Glacier Bancorp Inc. Common Stock,5746253486.0,44.13,130211953.00249262,Finance,Major Banks,,2026-09-24,nasdaq_screener,
GBFH,GBank Financial Holdings Inc. Common Stock,271167417.0,18.68,14516457.012847966,Finance,Major Banks,,2026-09-24,nasdaq_screener,
GBLI,Global Indemnity Group LLC Class A Common Stock ,360891135.0,24.65,14640613.995943205,Finance,Property-Casualty Insurers,,2026-09-24,nasdaq_screener,
GBR,New Concept Energy Inc Common Stock,3544627.0,0.6907,5131934.269581584,Energy,Oil & Gas Production,1993,2026-09-24,nasdaq_screener,
GBTG,Global Business Travel Group Inc. Class A Common Stock,4941652771.0,9.46,522373443.02325577,Consumer Discretionary,Transportation Services,2020,2026-09-24,nasdaq_screener,
GBX,Greenbrier Companies Inc. (The) Common Stock,1331644085.0,43.04,30939685.989776954,Industrials,Railroads,1994,2026-09-24,nasdaq_screener,
GCBC,Greene County Bancorp Inc. Common Stock,588741271.0,34.58,17025484.991324466,Finance,Banks,,2026-09-24,nasdaq_screener,
GCDT,Green Circle Decarbonize Technology Limited Class A Ordinary Shares,6924666.0,0.511,13551205.479452055,Industrials,Industrial Machinery/Components,2026,2026-09-24,nasdaq_screener,
GCGR,General Catalyst Global Resilience Merger Corp. Class A Ordinary Shares,0.0,10.16,,,,2026,2026-09-24,nasdaq_screener,
GCL,GCL Global Holdings Ltd Ordinary Shares,85277749.0,0.6553,130135432.62627804,Technology,Computer Software: Prepackaged Software,,2026-09-24,nasdaq_screener,
GCMG,GCM Grosvenor Inc. Class A Common Stock,2622101853.0,12.93,202792100.0,Finance,Investment Managers,,2026-09-24,nasdaq_screener,
GCO,Genesco Inc. Common Stock,369616392.0,34.16,10820151.99063232,Consumer Discretionary,Clothing/Shoe/Accessory Stores,,2026-09-24,nasdaq_screener,
GCT,GigaCloud Technology Inc Class A Ordinary Shares,1874787443.0,52.5,35710237.00952381,Consumer Discretionary,Catalog/Specialty Distribution,2022,2026-09-24,nasdaq_screener,
GCTK,GlucoTrack Inc. Common Stock,1620732.0,2.03,798390.1477832514,Health Care,Medical/Dental Instruments,,2026-09-24,nasdaq_screener,
GCTS,GCT Semiconductor Holding Inc. Common Stock,198654608.0,2.16,91969725.92592593,Technology,Semiconductors,2021,2026-09-24,nasdaq_screener,
GD,General Dynamics Corporation Common Stock,92890401759.0,343.33,270557194.9989806,Industrials,Marine Transportation,,2026-09-24,nasdaq_screener,
GDC,GD Culture Group Limited Common Stock,6535125.0,1.57,4162500.0,Industrials,Steel/Iron Ore,2015,2026-09-24,nasdaq_screener,
GDDY,GoDaddy Inc. Class A Common Stock,12206305712.0,96.38,126647704.0049803,Technology,EDP Services,2015,2026-09-24,nasdaq_screener,
GDEV,GDEV Inc. Ordinary Shares,203103972.0,11.19,18150489.008042898,Technology,EDP Services,,2026-09-24,nasdaq_screener,
GDHG,Golden Heaven Group Holdings Ltd. Class A Ordinary Shares,75314535.0,1.15,65490900.00000001,Consumer Discretionary,Services-Misc. Amusement & Recreation,2023,2026-09-24,nasdaq_screener,
GDOT,Green Dot Corporation Class A Common Stock $0.001 par value,741947031.0,13.02,56985179.03225806,Finance,Finance: Consumer Services,2010,2026-09-24,nasdaq_screener,
GDRX,GoodRx Holdings Inc. Class A Common Stock,1132602688.0,3.32,341145387.95180726,Technology,EDP Services,2020,2026-09-24,nasdaq_screener,
GDTC,CytoMed Therapeutics Limited Ordinary Shares,10763876.0,0.91,11828435.164835164,Health Care,Biotechnology: Pharmaceutical Preparations,2023,2026-09-24,nasdaq_screener,
GDV,Gabelli Dividend & Income Trust Common Shares of Beneficial Interest,2601036080.0,28.84,90188490.98474342,Finance,Investment Managers,2003,2026-09-24,nasdaq_screener,
GDYN,Grid Dynamics Holdings Inc. Class A Common Stock,624676984.0,7.7,81126881.03896104,Technology,Computer Software: Prepackaged Software,2018,2026-09-24,nasdaq_screener,
GE,GE Aerospace Common Stock,331812491657.0,319.8,1037562512.9987491,Technology,Consumer Electronics/Appliances,,2026-09-24,nasdaq_screener,
GEF,Greif Inc. Class A Common Stock,3892451144.0,84.31,46168321.005811885,,,,2026-09-24,nasdaq_screener,
GEG,Great Elm Group Inc. Common Stock,67475911.0,2.17,31094889.861751154,Technology,Computer Software: Prepackaged Software,,2026-09-24,nasdaq_screener,
GEHC,GE HealthCare Technologies Inc. Common Stock ,29851944395.0,66.09,451686252.00484186,Health Care,Medical Electronics,,2026-09-24,nasdaq_screener,
GELS,Gelteq Limited Ordinary Shares,6436275.0,0.6009,10711058.412381427,Health Care,Biotechnology: Pharmaceutical Preparations,2024,2026-09-24,nasdaq_screener,
GEMI,Gemini Space Station Inc. Class A Common Stock,729941897.0,5.63,129652201.95381883,Finance,Finance: Consumer Services,2025,2026-09-24,nasdaq_screener,
GEN,Gen Digital Inc. Common Stock,15700937849.0,26.23,598587031.9862752,Technology,Computer Software: Prepackaged Software,,2026-09-24,nasdaq_screener,
GENB,Generate Biomedicines Inc. Common Stock,2120382243.0,16.52,128352436.01694916,Health Care,Biotechnology: Pharmaceutical Preparations,2026,2026-09-24,nasdaq_screener,
GENC,Gencor Industries Inc. Common Stock,254604284.0,17.37,14657702.014968336,Industrials,Construction/Ag Equipment/Trucks,,2026-09-24,nasdaq_screener,
GENI,Genius Sports Limited Ordinary Shares,1637876977.0,6.12,267626957.0261438,Consumer Discretionary,Services-Misc. Amusement & Recreation,2021,2026-09-24,nasdaq_screener,
GENK,GEN Restaurant Group Inc. Class A Common Stock,55875028.0,1.695,32964618.289085545,Consumer Discretionary,Restaurants,2023,2026-09-24,nasdaq_screener,
GEO,Geo Group Inc (The) REIT,4030191662.0,30.62,131619583.99738732,Consumer Discretionary,Homebuilding,,2026-09-24,nasdaq_screener,
GEOS,Geospace Technologies Corporation Common Stock (Texas),66488999.0,5.14,12935602.918287938,Industrials,Industrial Machinery/Components,,2026-09-24,nasdaq_screener,
GERN,Geron Corporation Common Stock,796667027.0,1.24,642473408.8709677,Health Care,Biotechnology: Pharmaceutical Preparations,1996,2026-09-24,nasdaq_screener,
GETY,Getty Images Holdings Inc. Class A Common Stock,91134044.0,0.2197,414811306.3268093,Consumer Discretionary,Business Services,2022,2026-09-24,nasdaq_screener,
GEV,GE Vernova Inc. Common Stock,253501629067.0,951.82,266333580.99955872,Technology,Consumer Electronics/Appliances,2024,2026-09-24,nasdaq_screener,
GEVO,Gevo Inc. Common Stock,358493801.0,1.45,247237104.13793105,Industrials,Major Chemicals,2011,2026-09-24,nasdaq_screener,
GFAI,Guardforce AI Co. Limited Ordinary Shares,10563858.0,0.3365,31393337.295690935,Consumer Discretionary,Diversified Commercial Services,,2026-09-24,nasdaq_screener,
GFF,Griffon Corporation Common Stock,4375016618.0,96.59,45294715.99544466,Industrials,Building Products,,2026-09-24,nasdaq_screener,
GFL,GFL Environmental Inc. Subordinate voting shares no par value,18816467042.0,41.9,449080358.9976134,Utilities,Environmental Services,2020,2026-09-24,nasdaq_screener,
GFR,Greenfire Resources Ltd. Common Shares,1461715247.0,6.08,240413691.94078946,Energy,Oil & Gas Production,,2026-09-24,nasdaq_screener,
GFS,GlobalFoundries Inc. Ordinary Shares,25875371551.0,46.42,557418602.994399,Technology,Semiconductors,2021,2026-09-24,nasdaq_screener,
GFUZ,General Fusion Group Ltd. Common Shares,551602898.0,8.68,63548720.96774194,Utilities,Electric Utilities: Central,2025,2026-09-24,nasdaq_screener,
GGB,Gerdau S.A. Common Stock,9652728079.0,4.88,1978018048.97541,Industrials,Steel/Iron Ore,,2026-09-24,nasdaq_screener,
GGG,Graco Inc. Common Stock,12692321187.0,78.37,161953824.00153118,Industrials,Fluid Controls,,2026-09-24,nasdaq_screener,
GGN,GAMCO Global Gold Natural Resources & Income Trust,0.0,5.46,,Finance,Finance/Investors Services,2005,2026-09-24,nasdaq_screener,
GGR,Gogoro Inc. Ordinary Shares,61228085.0,2.97,20615516.835016835,Industrials,Auto Manufacturing,,2026-09-24,nasdaq_screener,
GGT,Gabelli Multi-Media Trust Inc. (The) Common Stock,110693719.0,4.02,27535750.99502488,Finance,Trusts Except Educational Religious and Charitable,,2026-09-24,nasdaq_screener,
GGZ,Gabelli Global Small and Mid Cap Value Trust (The) Common Shares of Beneficial Interest,138402685.0,15.6,8871966.987179488,Finance,Investment Managers,2014,2026-09-24,nasdaq_screener,
GH,Guardant Health Inc. Common Stock,23660126733.0,176.31,134196170.00170155,Health Care,Medical Specialities,2018,2026-09-24,nasdaq_screener,
GHC,Graham Holdings Company Common Stock,4858605847.0,1147.27,4234928.00038352,Real Estate,Other Consumer Services,,2026-09-24,nasdaq_screener,
GHG,GreenTree Hospitality Group Ltd. American depositary shares each representing one Class A ordinary share,100897325.0,1.0,100897325.0,Consumer Discretionary,Hotels/Resorts,2018,2026-09-24,nasdaq_screener,
GHM,Graham Corporation Common Stock,1030511497.0,87.8,11737032.995444192,Industrials,Industrial Machinery/Components,1978,2026-09-24,nasdaq_screener,
GHRS,GH Research PLC Ordinary Shares,1779744237.0,25.96,68557173.99845916,Health Care,Biotechnology: Pharmaceutical Preparations,2021,2026-09-24,nasdaq_screener,
GHXI,Gores Holdings XI Inc. Class A Ordinary Shares,0.0,9.99,,,,2026,2026-09-24,nasdaq_screener,
GIB,CGI Inc. Common Stock,16030443779.0,69.13,231888381.0067988,Consumer Discretionary,Professional Services,,2026-09-24,nasdaq_screener,
GIBO,GIBO Holdings Limited Class A Ordinary Shares,83871501.0,32.2,2604705.0,Technology,Computer Software: Prepackaged Software,,2026-09-24,nasdaq_screener,
GIC,Global Industrial Company Common Stock,1589117820.0,41.7,38108341.00719424,Industrials,Industrial Machinery/Components,,2026-09-24,nasdaq_screener,
GIFT,Giftify Inc. Common Stock,24089120.0,0.68,35425176.47058823,Consumer Discretionary,Catalog/Specialty Distribution,,2026-09-24,nasdaq_screener,
GIGM,GigaMedia Limited Ordinary Shares,15248769.0,1.3797,11052235.268536638,Technology,Computer Software: Programming Data Processing,,2026-09-24,nasdaq_screener,
GIII,G-III Apparel Group LTD. Common Stock,1155093126.0,26.94,42876508.01781737,Consumer Discretionary,Apparel,1989,2026-09-24,nasdaq_screener,
GIL,Gildan Activewear Inc. Class A Sub. Vot. Common Stock,8554011459.0,46.19,185191847.99740204,Consumer Discretionary,Apparel,2000,2026-09-24,nasdaq_screener,
GILD,Gilead Sciences Inc. Common Stock,187692011812.0,151.37,1239955154.9976878,Health Care,Biotechnology: Biological Products (No Diagnostic Substances),1992,2026-09-24,nasdaq_screener,
GILT,Gilat Satellite Networks Ltd. Ordinary Shares,753200061.0,9.98,75470947.99599198,Technology,Radio And Television Broadcasting And Communications Equipment,,2026-09-24,nasdaq_screener,
GIPR,Generation Income Properties Inc. Common Stock,3756111.0,0.5281,7112499.52660481,Real Estate,Real Estate Investment Trusts,,2026-09-24,nasdaq_screener,
GIS,General Mills Inc. Common Stock,19150427687.0,35.82,534629471.9988833,Consumer Staples,Packaged Foods,,2026-09-24,nasdaq_screener,
GITS,Global Interactive Technologies Inc. Common Stock,8448239.0,2.01,4203103.980099503,Technology,Computer Software: Programming Data Processing,2023,2026-09-24,nasdaq_screener,
GIW,GigCapital8 Corp. Class A Ordinary Shares,0.0,10.155,,Finance,Blank Checks,2025,2026-09-24,nasdaq_screener,
GIX,GigCapital9 Corp. Class A Ordinary Share,0.0,10.01,,Finance,Blank Checks,2026,2026-09-24,nasdaq_screener,
GIXI,Gix Internet Ltd. Ordinary Shares,12785761.0,5.13,2492351.0721247564,Technology,Computer Software: Prepackaged Software,,2026-09-24,nasdaq_screener,
GJO,Synthetic Fixed-Income Securities Inc. on behalf of STRATS(SM) Trust for Wal-Mart Stores Inc. Securities Series 2004-5,0.0,24.74,,Finance,Finance: Consumer Services,,2026-09-24,nasdaq_screener,
GJP,Synthetic Fixed-Income Securities Inc. on behalf of STRATS (SM) Trust for Dominion Resources Inc. Securities Series 2005-6 Floating Rate Structured Repackaged Asset-Backed Trust Securities (STRATS) Certificates,0.0,24.4706,,Finance,Finance: Consumer Services,,2026-09-24,nasdaq_screener,
GJR,Synthetic Fixed-Income Securities Inc. STRATS Trust for Procter&Gamble Securities Series 2006-1,0.0,24.22,,Finance,Finance: Consumer Services,,2026-09-24,nasdaq_screener,
GJS,Goldman Sachs Group Securities STRATS Trust for Goldman Sachs Group Securities Series 2006-2,7281306019.0,23.3346,312039032.98106676,Finance,Finance: Consumer Services,,2026-09-24,nasdaq_screener,
GJT,Synthetic Fixed-Income Securities Inc. Floating Rate Structured Repackaged Asset-Backed Trust Securities Certificates Series 2006-3,0.0,23.235,,Finance,Finance: Consumer Services,,2026-09-24,nasdaq_screener,
GKOS,Glaukos Corporation Common Stock,9053444490.0,153.49,58983936.99915303,Health Care,Medical/Dental Instruments,2015,2026-09-24,nasdaq_screener,
GL,Globe Life Inc. Common Stock,12968344181.0,168.75,76849446.99851851,Finance,Life Insurance,,2026-09-24,nasdaq_screener,
GLAS,Glass House Brands Inc. Subordinate Voting Shares,690784174.0,7.85,87997983.94904459,Health Care, Medicinal Chemicals and Botanical Products ,,2026-09-24,nasdaq_screener,
GLBE,Global-E Online Ltd. Ordinary Shares,6910516197.0,41.24,167568287.9970902,Technology,Computer Software: Prepackaged Software,2021,2026-09-24,nasdaq_screener,
GLBS,Globus Maritime Limited Common Stock,77048815.0,3.57,21582301.12044818,Consumer Discretionary,Marine Transportation,,2026-09-24,nasdaq_screener,
GLDG,GoldMining Inc. Common Shares,216247260.0,1.01,214106198.01980197,Basic Materials,Precious Metals,,2026-09-24,nasdaq_screener,
GLE,Global Engine Group Holding Limited Class A Ordinary Shares,9816120.0,0.5364,18300000.0,Technology,EDP Services,2024,2026-09-24,nasdaq_screener,
GLED,GalaxyEdge Acquisition Corporation Ordinary Shares,0.0,10.03,,Finance,Blank Checks,2026,2026-09-24,nasdaq_screener,
GLIBA,Liberty Capital Corporation Series A GCI Group Common Stock,935373059.0,23.44,39904993.984641634,Telecommunications,Cable & Other Pay Television Services,,2026-09-24,nasdaq_screener,
GLIBK,Liberty Capital Corporation Series C GCI Group Common Stock,945748358.0,23.7,39904994.00843882,Telecommunications,Cable & Other Pay Television Services,,2026-09-24,nasdaq_screener,
GLND,Greenland Energy Company Common Stock,127254865.0,2.91,43730194.1580756,Energy,Oil & Gas Production,,2026-09-24,nasdaq_screener,
GLNG,Golar Lng Ltd,5073368044.0,49.94,101589268.00160192,Consumer Discretionary,Marine Transportation,,2026-09-24,nasdaq_screener,
GLOB,Globant S.A. Common Shares,1487535704.0,34.45,43179555.99419448,Technology,EDP Services,2014,2026-09-24,nasdaq_screener,
GLOO,Gloo Holdings Inc. Class A Common Stock,439348997.0,4.8,91531041.04166667,Technology,EDP Services,2025,2026-09-24,nasdaq_screener,
GLPI,Gaming and Leisure Properties Inc. Common Stock,11418611688.0,39.25,290920043.0063694,Real Estate,Real Estate Investment Trusts,,2026-09-24,nasdaq_screener,
GLRE,Greenlight Capital Re Ltd. Class A Ordinary Shares,489946573.0,15.01,32641343.97068621,Finance,Property-Casualty Insurers,2007,2026-09-24,nasdaq_screener,
GLSI,Greenwich LifeSciences Inc. Common Stock,257015422.0,17.51,14678207.995431181,Health Care,Biotechnology: Pharmaceutical Preparations,2020,2026-09-24,nasdaq_screener,
GLU,Gabelli Global Utility Common Shares of Beneficial Ownership,109589206.0,18.36,5968911.002178649,Finance,Finance/Investors Services,2004,2026-09-24,nasdaq_screener,
GLUE,Monte Rosa Therapeutics Inc. Common Stock,1014376338.0,11.89,85313401.00925146,Health Care,Biotechnology: Biological Products (No Diagnostic Substances),2021,2026-09-24,nasdaq_screener,
GLW,Corning Incorporated Common Stock,133067269373.0,154.48,861388331.0007769,Industrials,Telecommunications Equipment,,2026-09-24,nasdaq_screener,
GLXG,Galaxy Payroll Group Limited Class A Ordinary Shares,6199976.0,1.04,5961515.384615384,Industrials,Diversified Commercial Services,2024,2026-09-24,nasdaq_screener,
GLXY,Galaxy Digital Inc. Class A Common Stock,10081029631.0,25.79,390889089.99612254,Finance,Investment Bankers/Brokers/Service,,2026-09-24,nasdaq_screener,
GM,General Motors Company Common Stock,73504115590.0,83.77,877451541.0051332,Industrials,Auto Manufacturing,2010,2026-09-24,nasdaq_screener,
GME,GameStop Corporation Common Stock,12208923958.0,24.2,504500990.0,Consumer Discretionary,Electronics Distribution,2002,2026-09-24,nasdaq_screener,
GMED,Globus Medical Inc. Class A Common Stock,9930011159.0,73.96,134261913.99405086,Health Care,Medical/Dental Instruments,2012,2026-09-24,nasdaq_screener,
GMEX,GMEX ROBOTICS CORPORATION Class A Ordinary Shares,386649.0,0.4275,904442.1052631579,Consumer Discretionary,Recreational Games/Products/Toys,2023,2026-09-24,nasdaq_screener,
GMHS,Gamehaus Holdings Inc. Class A Ordinary Shares,42566782.0,0.7494,56801150.253536165,Technology,EDP Services,,2026-09-24,nasdaq_screener,
GMM,Global Mofy AI Limited Class A Ordinary Shares,18916954.0,1.94,9751007.216494845,Technology,Computer Software: Programming Data Processing,2023,2026-09-24,nasdaq_screener,
GMRS,GMR Solutions Inc. Class A Common Stock,594238821.0,11.0,54021711.0,Consumer Discretionary,Transportation Services,2026,2026-09-24,nasdaq_screener,
GMTL,Guardian Metal Resources PLC ADS,432184700.0,10.87,39759402.023919046,Basic Materials,Metal Mining,2026,2026-09-24,nasdaq_screener,
GNE,Genie Energy Ltd. Class B Common Stock Stock,416902828.0,15.84,26319622.97979798,Utilities,Power Generation,2011,2026-09-24,nasdaq_screener,
GNK,Genco Shipping & Trading Limited Ordinary Shares New (Marshall Islands),1152429836.0,26.44,43586604.9924357,Consumer Discretionary,Marine Transportation,,2026-09-24,nasdaq_screener,
GNL,Global Net Lease Inc. Common Stock,2005525820.0,8.67,231317856.97808534,Real Estate,Real Estate Investment Trusts,2015,2026-09-24,nasdaq_screener,
GNLN,Greenlane Holdings Inc. Class A Common Stock,1882214.0,2.71,694543.9114391144,Consumer Discretionary,Durable Goods,2019,2026-09-24,nasdaq_screener,
GNLX,Genelux Corporation Common Stock,113792018.0,2.515,45245335.188866794,Health Care,Biotechnology: Pharmaceutical Preparations,2023,2026-09-24,nasdaq_screener,
GNPX,Genprex Inc. Common Stock,3073909.0,3.75,819709.0666666667,Health Care,Biotechnology: Pharmaceutical Preparations,2018,2026-09-24,nasdaq_screener,
GNRC,Generac Holdlings Inc. Common Stock,11767048511.0,199.42,59006361.00190553,Consumer Discretionary,Metal Fabrications,2010,2026-09-24,nasdaq_screener,
GNS,Genius Group Limited Ordinary Shares,29751864.0,0.155,191947509.67741936,Technology,Computer Software: Prepackaged Software,2022,2026-09-24,nasdaq_screener,
GNSS,Genasys Inc. Common Stock,68313014.0,1.5,45542009.333333336,Consumer Staples,Consumer Electronics/Appliances,,2026-09-24,nasdaq_screener,
GNT,GAMCO Natural Resources Gold & Income Trust,163507635.0,8.85,18475438.98305085,Finance,Finance/Investors Services,2011,2026-09-24,nasdaq_screener,
GNTX,Gentex Corporation Common Stock,4672956282.0,22.18,210683331.01893598,Consumer Discretionary,Auto Parts:O.E.M.,,2026-09-24,nasdaq_screener,
GNW,Genworth Financial Inc Common Stock,3638705486.0,9.63,377851036.9678089,Finance,Life Insurance,2004,2026-09-24,nasdaq_screener,
GO,Grocery Outlet Holding Corp. Common Stock,1105782931.0,11.16,99084492.0250896,Consumer Staples,Food Chains,2019,2026-09-24,nasdaq_screener,
GOAI,Eva Live Inc. Common Stock,77188690.0,1.93,39994139.896373056,Technology,Computer Software: Programming Data Processing,,2026-09-24,nasdaq_screener,
GOGO,Gogo Inc. Common Stock,311668083.0,2.3,135507862.17391306,Consumer Discretionary,Telecommunications Equipment,2013,2026-09-24,nasdaq_screener,
GOLD,Gold.com Inc. Common Stock,1267648791.0,43.48,29154756.002759892,Industrials,Other Specialty Stores,,2026-09-24,nasdaq_screener,
GOLF,Acushnet Holdings Corp. Common Stock,4844698400.0,82.95,58405044.00241109,Consumer Discretionary,Recreational Games/Products/Toys,2016,2026-09-24,nasdaq_screener,
GOOD,Gladstone Commercial Corporation Real Estate Investment Trust,608482288.0,12.57,48407501.03420843,Real Estate,Real Estate,2003,2026-09-24,nasdaq_screener,
GOOG,Alphabet Inc. Class C Capital Stock,4096805400000.0,334.98,12230000000.0,Technology,Computer Software: Programming Data Processing,2004,2026-09-24,nasdaq_screener,
GOOGL,Alphabet Inc. Class A Common Stock,4131660900000.0,337.83,12230000000.0,Technology,Computer Software: Programming Data Processing,2004,2026-09-24,nasdaq_screener,
GOOS,Canada Goose Holdings Inc. Subordinate Voting Shares,734415984.0,7.52,97661700.0,Consumer Discretionary,Apparel,2017,2026-09-24,nasdaq_screener,
GORO,Goldgroup Mining Inc. Common Shares,495102859.0,3.65,135644618.9041096,Basic Materials,Precious Metals,2026,2026-09-24,nasdaq_screener,
GOSS,Gossamer Bio Inc. Common Stock,67219137.0,10.99,6116390.991810737,Health Care,Biotechnology: Pharmaceutical Preparations,2019,2026-09-24,nasdaq_screener,
GOVX,GeoVax Labs Inc. Common Stock,3818885.0,0.378,10102870.37037037,Health Care,Biotechnology: Pharmaceutical Preparations,,2026-09-24,nasdaq_screener,
GP,GreenPower Motor Company Inc. Common Shares,6498901.0,0.7392,8791803.300865801,Consumer Discretionary,Construction/Ag Equipment/Trucks,,2026-09-24,nasdaq_screener,
GPAC,General Purpose Acquisition Corp. Class A Ordinary Shares,0.0,10.08,,,,2026,2026-09-24,nasdaq_screener,
GPAT,GP-Act III Acquisition Corp. Class A Ordinary Share,0.0,10.99,,,,2024,2026-09-24,nasdaq_screener,
GPC,Genuine Parts Company Common Stock,17750822440.0,128.76,137859757.9993787,Consumer Discretionary,Automotive Aftermarket,,2026-09-24,nasdaq_screener,
GPGI,GPGI Inc. Class A Common Stock,3490276587.0,12.04,289890081.97674423,Finance,Finance: Consumer Services,,2026-09-24,nasdaq_screener,
GPI,Group 1 Automotive Inc. Common Stock,2950869910.0,247.51,11922225.00101006,Consumer Discretionary,Retail-Auto Dealers and Gas Stations,1997,2026-09-24,nasdaq_screener,
GPK,Graphic Packaging Holding Company,2860051395.0,9.66,296071572.98136646,Consumer Discretionary,Containers/Packaging,,2026-09-24,nasdaq_screener,
GPMT,Granite Point Mortgage Trust Inc. Common Stock,40341865.0,0.837,48198166.0692951,Real Estate,Real Estate Investment Trusts,2017,2026-09-24,nasdaq_screener,
GPN,Global Payments Inc. Common Stock,22227944760.0,84.0,264618390.0,Consumer Discretionary,Business Services,,2026-09-24,nasdaq_screener,
GPOR,Gulfport Energy Corporation Common Shares,2824467078.0,159.72,17683866.00300526,Energy,Oil & Gas Production,2021,2026-09-24,nasdaq_screener,
GPRE,Green Plains Inc. Common Stock,1059140406.0,15.11,70095327.9947055,Industrials,Major Chemicals,,2026-09-24,nasdaq_screener,
GPRK,Geopark Ltd Common Shares,720991816.0,11.11,64895753.01530153,Energy,Oil & Gas Production,2014,2026-09-24,nasdaq_screener,
GPRO,GoPro Inc. Class A Common Stock,241700776.0,1.31,184504409.16030532,Consumer Discretionary,Industrial Machinery/Components,2014,2026-09-24,nasdaq_screener,
GPUS,Hyperscale Data Inc. Common Stock,30560496.0,0.1727,176957127.96757382,Technology,Industrial Machinery/Components,1997,2026-09-24,nasdaq_screener,
GRAB,Grab Holdings Limited Class A Ordinary Shares,13121541706.0,3.2,4100481783.125,Consumer Discretionary,Business Services,,2026-09-24,nasdaq_screener,
GRAL,GRAIL Inc. Common Stock ,4847179714.0,108.52,44666234.00294877,Health Care,Medical Specialities,,2026-09-24,nasdaq_screener,
GRAN,Grande Group Limited Class A Ordinary Shares,28144063.0,1.13,24906250.44247788,Finance,Finance: Consumer Services,2025,2026-09-24,nasdaq_screener,
GRBK,Green Brick Partners Inc. Common Stock,2890748878.0,67.21,43010695.997619405,Consumer Discretionary,Homebuilding,2021,2026-09-24,nasdaq_screener,
GRC,Gorman-Rupp Company (The) Common Stock,1987370786.0,75.25,26410243.00332226,Industrials,Fluid Controls,1971,2026-09-24,nasdaq_screener,
GRCE,Grace Therapeutics Inc. Common Stock,44596172.0,2.12,21035930.188679244,Health Care,Biotechnology: Pharmaceutical Preparations,,2026-09-24,nasdaq_screener,
GRDN,Guardian Pharmacy Services Inc. Class A Common Stock,2740188071.0,43.26,63342303.99907536,Consumer Staples,Retail-Drug Stores and Proprietary Stores,2024,2026-09-24,nasdaq_screener,
GRDX,GridAI Technologies Corp. Common Stock,27526135.0,3.86,7131123.056994819,Health Care,Biotechnology: Pharmaceutical Preparations,2016,2026-09-24,nasdaq_screener,
GRI,GRI Bio Inc. Common Stock,4700147.0,2.15,2186114.88372093,Health Care,Biotechnology: Pharmaceutical Preparations,2021,2026-09-24,nasdaq_screener,
GRML,Greenland Mines Ltd. Common Stock,65466782.0,11.19,5850472.028596962,Health Care,Biotechnology: Biological Products (No Diagnostic Substances),2022,2026-09-24,nasdaq_screener,
GRMN,Garmin Ltd. Common Stock (Switzerland),55460532303.0,287.58,192852536.0004173,Industrials,Industrial Machinery/Components,2000,2026-09-24,nasdaq_screener,
GRND,Grindr Inc. Common Stock,2683790481.0,15.44,173820627.00777203,Technology,Computer Software: Programming Data Processing,2021,2026-09-24,nasdaq_screener,
GRNQ,Greenpro Capital Corp. Common Stock,20031285.0,11.05,1812785.9728506787,Consumer Discretionary,Professional Services,,2026-09-24,nasdaq_screener,
GRNT,Granite Ridge Resources Inc. Common Stock,594870091.0,4.51,131900241.90687361,Energy,Oil & Gas Production,2022,2026-09-24,nasdaq_screener,
GRO,Brazil Potash Corp. Common Shares,149290378.0,2.41,61946214.93775933,Industrials,Mining & Quarrying of Nonmetallic Minerals (No Fuels),2024,2026-09-24,nasdaq_screener,
GROV,Grove Collaborative Holdings Inc. Class A Common Stock,44836098.0,1.05,42701045.71428571,Consumer Discretionary,Catalog/Specialty Distribution,2021,2026-09-24,nasdaq_screener,
GROW,U.S. Global Investors Inc. Class A Common Stock,36525642.0,2.97,12298195.95959596,Finance,Investment Managers,,2026-09-24,nasdaq_screener,
GROY,Gold Royalty Corp. Common Shares,733973259.0,3.18,230809200.9433962,Basic Materials,Precious Metals,2021,2026-09-24,nasdaq_screener,
GRPN,Groupon Inc. Common Stock,814932532.0,20.04,40665296.007984035,Consumer Discretionary,Advertising,2011,2026-09-24,nasdaq_screener,
GRRR,Gorilla Technology Group Inc. Ordinary shares,390547659.0,14.07,27757473.987206824,Technology,Computer Software: Prepackaged Software,,2026-09-24,nasdaq_screener,
GRSD,Grandstand Limited Ordinary Shares,53698701.0,1.53,35097190.19607843,Consumer Discretionary,Services-Misc. Amusement & Recreation,2021,2026-09-24,nasdaq_screener,
GRVY,GRAVITY Co. Ltd. American Depository Shares,468842283.0,67.47,6948900.0,Technology,EDP Services,2005,2026-09-24,nasdaq_screener,
GRWG,GrowGeneration Corp. Common Stock,94861923.0,1.61,58920449.06832298,Consumer Discretionary,RETAIL: Building Materials,,2026-09-24,nasdaq_screener,
GRX,The Gabelli Healthcare & Wellness Trust Common Shares of Beneficial Interest,167511135.0,9.8,17092972.95918367,Finance,Finance/Investors Services,,2026-09-24,nasdaq_screener,
GS,Goldman Sachs Group Inc. (The) Common Stock,272641259595.0,936.36,291171408.00012815,Finance,Investment Bankers/Brokers/Service,1999,2026-09-24,nasdaq_screener,
GSAT,Globalstar Inc. Common Stock,10688979675.0,82.5,129563390.0,Consumer Discretionary,Telecommunications Equipment,2025,2026-09-24,nasdaq_screener,
GSBC,Great Southern Bancorp Inc. Common Stock,850114521.0,78.01,10897506.999102678,Finance,Major Banks,1989,2026-09-24,nasdaq_screener,
GSBD,Goldman Sachs BDC Inc. Common Stock,1085165806.0,9.64,112569067.01244813,Finance,Investment Managers,2015,2026-09-24,nasdaq_screener,
GSHD,Goosehead Insurance Inc. Class A Common Stock,1545652186.0,43.52,35515905.00919117,Finance,Specialty Insurers,2018,2026-09-24,nasdaq_screener,
GSHR,Gesher Acquisition Corp. II Class A Ordinary Shares,0.0,10.56,,,,2025,2026-09-24,nasdaq_screener,
GSIT,GSI Technology Common Stock,216183319.0,5.625,38432590.04444444,Technology,Semiconductors,2007,2026-09-24,nasdaq_screener,
GSIW,Garden Stage Limited Class A Ordinary Shares,153187306.0,14.3,10712399.02097902,Finance,Investment Bankers/Brokers/Service,2023,2026-09-24,nasdaq_screener,
GSL,Global Ship Lease Inc New Class A Common Shares,1599798588.0,44.54,35918244.00538842,Consumer Discretionary,Marine Transportation,,2026-09-24,nasdaq_screener,
GSM,Ferroglobe PLC Ordinary Shares,782945566.0,4.19,186860516.94510737,Basic Materials,Metal Mining,,2026-09-24,nasdaq_screener,
GSRF,GSR IV Acquisition Corp. Class A ordinary share,0.0,10.23,,,,2025,2026-09-24,nasdaq_screener,
GSRV,GSR V Acquisition Corp. Class A ordinary shares,0.0,9.88,,Finance,Blank Checks,2026,2026-09-24,nasdaq_screener,
GSUN,Golden Sun Technology Group Limited Class A Ordinary Shares,2426987.0,0.242,10028871.900826447,Real Estate,Other Consumer Services,2022,2026-09-24,nasdaq_screener,
GT,The Goodyear Tire & Rubber Company Common Stock,1537379256.0,5.34,287898737.07865167,Consumer Discretionary,Automotive Aftermarket,,2026-09-24,nasdaq_screener,
GTBP,GT Biopharma Inc. Common Stock,12811091.0,7.1,1804379.0140845072,Health Care,Biotechnology: Pharmaceutical Preparations,,2026-09-24,nasdaq_screener,
GTE,Gran Tierra Energy Inc. Common Stock,352742877.0,9.97,35380428.98696088,Energy,Oil & Gas Production,,2026-09-24,nasdaq_screener,
GTEC,Greenland Technologies Holding Corporation Class A Ordinary Shares,31322182.0,1.18,26544222.033898305,Industrials,Industrial Machinery/Components,2018,2026-09-24,nasdaq_screener,
GTEN,Gores Holdings X Inc. Class A ordinary shares,0.0,10.52,,,,2025,2026-09-24,nasdaq_screener,
GTERA,Globa Terra Acquisition Corporation Class A Ordinary Shares,0.0,10.43,,Finance,Blank Checks,2025,2026-09-24,nasdaq_screener,
GTES,Gates Industrial Corporation Ltd. Common Shares,6673064841.0,26.36,253151169.99241275,Industrials,Industrial Machinery/Components,2018,2026-09-24,nasdaq_screener,
GTIM,Good Times Restaurants Inc. Common Stock,15889633.0,1.505,10557895.681063123,Consumer Discretionary,Restaurants,,2026-09-24,nasdaq_screener,
GTLB,GitLab Inc. Class A Common Stock,8165066000.0,49.01,166600000.0,Technology,Computer Software: Prepackaged Software,2021,2026-09-24,nasdaq_screener,
GTM,ZoomInfo Technologies Inc Common Stock,1135329179.0,3.9,291110045.8974359,Technology,Computer Software: Prepackaged Software,2020,2026-09-24,nasdaq_screener,
GTN,Gray Media Inc. Common Stock,471668474.0,4.58,102984382.96943231,Industrials,Broadcasting,,2026-09-24,nasdaq_screener,
GTX,Garrett Motion Inc. Common Stock,4755582057.0,25.5,186493414.0,Consumer Discretionary,Auto Parts:O.E.M.,,2026-09-24,nasdaq_screener,
GTY,Getty Realty Corporation Common Stock,1790474328.0,28.91,61932698.99688689,Finance,Real Estate,,2026-09-24,nasdaq_screener,
GUAC,Berto Acquisition Corp. II Ordinary Shares,0.0,10.0,,Finance,Blank Checks,2026,2026-09-24,nasdaq_screener,
GURE,Gulf Resources Inc. (NV) Common Stock,6528712.0,3.6,1813531.111111111,Industrials,Major Chemicals,,2026-09-24,nasdaq_screener,
GUT,Gabelli Utility Trust (The) Common Stock,441128164.0,6.01,73399028.95174709,Finance,Trusts Except Educational Religious and Charitable,,2026-09-24,nasdaq_screener,
GUTS,Fractyl Health Inc. Common Stock,77297734.0,0.4856,159179847.61120266,Health Care,Medical/Dental Instruments,2024,2026-09-24,nasdaq_screener,
GVA,Granite Construction Incorporated Common Stock,4930072052.0,112.65,43764510.00443853,Industrials,Military/Government/Technical,,2026-09-24,nasdaq_screener,
GVH,Globavend Holdings Limited Ordinary Shares,4691552.0,1.09,4304176.14678899,Industrials,Integrated Freight & Logistics,2023,2026-09-24,nasdaq_screener,
GWAV,Greenwave Technology Solutions Inc. Common Stock,7873758.0,2.64,2982484.090909091,Industrials,Metal Fabrications,,2026-09-24,nasdaq_screener,
GWH,ESS Tech Inc. Common Stock,14736311.0,0.3659,40274148.67450123,Miscellaneous,Industrial Machinery/Components,,2026-09-24,nasdaq_screener,
GWRE,Guidewire Software Inc. Common Stock,12535859163.0,152.89,81992668.99731834,Technology,Computer Software: Prepackaged Software,2012,2026-09-24,nasdaq_screener,
GWRS,Global Water Resources Inc. Common Stock,241796392.0,8.08,29925296.03960396,Utilities,Water Supply,2016,2026-09-24,nasdaq_screener,
GWW,W.W. Grainger Inc. Common Stock,59849753971.0,1270.67,47100941.99988982,Industrials,Office Equipment/Supplies/Services,,2026-09-24,nasdaq_screener,
GXAI,Gaxos.ai Inc. Common Stock,6422485.0,0.5811,11052288.762691448,Technology,Computer Software: Prepackaged Software,2023,2026-09-24,nasdaq_screener,
GXO,GXO Logistics Inc. Common Stock ,5187183508.0,45.23,114684578.99624144,Consumer Discretionary,Transportation Services,2021,2026-09-24,nasdaq_screener,
GYGY,Game Your Game Inc. Common Stock,11441640.0,0.795,14392000.0,Technology,Computer Software: Prepackaged Software,,2026-09-24,nasdaq_screener,
GYRE,Gyre Therapeutics Inc. Common Stock,825172883.0,7.4,111509849.05405405,Health Care,Biotechnology: Pharmaceutical Preparations,2006,2026-09-24,nasdaq_screener,
GYRO,Gyrodyne LLC Common Stock,11040526.0,5.02,2199307.96812749,Real Estate,Building operators,,2026-09-24,nasdaq_screener,
H,Hyatt Hotels Corporation Class A Common Stock,14816027805.0,157.28,94201600.99821973,Consumer Discretionary,Hotels/Resorts,2009,2026-09-24,nasdaq_screener,
HACQ,HCM IV Acquisition Corp. Class A Ordinary Share,0.0,10.035,,Finance,Blank Checks,2026,2026-09-24,nasdaq_screener,
HAE,Haemonetics Corporation Common Stock,4859994988.0,106.82,45497051.00168508,Health Care,Medical/Dental Instruments,1991,2026-09-24,nasdaq_screener,
HAFC,Hanmi Financial Corporation Common Stock,936323473.0,31.58,29649255.003166564,Finance,Major Banks,,2026-09-24,nasdaq_screener,
HAFN,Hafnia Limited Common Shares,4548009876.0,9.1,499781305.05494505,Consumer Discretionary,Transportation Services,2024,2026-09-24,nasdaq_screener,
HAIN,Hain Celestial Group Inc. (The) Common Stock,50051248.0,0.55,91002269.09090908,Consumer Staples,Packaged Foods,,2026-09-24,nasdaq_screener,
HAL,Halliburton Company Common Stock,27501633415.0,33.01,833130367.009997,Energy,Oilfield Services/Equipment,,2026-09-24,nasdaq_screener,
HALO,Halozyme Therapeutics Inc. Common Stock,12761715120.0,112.44,113498000.0,Health Care,Biotechnology: Biological Products (No Diagnostic Substances),,2026-09-24,nasdaq_screener,
HAO,Haoxi Health Technology Limited Class A Ordinary Shares,1156958.0,3.16,366125.9493670886,Consumer Discretionary,Advertising,2024,2026-09-24,nasdaq_screener,
HAPN,Happen Inc. Common Stock,1748423080.0,15.15,115407464.02640264,Finance,Finance: Consumer Services,,2026-09-24,nasdaq_screener,
HAS,Hasbro Inc. Common Stock,12203167285.0,86.52,141044467.0018493,Consumer Discretionary,Recreational Games/Products/Toys,,2026-09-24,nasdaq_screener,
HASI,HA Sustainable Infrastructure Capital Inc. Common Stock,4652832556.0,36.21,128495790.00276166,Finance,Finance/Investors Services,2013,2026-09-24,nasdaq_screener,
HAVA,Harvard Ave Acquisition Corporation Class A Ordinary Share,0.0,10.22,,,,2025,2026-09-24,nasdaq_screener,
HAWK,HawkEye 360 Inc. Common Stock,1550794688.0,15.83,97965551.9898926,Technology,EDP Services,2026,2026-09-24,nasdaq_screener,
HAYW,Hayward Holdings Inc. Common Stock,2704524671.0,12.75,212119582.03921568,Industrials,Industrial Machinery/Components,2021,2026-09-24,nasdaq_screener,
HBAN,Huntington Bancshares Incorporated Common Stock,31073980024.0,15.38,2020414826.0078022,Finance,Major Banks,,2026-09-24,nasdaq_screener,
HBB,Hamilton Beach Brands Holding Company Class A Common Stock ,464835841.0,34.58,13442332.012724118,Consumer Discretionary,Home Furnishings,2017,2026-09-24,nasdaq_screener,
HBCP,Home Bancorp Inc. Common Stock,528678278.0,67.17,7870750.007443799,Finance,Banks,2008,2026-09-24,nasdaq_screener,
HBIO,Harvard Bioscience Inc. Common Stock,36646055.0,8.05,4552304.968944099,Industrials,Biotechnology: Laboratory Analytical Instruments,2000,2026-09-24,nasdaq_screener,
HBM,Hudbay Minerals Inc. Ordinary Shares (Canada),11898638120.0,26.79,444144759.9850691,Basic Materials,Metal Mining,,2026-09-24,nasdaq_screener,
HBNB,Hotel101 Global Holdings Corp. Class A Ordinary Shares,1119400305.0,4.7831,234032385.9003575,Consumer Discretionary,Hotels/Resorts,,2026-09-24,nasdaq_screener,
HBNC,Horizon Bancorp Inc. Common Stock,976572751.0,19.02,51344518.98002103,Finance,Major Banks,,2026-09-24,nasdaq_screener,
HBT,HBT Financial Inc. Common Stock,1276796637.0,35.11,36365611.99088579,Finance,Major Banks,2019,2026-09-24,nasdaq_screener,
HCA,HCA Healthcare Inc. Common Stock,94498574720.0,436.48,216501500.0,Health Care,Hospital/Nursing Management,2011,2026-09-24,nasdaq_screener,
HCAC,Hall Chadwick Acquisition Corp Class A Ordinary Shares,0.0,10.12,,Consumer Discretionary,Auto Parts:O.E.M.,2026,2026-09-24,nasdaq_screener,
HCAI,Huachen AI Parking Management Technology Holding Co. Ltd. Class A Ordinary Shares,5999028.0,0.5497,10913276.332545025,Consumer Discretionary,Miscellaneous manufacturing industries,2025,2026-09-24,nasdaq_screener,
HCAT,Health Catalyst Inc Common Stock,129440975.0,1.72,75256380.81395349,Technology,Computer Software: Programming Data Processing,2019,2026-09-24,nasdaq_screener,
HCC,Warrior Met Coal Inc. Common Stock,4764860331.0,90.24,52802087.00132979,Energy,Coal Mining,2017,2026-09-24,nasdaq_screener,
HCI,HCI Group Inc. Common Stock,2190733256.0,176.12,12438866.999772882,Finance,Property-Casualty Insurers,,2026-09-24,nasdaq_screener,
HCIC,Hennessy Capital Investment Corp. VIII Class A Ordinary Shares,0.0,9.99,,,,2026,2026-09-24,nasdaq_screener,
HCKT,Hackett Group Inc (The). Common Stock,257485986.0,10.35,24877873.04347826,Consumer Discretionary,Professional Services,,2026-09-24,nasdaq_screener,
HCMA,HCM III Acquisition Corp. Class A Ordinary Share,399768750.0,10.3,38812500.0,Consumer Discretionary,Hotels/Resorts,2025,2026-09-24,nasdaq_screener,
HCSG,Healthcare Services Group Inc. Common Stock,1458434293.0,21.25,68632202.02352941,Health Care,Hospital/Nursing Management,1983,2026-09-24,nasdaq_screener,
HCTI,Healthcare Triangle Inc. Common Stock,13643105.0,0.9111,14974322.24783229,Technology,EDP Services,2021,2026-09-24,nasdaq_screener,
HCWB,HCW Biologics Inc. Common Stock,3048298.0,1.66,1836324.0963855423,Health Care,Biotechnology: Pharmaceutical Preparations,2021,2026-09-24,nasdaq_screener,
HD,Home Depot Inc. (The) Common Stock,296034465827.0,296.72,997689626.0009435,Consumer Discretionary,RETAIL: Building Materials,,2026-09-24,nasdaq_screener,
HDB,HDFC Bank Limited Common Stock,116938288065.0,22.79,5131122775.998245,Finance,Commercial Banks,2001,2026-09-24,nasdaq_screener,
HDRN,Hadron Energy Inc. Common Stock  ,100098379.0,1.4,71498842.14285715,Utilities,Electric Utilities: Central,2024,2026-09-24,nasdaq_screener,
HDSN,Hudson Technologies Inc. Common Stock,216335132.0,5.14,42088547.08171207,Consumer Discretionary,Industrial Specialties,,2026-09-24,nasdaq_screener,
HE,Hawaiian Electric Industries Inc. Common Stock,1592552197.0,9.22,172728004.01301518,Utilities,Electric Utilities: Central,,2026-09-24,nasdaq_screener,
HEI,Heico Corporation Common Stock,43404457271.0,310.57,139757405.00048298,Industrials,Aerospace,2000,2026-09-24,nasdaq_screener,
HELE,Helen of Troy Limited Common Stock,687814561.0,29.53,23292060.988824923,Consumer Discretionary,Home Furnishings,,2026-09-24,nasdaq_screener,
HELP,Cybin Inc. Common Stock,807032696.0,13.02,61984078.033794165,Health Care,Biotechnology: Pharmaceutical Preparations,,2026-09-24,nasdaq_screener,
HESM,Hess Midstream LP Class A Representing Limited Partner Interests,4977447165.0,38.78,128350880.99535842,Energy,Oil & Gas Production,2017,2026-09-24,nasdaq_screener,
HFBL,Home Federal Bancorp Inc. of Louisiana Common Stock,76347225.0,25.0,3053889.0,Finance,Savings Institutions,2010,2026-09-24,nasdaq_screener,
HFFG,HF Foods Group Inc. Common Stock,85628337.0,1.54,55602816.233766235,Consumer Discretionary,Food Distributors,2017,2026-09-24,nasdaq_screener,
HFWA,Heritage Financial Corporation Common Stock,1143589846.0,27.95,40915557.99642219,Finance,Banks,,2026-09-24,nasdaq_screener,
HG,Hamilton Insurance Group Ltd. Class B Common Shares,2785063367.0,33.47,83210736.98834778,Finance,Property-Casualty Insurers,2023,2026-09-24,nasdaq_screener,
HGBL,Heritage Global Inc. Common Stock,46070462.0,1.33,34639445.11278195,Consumer Discretionary,Business Services,,2026-09-24,nasdaq_screener,
HGTY,Hagerty Inc. Class A Common Stock,4707630702.0,13.7,343622678.9781022,Finance,Specialty Insurers,2021,2026-09-24,nasdaq_screener,
HGV,Hilton Grand Vacations Inc. Common Stock ,2766979562.0,35.6,77724145.0,Consumer Discretionary,Hotels/Resorts,2016,2026-09-24,nasdaq_screener,
HHH,Howard Hughes Holdings Inc. Common Stock,3807216045.0,63.75,59721036.0,Real Estate,Real Estate Investment Trusts,,2026-09-24,nasdaq_screener,
HHS,Harte Hanks Inc. Common Stock,34513131.0,4.63,7454239.956803456,Consumer Discretionary,Advertising,,2026-09-24,nasdaq_screener,
HIFS,Hingham Institution for Savings Common Stock,628393662.0,292.63,2147400.0,Finance,Banks,,2026-09-24,nasdaq_screener,
HIG,The Hartford Insurance Group Inc. Common Stock,34289686733.0,126.59,270872001.9985781,Finance,Property-Casualty Insurers,,2026-09-24,nasdaq_screener,
HIHO,Highway Holdings Limited Common Stock,4325942.0,0.935,4626675.935828877,Industrials,Metal Fabrications,,2026-09-24,nasdaq_screener,
HII,Huntington Ingalls Industries Inc. Common Stock,10631360540.0,269.8,39404597.99851742,Industrials,Marine Transportation,,2026-09-24,nasdaq_screener,
HIMS,Hims & Hers Health Inc. Class A Common Stock,6623767795.0,28.39,233313412.99753433,Health Care,Medical/Nursing Services,2019,2026-09-24,nasdaq_screener,
HIMX,Himax Technologies Inc. American Depositary Shares,2490802052.0,14.28,174425914.00560224,Technology,Semiconductors,2006,2026-09-24,nasdaq_screener,
HIND,Vyome Holdings Inc. Common Stock,14107241.0,2.01,7018527.860696518,Health Care,Biotechnology: Pharmaceutical Preparations,2016,2026-09-24,nasdaq_screener,
HIPO,Hippo Holdings Inc. Common Stock,784028510.0,29.71,26389381.01649276,Finance,Property-Casualty Insurers,2021,2026-09-24,nasdaq_screener,
HIT,Health In Tech Inc. Class A Common Stock,57717838.0,0.8825,65402649.291784704,Finance,Specialty Insurers,2024,2026-09-24,nasdaq_screener,
HITI,High Tide Inc. Common Shares,242467910.0,2.72,89142613.97058822,Consumer Discretionary,Other Specialty Stores,,2026-09-24,nasdaq_screener,
HIVE,HIVE Digital Technologies Ltd. Common Shares,924314629.0,3.37,274277337.98219585,Finance,Finance: Consumer Services,,2026-09-24,nasdaq_screener,
HIW,Highwoods Properties Inc. Common Stock,3274991405.0,29.69,110306211.01380935,Real Estate,Real Estate Investment Trusts,1994,2026-09-24,nasdaq_screener,
HKIT,Hitek Global Inc. Class A Ordinary Share,24997371.0,2.78,8991860.071942447,Technology,Computer Software: Prepackaged Software,2023,2026-09-24,nasdaq_screener,
HKPD,Cellyan Biotechnology Co. Ltd Class A Ordinary Shares,5781195.0,0.1192,48499958.053691275,Health Care,Other Pharmaceuticals,2025,2026-09-24,nasdaq_screener,
HL,Hecla Mining Company Common Stock,12273209234.0,18.27,671768430.9797482,Industrials,Mining & Quarrying of Nonmetallic Minerals (No Fuels),,2026-09-24,nasdaq_screener,
HLF,Herbalife Ltd. Common Shares,1256592526.0,11.99,104803379.98331943,Health Care,Other Pharmaceuticals,2004,2026-09-24,nasdaq_screener,
HLI,Houlihan Lokey Inc. Class A Common Stock,9081051810.0,129.94,69886500.0,Finance,Investment Managers,2015,2026-09-24,nasdaq_screener,
HLIO,Helios Technologies Inc. Common Stock,2290724113.0,69.52,32950576.99942463,Industrials,Metal Fabrications,2021,2026-09-24,nasdaq_screener,
HLIT,Harmonic Inc. Common Stock,1198640231.0,10.99,109066445.04094632,Technology,Radio And Television Broadcasting And Communications Equipment,1995,2026-09-24,nasdaq_screener,
HLLY,Holley Inc. Common Stock,300660675.0,2.48,121234143.14516129,Consumer Discretionary,Auto Parts:O.E.M.,2020,2026-09-24,nasdaq_screener,
HLMN,Hillman Solutions Corp. Common Stock,1389051293.0,7.14,194544999.01960784,Consumer Discretionary,Industrial Machinery/Components,2020,2026-09-24,nasdaq_screener,
HLNE,Hamilton Lane Incorporated Class A Common Stock,4722981677.0,85.7,55110638.004667446,Finance,Investment Managers,2017,2026-09-24,nasdaq_screener,
HLP,Hongli Group Inc. Class A Ordinary Shares,152093356.0,2.035,74738749.87714987,Industrials,Industrial Machinery/Components,2023,2026-09-24,nasdaq_screener,
HLSQ,Tessera Defense and Homeland Security Inc. Common Stock,1573000.0,0.55,2860000.0,Health Care,Biotechnology: Biological Products (No Diagnostic Substances),2019,2026-09-24,nasdaq_screener,
HLT,Hilton Worldwide Holdings Inc. Common Stock ,69144441650.0,307.22,225064909.99934897,Consumer Discretionary,Hotels/Resorts,2016,2026-09-24,nasdaq_screener,
HLXC,Helix Acquisition Corp. III Class A Ordinary Shares,0.0,10.77,,,,2026,2026-09-24,nasdaq_screener,
HMC,Honda Motor Company Ltd. Common Stock,41715487070.0,32.15,1297526813.9968896,Industrials,Auto Manufacturing,,2026-09-24,nasdaq_screener,
HMH,HMH Holding Inc. Class A Common Stock,814980838.0,18.55,43934276.981132075,Consumer Discretionary,Oil and Gas Field Machinery,2026,2026-09-24,nasdaq_screener,
HMN,Horace Mann Educators Corporation Common Stock,1884919053.0,46.54,40501053.9965621,Finance,Property-Casualty Insurers,1991,2026-09-24,nasdaq_screener,
HMR,Heidmar Maritime Holdings Corp. Common Stock,109135194.0,1.85,58991996.75675675,Consumer Discretionary,Marine Transportation,,2026-09-24,nasdaq_screener,
HMY,Harmony Gold Mining Company Limited,11889199471.0,18.73,634767724.0256274,Basic Materials,Precious Metals,,2026-09-24,nasdaq_screener,
HNGE,Hinge Health Inc. Class A Common Stock,7446480801.0,92.28,80694417.00260077,Technology,EDP Services,2025,2026-09-24,nasdaq_screener,
HNI,HNI Corporation Common Stock,3404093688.0,47.16,72181800.0,Consumer Discretionary,Office Equipment/Supplies/Services,,2026-09-24,nasdaq_screener,
HNNA,Hennessy Advisors Inc. Common Stock,81968732.0,10.37,7904410.028929605,Finance,Investment Managers,,2026-09-24,nasdaq_screener,
HNRG,Hallador Energy Company Common Stock,684050110.0,14.51,47143356.99517574,Utilities,Electric Utilities: Central,,2026-09-24,nasdaq_screener,
HNST,The Honest Company Inc. Common Stock,555733083.0,5.18,107284378.95752896,Consumer Discretionary,Catalog/Specialty Distribution,2021,2026-09-24,nasdaq_screener,
HNVR,Hanover Bancorp Inc. Common Stock,184499338.0,26.15,7055424.015296368,Finance,Major Banks,2022,2026-09-24,nasdaq_screener,
HODO,House of Doge Inc. Common Stock,15628518.0,0.1753,89152983.45693097,Finance,Finance: Consumer Services,2025,2026-09-24,nasdaq_screener,
HOFT,Hooker Furnishings Corporation Common Stock,142633908.0,13.34,10692197.00149925,Consumer Discretionary,Home Furnishings,,2026-09-24,nasdaq_screener,
HOG,Harley-Davidson Inc. Common Stock,2703803732.0,25.98,104072507.00538875,Consumer Discretionary,Motor Vehicles,,2026-09-24,nasdaq_screener,
HOLO,MicroCloud Hologram Inc. Ordinary Shares,38951012.0,1.7,22912360.0,Technology,Computer Software: Programming Data Processing,2021,2026-09-24,nasdaq_screener,
HOMB,Home BancShares Inc. Common Stock,5769431329.0,28.84,200049629.99306518,Finance,Major Banks,2006,2026-09-24,nasdaq_screener,
HON,Honeywell International Inc. Common Stock,67371937926.0,212.57,316940010.0014113,Industrials,Aerospace,,2026-09-24,nasdaq_screener,
HONA,Honeywell Aerospace Inc. Common Stock ,51767888574.0,163.33,316952724.99846935,Industrials,Aerospace,,2026-09-24,nasdaq_screener,
HOOD,Robinhood Markets Inc. Class A Common Stock,110317394897.0,122.7,899082272.999185,Finance,Investment Bankers/Brokers/Service,2021,2026-09-24,nasdaq_screener,
HOPE,Hope Bancorp Inc. Common Stock,1739843806.0,13.62,127741835.97650515,Finance,Major Banks,,2026-09-24,nasdaq_screener,
HOS,Hornbeck Offshore Services Inc. Common Stock,1855091001.0,8.35,222166586.9461078,Energy,Oilfield Services/Equipment,,2026-09-24,nasdaq_screener,
HOST,Host Digital Inc. Class A Common Stock,225602568.0,8.0,28200321.0,Consumer Staples,Food Chains,2024,2026-09-24,nasdaq_screener,
HOUR,Hour Loop Inc. Common Stock,61247687.0,1.74,35199820.11494253,Consumer Discretionary,Catalog/Specialty Distribution,2022,2026-09-24,nasdaq_screener,
HOV,Hovnanian Enterprises Inc. Class A Common Stock,686817724.0,115.24,5959890.003471017,Consumer Discretionary,Homebuilding,1983,2026-09-24,nasdaq_screener,
HOVR,New Horizon Aircraft Ltd. Class A Ordinary Share,113439460.0,1.69,67123940.82840237,Industrials,Aerospace,2023,2026-09-24,nasdaq_screener,
HOWL,Werewolf Therapeutics Inc. Common Stock,48083916.0,0.9894,48599066.100667074,Health Care,Biotechnology: Pharmaceutical Preparations,2021,2026-09-24,nasdaq_screener,
HP,Helmerich & Payne Inc. Common Stock,3953584664.0,39.56,99938944.99494438,Energy,Oil & Gas Production,,2026-09-24,nasdaq_screener,
HPAI,Helport AI Limited Ordinary Shares,11252661.0,0.2989,37646908.66510539,Technology,Computer Software: Prepackaged Software,,2026-09-24,nasdaq_screener,
HPE,Hewlett Packard Enterprise Company Common Stock,82740879675.0,62.33,1327464778.998877,Technology,Retail: Computer Software & Peripheral Equipment,2015,2026-09-24,nasdaq_screener,
HPK,HighPeak Energy Inc. Common Stock,997712624.0,7.89,126452804.05576679,Energy,Oil & Gas Production,,2026-09-24,nasdaq_screener,
HPP,Hudson Pacific Properties Inc. Common Stock,634401582.0,11.69,54268740.97519247,Finance,Real Estate,2010,2026-09-24,nasdaq_screener,
HPQ,HP Inc. Common Stock,29001597563.0,32.16,901790968.9987563,Technology,Computer Manufacturing,,2026-09-24,nasdaq_screener,
HQ,Horizon Quantum Holdings Ltd. Class A Ordinary Shares,802564830.0,14.87,53972080.0268998,Technology,EDP Services,,2026-09-24,nasdaq_screener,
HQH,abrdn Healthcare Investors Shares of Beneficial Interest,1022624482.0,21.6,47343726.018518515,Finance,Finance Companies,1987,2026-09-24,nasdaq_screener,
HQI,HireQuest Inc. Common Stock (DE),254370000.0,18.3,13900000.0,Consumer Discretionary,Professional Services,,2026-09-24,nasdaq_screener,
HQL,abrdn Life Sciences Investors Shares of Beneficial Interest,502293680.0,19.56,25679635.99182004,Finance,Investment Managers,1992,2026-09-24,nasdaq_screener,
HQY,HealthEquity Inc. Common Stock,7476635605.0,90.39,82715295.99513221,Consumer Discretionary,Business Services,2014,2026-09-24,nasdaq_screener,
HR,Healthcare Realty Trust Incorporated Common Stock,6155246890.0,17.96,342719760.0222717,Real Estate,Real Estate Investment Trusts,,2026-09-24,nasdaq_screener,
HRB,H&R Block Inc. Common Stock,5243732322.0,42.54,123265922.00282088,Consumer Discretionary,Other Consumer Services,,2026-09-24,nasdaq_screener,
HRI,Herc Holdings Inc. Common Stock ,4587797060.0,137.23,33431443.99912556,Industrials,Misc Corporate Leasing Services,2016,2026-09-24,nasdaq_screener,
HRL,Hormel Foods Corporation Common Stock,10962987936.0,19.92,550350800.0,Consumer Staples,Meat/Poultry/Fish,,2026-09-24,nasdaq_screener,
HRMY,Harmony Biosciences Holdings Inc. Common Stock,2357409189.0,40.48,58236393.00889329,Health Care,Biotechnology: Pharmaceutical Preparations,2020,2026-09-24,nasdaq_screener,
HROW,Harrow Inc. Common Stock,1259591760.0,33.6,37487850.0,Health Care,Biotechnology: Pharmaceutical Preparations,,2026-09-24,nasdaq_screener,
HRTG,Heritage Insurance Holdings Inc. Common Stock,983250997.0,33.07,29732415.996371333,Finance,Property-Casualty Insurers,2014,2026-09-24,nasdaq_screener,
HRTX,Heron Therapeutics Inc. Common Stock,55247021.0,0.291,189852305.8419244,Health Care,Biotechnology: Pharmaceutical Preparations,,2026-09-24,nasdaq_screener,
HRZN,Horizon Technology Finance Corporation Common Stock,309026320.0,4.61,67033908.893709324,Finance,Finance: Consumer Services,2010,2026-09-24,nasdaq_screener,
HSBC,HSBC Holdings plc. Common Stock,344192170289.0,100.25,3433338356.997506,Finance,Savings Institutions,,2026-09-24,nasdaq_screener,
HSCS,HeartSciences Inc. Common Stock,21696777.0,4.52,4800171.902654868,Health Care,Industrial Specialties,2022,2026-09-24,nasdaq_screener,
HSDT,Solana Company Class A Common Stock (DE),174121065.0,2.88,60458703.125,Health Care,Biotechnology: Electromedical & Electrotherapeutic Apparatus,,2026-09-24,nasdaq_screener,
HSHP,Himalaya Shipping Ltd. Common Shares,849915000.0,18.18,46750000.0,Consumer Discretionary,Marine Transportation,2023,2026-09-24,nasdaq_screener,
HSIC,Henry Schein Inc. Common Stock,9478528397.0,85.05,111446541.99882422,Health Care,Medical Specialities,1995,2026-09-24,nasdaq_screener,
HSLV,Highlander Silver Corp. Common Shares,1109202628.0,5.45,203523417.98165137,,,,2026-09-24,nasdaq_screener,
HST,Host Hotels & Resorts Inc. Common Stock,15175505438.0,22.15,685124399.006772,Real Estate,Real Estate Investment Trusts,,2026-09-24,nasdaq_screener,
HSTM,HealthStream Inc. Common Stock,879937710.0,28.76,30595886.995827537,Technology,Computer Software: Programming Data Processing,2000,2026-09-24,nasdaq_screener,
HSY,The Hershey Company Common Stock,33845926922.0,168.45,200925657.0020778,Consumer Staples,Specialty Foods,,2026-09-24,nasdaq_screener,
HTB,HomeTrust Bancshares Inc. Common Stock,754698668.0,45.21,16693180.004423799,Finance,Savings Institutions,,2026-09-24,nasdaq_screener,
HTCO,High-Trend International Group Class A Ordinary Shares,15942565.0,2.36,6755324.152542373,Consumer Discretionary,Marine Transportation,,2026-09-24,nasdaq_screener,
HTCR,Heartcore Enterprises Inc. Common Stock,3077328.0,2.0308,1515327.9495765215,Technology,EDP Services,2022,2026-09-24,nasdaq_screener,
HTFL,Heartflow Inc. Common Stock,4120732384.0,47.39,86953627.0099177,Health Care,Medical/Dental Instruments,2025,2026-09-24,nasdaq_screener,
HTGC,Hercules Capital Inc. Common Stock,3176173080.0,16.97,187164000.0,Finance,Investment Managers,2012,2026-09-24,nasdaq_screener,
HTH,Hilltop Holdings Inc.,2186622537.0,38.17,57286417.00288184,Finance,Major Banks,,2026-09-24,nasdaq_screener,
HTLD,Heartland Express Inc. Common Stock,903244896.0,11.68,77332610.95890412,Industrials,Trucking Freight/Courier Services,1986,2026-09-24,nasdaq_screener,
HTLM,HomesToLife Ltd Ordinary Shares,159643750.0,1.78,89687500.0,Consumer Discretionary,Other Specialty Stores,2024,2026-09-24,nasdaq_screener,
HTO,H2O America Common Stock,2603493209.0,62.2,41856804.00321543,Utilities,Water Supply,,2026-09-24,nasdaq_screener,
HTOO,Fusion Fuel Green PLC Class A Ordinary Shares,16761258.0,2.23,7516259.1928251125,Technology,Industrial Machinery/Components,,2026-09-24,nasdaq_screener,
HTT,High Templar Tech Limited American depositary shares each representing one Class A ordinary share,378891750.0,2.44,155283504.09836066,Finance,Finance: Consumer Services,2017,2026-09-24,nasdaq_screener,
HTZ,Hertz Global Holdings Inc Common Stock,620225424.0,1.74,356451393.1034483,Consumer Discretionary,Rental/Leasing Companies,,2026-09-24,nasdaq_screener,
HUBB,Hubbell Inc Common Stock,24498463173.0,463.7,52832571.00064697,Technology,Electrical Products,2015,2026-09-24,nasdaq_screener,
HUBC,Hub Cyber Security Ltd. Ordinary Shares,4291918.0,3.21,1337046.105919003,Telecommunications,Computer Communications Equipment,,2026-09-24,nasdaq_screener,
HUBG,Hub Group Inc. Class A Common Stock,1920220214.0,31.4,61153510.0,Industrials,Integrated Freight & Logistics,1996,2026-09-24,nasdaq_screener,
HUBS,HubSpot Inc. Common Stock,11271257412.0,226.03,49866200.999867275,Technology,Computer Software: Prepackaged Software,2014,2026-09-24,nasdaq_screener,
HUDI,Huadi International Group Co. Ltd. Ordinary Shares,10524599.0,0.735,14319182.312925171,Industrials,Steel/Iron Ore,2021,2026-09-24,nasdaq_screener,
HUHU,HUHUTECH International Group Inc. Ordinary Shares,150413119.0,5.9,25493748.983050846,Telecommunications,Metal Fabrications,2024,2026-09-24,nasdaq_screener,
HUM,Humana Inc. Common Stock,45003697832.0,374.78,120080307.99935964,Health Care,Medical Specialities,,2026-09-24,nasdaq_screener,
HUMA,Humacyte Inc. Common Stock,157150388.0,0.5657,277798105.0026516,Health Care,Biotechnology: Biological Products (No Diagnostic Substances),2020,2026-09-24,nasdaq_screener,
HUN,Huntsman Corporation Common Stock,1595945406.0,9.1,175378616.04395604,Industrials,Major Chemicals,2005,2026-09-24,nasdaq_screener,
HURA,TuHURA Biosciences Inc. Common Stock,130639565.0,2.05,63726617.07317074,Health Care,Biotechnology: Pharmaceutical Preparations,,2026-09-24,nasdaq_screener,
HURC,Hurco Companies Inc. Common Stock,137298026.0,21.2,6476321.981132076,Industrials,Industrial Machinery/Components,,2026-09-24,nasdaq_screener,
HURN,Huron Consulting Group Inc. Common Stock,2544179614.0,159.91,15910072.003001688,Consumer Discretionary,Professional Services,2004,2026-09-24,nasdaq_screener,
HUT,Hut 8 Corp. Common Stock,12629165091.0,102.46,123259467.99726723,Finance,Finance: Consumer Services,,2026-09-24,nasdaq_screener,
HUYA,HUYA Inc. American depositary shares each  representing one Class A ordinary share,529809336.0,2.32,228366093.1034483,Technology,Computer Software: Programming Data Processing,2018,2026-09-24,nasdaq_screener,
HVMC,Highview Merger Corp. Class A Ordinary Share,0.0,10.26,,,,2025,2026-09-24,nasdaq_screener,
HVT,Haverty Furniture Companies Inc. Common Stock,428824715.0,27.5,15593626.0,Consumer Discretionary,Other Specialty Stores,,2026-09-24,nasdaq_screener,
HWBK,Hawthorn Bancshares Inc. Common Stock,262984839.0,38.11,6900678.011020729,Finance,Major Banks,,2026-09-24,nasdaq_screener,
HWC,Hancock Whitney Corporation Common Stock,5807347169.0,72.39,80223058.00524934,Finance,Major Banks,,2026-09-24,nasdaq_screener,
HWKN,Hawkins Inc. Common Stock,2588305757.0,123.99,20875117.00137108,Consumer Discretionary,Specialty Chemicals,,2026-09-24,nasdaq_screener,
HWM,Howmet Aerospace Inc. Common Stock,91237784063.0,228.78,398801398.9990384,Industrials,Metal Fabrications,,2026-09-24,nasdaq_screener,
HXHX,Haoxin Holdings Limited Class A Ordinary Shares,5836480.0,0.3965,14720000.0,Industrials,Trucking Freight/Courier Services,2025,2026-09-24,nasdaq_screener,
HXL,Hexcel Corporation Common Stock,6512691686.0,86.12,75623451.99721318,Industrials,Major Chemicals,,2026-09-24,nasdaq_screener,
HY,Hyster-Yale Inc. Class A common stock,589730428.0,32.89,17930386.986926116,Industrials,Construction/Ag Equipment/Trucks,,2026-09-24,nasdaq_screener,
HYFM,Hydrofarm Holdings Group Inc. Common Stock,4723418.0,0.9801,4819322.518110397,Consumer Discretionary,Consumer Specialties,2020,2026-09-24,nasdaq_screener,
HYFT,MindWalk Holdings Corp. Common Stock,65485219.0,1.39,47111668.34532374,Health Care,Biotechnology: Pharmaceutical Preparations,,2026-09-24,nasdaq_screener,
HYLN,Hyliion Holdings Corp. Class A Common Stock,739392483.0,4.14,178597218.11594203,Consumer Discretionary,Construction/Ag Equipment/Trucks,2019,2026-09-24,nasdaq_screener,
HYMC,Hycroft Mining Holding Corporation Class A Common Stock,1981042538.0,21.26,93181680.9971778,Basic Materials,Precious Metals,2018,2026-09-24,nasdaq_screener,
HYNE,Hoyne Bancorp Inc. Common Stock,133113661.0,16.44,8096938.01703163,Finance,Banks,2025,2026-09-24,nasdaq_screener,
HYPD,Hyperion DeFi Inc. Common Stock,60914581.0,3.92,15539433.92857143,Health Care,Biotechnology: Pharmaceutical Preparations,2018,2026-09-24,nasdaq_screener,
HYPR,Hyperfine Inc. Class A Common Stock,83778449.0,0.79,106048669.62025316,Health Care,Biotechnology: Electromedical & Electrotherapeutic Apparatus,2021,2026-09-24,nasdaq_screener,
HZO,MarineMax Inc.  (FL) Common Stock,1157787225.0,52.42,22086745.99389546,Consumer Discretionary,Auto & Home Supply Stores,1998,2026-09-24,nasdaq_screener,
IA,Innovative Solutions and Support Inc. Common Stock,324512006.0,18.13,17899172.972972974,Technology,EDP Services,,2026-09-24,nasdaq_screener,
IACO,Idea Acquisition Corp. Class A Ordinary Shares,0.0,9.995,,Finance,Blank Checks,2026,2026-09-24,nasdaq_screener,
IACQ,Irenic Acquisition Corp. Class A Ordinary Shares,0.0,9.99,,Finance,Blank Checks,2026,2026-09-24,nasdaq_screener,
IAG,Iamgold Corporation Ordinary Shares,11357190000.0,19.89,571000000.0,Basic Materials,Precious Metals,,2026-09-24,nasdaq_screener,
IART,Integra LifeSciences Holdings Corporation Common Stock,1207807018.0,15.53,77772505.98840953,Health Care,Medical/Dental Instruments,,2026-09-24,nasdaq_screener,
IAUX,i-80 Gold Corp. Common Shares,1515327945.0,1.75,865901682.8571428,Basic Materials,Precious Metals,2022,2026-09-24,nasdaq_screener,
IBAC,IB Acquisition Corp. Common Stock,0.0,11.4,,Finance,Blank Checks,2024,2026-09-24,nasdaq_screener,
IBCP,Independent Bank Corporation Common Stock,783635114.0,35.3,22199295.014164306,Finance,Major Banks,,2026-09-24,nasdaq_screener,
IBEX,IBEX Limited Common Shares,566466526.0,42.66,13278633.98968589,Technology,EDP Services,2020,2026-09-24,nasdaq_screener,
IBG,Innovation Beverage Group Limited Ordinary Shares,4009918.0,0.9501,4220522.050310493,Consumer Staples,Beverages (Production/Distribution),2024,2026-09-24,nasdaq_screener,
IBIO,iBio Inc. Common Stock,80062534.0,1.245,64307256.22489959,Health Care,Biotechnology: Pharmaceutical Preparations,,2026-09-24,nasdaq_screener,
IBKR,Interactive Brokers Group Inc. Class A Common Stock,41483837337.0,91.56,453078171.00262123,Finance,Investment Bankers/Brokers/Service,2019,2026-09-24,nasdaq_screener,
IBM,International Business Machines Corporation Common Stock,219291200616.0,232.76,942134389.9982815,Technology,Computer Manufacturing,,2026-09-24,nasdaq_screener,
IBN,ICICI Bank Limited Common Stock,99919370914.0,27.91,3580056284.9874597,Finance,Commercial Banks,,2026-09-24,nasdaq_screener,
IBO,Impact BioMedical Inc. Common Stock,56644592.0,6.63,8543679.0346908,Health Care,Biotechnology: Pharmaceutical Preparations,2024,2026-09-24,nasdaq_screener,
IBOC,International Bancshares Corporation Common Stock,4298055533.0,69.11,62191514.00665606,Finance,Major Banks,,2026-09-24,nasdaq_screener,
IBP,Installed Building Products Inc. Common Stock,5389991304.0,202.79,26579177.000838306,Consumer Discretionary,Homebuilding,2014,2026-09-24,nasdaq_screener,
IBRX,ImmunityBio Inc. Common Stock,9146387036.0,8.63,1059836273.0011586,Health Care,Biotechnology: Biological Products (No Diagnostic Substances),2015,2026-09-24,nasdaq_screener,
IBTA,Ibotta Inc. Class A Common Stock,954819793.0,41.21,23169614.001455955,Consumer Discretionary,Advertising,2024,2026-09-24,nasdaq_screener,
ICCC,ImmuCell Corporation Common Stock,90731148.0,9.99,9082196.996996997,Health Care,Biotechnology: In Vitro & In Vivo Diagnostic Substances,1987,2026-09-24,nasdaq_screener,
ICCM,IceCure Medical Ltd. Ordinary Shares,6407321.0,1.87,3426374.86631016,Health Care,Medical/Dental Instruments,,2026-09-24,nasdaq_screener,
ICE,Intercontinental Exchange Inc. Common Stock,87774028042.0,156.35,561394486.9971218,Finance,Investment Bankers/Brokers/Service,2005,2026-09-24,nasdaq_screener,
ICFI,ICF International Inc. Common Stock,1500707413.0,83.68,17933883.998565964,Consumer Discretionary,Professional Services,2006,2026-09-24,nasdaq_screener,
ICHR,Ichor Holdings Ordinary Shares,2187326974.0,58.4,37454229.00684932,Technology,Semiconductors,2016,2026-09-24,nasdaq_screener,
ICL,ICL Group Ltd. Ordinary Shares,6840565464.0,5.3,1290672729.056604,Industrials,Agricultural Chemicals,2014,2026-09-24,nasdaq_screener,
ICLR,ICON plc Ordinary Shares,12549384568.0,163.9,76567325.00305064,Health Care,Biotechnology: Commercial Physical & Biological Resarch,1998,2026-09-24,nasdaq_screener,
ICMB,Investcorp Credit Management BDC Inc. Common Stock,12557694.0,0.8701,14432472.129640272,Finance,Finance: Consumer Services,2014,2026-09-24,nasdaq_screener,
ICON,Icon Energy Corp. Common stock,3721721.0,0.99,3759314.1414141413,Consumer Discretionary,Marine Transportation,2024,2026-09-24,nasdaq_screener,
ICU,SeaStar Medical Holding Corporation Common Stock,15556149.0,3.53,4406841.0764872525,Health Care,Medical/Dental Instruments,2021,2026-09-24,nasdaq_screener,
ICUI,ICU Medical Inc. Common Stock,4084149446.0,163.32,25007037.99902033,Health Care,Medical/Dental Instruments,1992,2026-09-24,nasdaq_screener,
IDA,IDACORP Inc. Common Stock,7441957252.0,128.66,57842042.99704648,Utilities,Electric Utilities: Central,,2026-09-24,nasdaq_screener,
IDAC,Iron Dome Acquisition I Corp. Class A Ordinary Shares,0.0,10.025,,,,2026,2026-09-24,nasdaq_screener,
IDAI,T Stamp Inc. Class A Common Stock,16579516.0,2.94,5639291.156462586,Technology,Computer Software: Prepackaged Software,,2026-09-24,nasdaq_screener,
IDCC,InterDigital Inc. Common Stock,8426951586.0,326.55,25806007.000459347,Miscellaneous,Multi-Sector Companies,,2026-09-24,nasdaq_screener,
IDN,Intellicheck Inc. Common Stock,47424179.0,2.34,20266743.162393164,Technology,Computer Software: Prepackaged Software,1999,2026-09-24,nasdaq_screener,
IDR,Idaho Strategic Resources Inc. Common Stock,475101623.0,30.02,15826169.98667555,Basic Materials,Precious Metals,2022,2026-09-24,nasdaq_screener,
IDT,IDT Corporation Class B Common Stock,1687829574.0,67.87,24868565.993811697,Telecommunications,Telecommunications Equipment,,2026-09-24,nasdaq_screener,
IDXX,IDEXX Laboratories Inc. Common Stock,41125318174.0,522.02,78781115.999387,Health Care,Biotechnology: In Vitro & In Vivo Diagnostic Substances,1991,2026-09-24,nasdaq_screener,
IDYA,IDEAYA Biosciences Inc. Common Stock,3614496071.0,37.46,96489484.00961025,Health Care,Biotechnology: Pharmaceutical Preparations,2019,2026-09-24,nasdaq_screener,
IE,Ivanhoe Electric Inc. Common Stock,1659738694.0,10.4,159590259.03846154,Basic Materials,Metal Mining,2022,2026-09-24,nasdaq_screener,
IEAG,Infinite Eagle Acquisition Corp. Class A Ordinary Shares,0.0,10.22,,Finance,Blank Checks,2026,2026-09-24,nasdaq_screener,
IESC,IES Holdings Inc. Common Stock,12740828688.0,319.73,39848712.00075063,Industrials,Engineering & Construction,,2026-09-24,nasdaq_screener,
IEX,IDEX Corporation Common Stock,16931248514.0,229.67,73719895.9986067,Industrials,Fluid Controls,1989,2026-09-24,nasdaq_screener,
IFBD,Infobird Co. Ltd Ordinary Shares,8069840.0,0.9855,8188574.3277524095,Technology,Computer Software: Prepackaged Software,2021,2026-09-24,nasdaq_screener,
IFF,International Flavors & Fragrances Inc. Common Stock,21868903329.0,85.71,255149963.00315017,Industrials,Major Chemicals,,2026-09-24,nasdaq_screener,
IFRX,InflaRx N.V. Common Stock,288841713.0,1.96,147368220.91836736,Health Care,Biotechnology: Pharmaceutical Preparations,2017,2026-09-24,nasdaq_screener,
IFS,Intercorp Financial Services Inc. Common Shares,6103889109.0,55.29,110397704.9918611,Finance,Commercial Banks,2019,2026-09-24,nasdaq_screener,
IGAC,Invest Green Acquisition Corporation Class A Ordinary Shares,0.0,10.1,,Finance,Blank Checks,2025,2026-09-24,nasdaq_screener,
IGC,IGC Pharma Inc. Common Stock,29578165.0,0.2861,103384009.08773156,Health Care,Biotechnology: Pharmaceutical Preparations,,2026-09-24,nasdaq_screener,
IGI,Western Asset Investment Grade Opportunity Trust Inc. Common Stock,0.0,15.95,,Finance,Investment Managers,2009,2026-09-24,nasdaq_screener,
IGIC,International General Insurance Holdings Ltd. Ordinary Share,1049205870.0,24.49,42842216.00653328,Finance,Property-Casualty Insurers,2018,2026-09-24,nasdaq_screener,
IH,iHuman Inc. American depositary shares each representing five Class A ordinary shares,60313177.0,1.18,51112861.86440678,Real Estate,Other Consumer Services,2020,2026-09-24,nasdaq_screener,
IHRT,iHeartMedia Inc. Class A Common Stock,314192948.0,2.35,133699126.80851063,Consumer Discretionary,Broadcasting,,2026-09-24,nasdaq_screener,
IHS,IHS Holding Limited Ordinary Shares,2825088689.0,8.42,335521221.97149646,Telecommunications,Telecommunications Equipment,2021,2026-09-24,nasdaq_screener,
IHT,InnSuites Hospitality Trust Shares of Beneficial Interest,16051134.0,1.43,11224569.230769232,Real Estate,Real Estate Investment Trusts,1999,2026-09-24,nasdaq_screener,
III,Information Services Group Inc. Common Stock,259012022.0,5.35,48413462.05607477,Consumer Discretionary,Professional Services,,2026-09-24,nasdaq_screener,
IIIN,Insteel Industries Inc. Common Stock,571649034.0,29.53,19358247.003047746,Industrials,Steel/Iron Ore,,2026-09-24,nasdaq_screener,
IIIV,i3 Verticals Inc. Class A Common Stock,397462336.0,15.1,26322009.006622516,Technology,Computer Software: Prepackaged Software,2018,2026-09-24,nasdaq_screener,
IIM,Invesco Value Municipal Income Trust Common Stock,538933627.0,11.45,47068439.03930131,Finance,Investment Managers,,2026-09-24,nasdaq_screener,
IIPR,Innovative Industrial Properties Inc. Common Stock,1524144173.0,55.28,27571349.00506512,Finance,Real Estate,2016,2026-09-24,nasdaq_screener,
IKT,Inhibikase Therapeutics Inc. Common Stock,300002185.0,2.15,139535900.0,Health Care,Biotechnology: Biological Products (No Diagnostic Substances),2020,2026-09-24,nasdaq_screener,
ILAG,Intelligent Living Application Group Inc. Ordinary Shares,6438539.0,3.1,2076948.064516129,Consumer Discretionary,Office Equipment/Supplies/Services,2022,2026-09-24,nasdaq_screener,
ILLR,Triller Group Inc. Common Stock,7887642.0,0.385,20487381.818181816,Finance,Investment Managers,2019,2026-09-24,nasdaq_screener,
ILLU,Illumination Acquisition Corp I Class A Ordinary Shares,102442145.0,9.98,10264743.987975951,Finance,Blank Checks,2026,2026-09-24,nasdaq_screener,
ILMN,Illumina Inc. Common Stock,38562380000.0,255.38,151000000.0,Health Care,Medical Specialities,2000,2026-09-24,nasdaq_screener,
ILPT,Industrial Logistics Properties Trust Common Shares of Beneficial Interest,498591731.0,7.47,66745880.99062919,Real Estate,Real Estate Investment Trusts,2018,2026-09-24,nasdaq_screener,
IMA,ImageneBio Inc. Common Stock,54941047.0,4.84,11351455.991735537,Health Care,Biotechnology: Biological Products (No Diagnostic Substances),2021,2026-09-24,nasdaq_screener,
IMAX,Imax Corporation Common Stock,2923084676.0,53.3,54842113.99624766,Consumer Discretionary,Industrial Machinery/Components,,2026-09-24,nasdaq_screener,
IMC,IMC Rare Earths Ltd Ordinary Shares,744108000.0,7.08,105100000.0,Basic Materials,Metal Mining,2026,2026-09-24,nasdaq_screener,
IMCC,IM Cannabis Corp. Common Shares,1757413.0,2.91,603921.9931271478,Health Care, Medicinal Chemicals and Botanical Products ,,2026-09-24,nasdaq_screener,
IMDX,Insight Molecular Diagnostics Inc. Common Stock,127951950.0,3.91,32724283.88746803,Health Care,Biotechnology: In Vitro & In Vivo Diagnostic Substances,,2026-09-24,nasdaq_screener,
IMKTA,Ingles Markets Incorporated Class A Common Stock,1577862814.0,83.07,18994375.99614783,Consumer Staples,Food Chains,1987,2026-09-24,nasdaq_screener,
IMMR,Immersion Corporation Common Stock,244728522.0,7.37,33206040.976933513,Technology,Computer peripheral equipment,1999,2026-09-24,nasdaq_screener,
IMMX,Immix Biopharma Inc. Common Stock,852748623.0,11.92,71539314.01006712,Health Care,Biotechnology: Pharmaceutical Preparations,2021,2026-09-24,nasdaq_screener,
IMNM,Immunome Inc. Common Stock,2753121727.0,24.24,113577629.00165017,Health Care,Biotechnology: Pharmaceutical Preparations,2020,2026-09-24,nasdaq_screener,
IMNN,Imunon Inc. Common Stock,8248762.0,1.47,5611402.7210884355,Health Care,Biotechnology: Pharmaceutical Preparations,,2026-09-24,nasdaq_screener,
IMO,Imperial Oil Limited Common Stock,60328226750.0,124.75,483593000.0,Energy,Integrated oil Companies,1929,2026-09-24,nasdaq_screener,
IMPP,Imperial Petroleum Inc. Common Shares,239632387.0,5.3,45213657.9245283,Consumer Discretionary,Marine Transportation,,2026-09-24,nasdaq_screener,
IMRX,Immuneering Corporation Class A Common Stock,283374621.0,4.38,64697402.05479452,Health Care,Biotechnology: Pharmaceutical Preparations,2021,2026-09-24,nasdaq_screener,
IMSR,Terrestrial Energy Inc. Common Stock  ,469293175.0,4.43,105935253.9503386,Industrials,Metal Fabrications,2024,2026-09-24,nasdaq_screener,
IMTE,Integrated Media Technology Limited Ordinary Shares,1747342.0,0.507,3446433.9250493096,Consumer Staples,Consumer Electronics/Appliances,,2026-09-24,nasdaq_screener,
IMTX,Immatics N.V. Ordinary Shares,1286832414.0,8.6,149631676.04651162,Health Care,Biotechnology: Biological Products (No Diagnostic Substances),,2026-09-24,nasdaq_screener,
IMUX,Immunic Inc. Common Stock,127848656.0,9.37,13644467.022411954,Health Care,Biotechnology: Pharmaceutical Preparations,2014,2026-09-24,nasdaq_screener,
IMVT,Immunovant Inc. Common Stock,7134329636.0,34.54,206552681.99189347,Health Care,Biotechnology: Biological Products (No Diagnostic Substances),2019,2026-09-24,nasdaq_screener,
IMXI,International Money Express Inc. Common Stock,345318897.0,11.43,30211627.034120735,Consumer Discretionary,Business Services,2017,2026-09-24,nasdaq_screener,
INAB,IN8bio Inc. Common Stock,10844221.0,1.1,9858382.727272727,Health Care,Biotechnology: Biological Products (No Diagnostic Substances),2021,2026-09-24,nasdaq_screener,
INAC,Indigo Acquisition Corp. Ordinary Shares,0.0,10.36,,,,2025,2026-09-24,nasdaq_screener,
INBK,First Internet Bancorp Common Stock,227684274.0,26.07,8733573.993095512,Finance,Major Banks,,2026-09-24,nasdaq_screener,
INBS,Intelligent Bio Solutions Inc. Common Stock,5870741.0,1.77,3316802.824858757,Health Care,Medical/Dental Instruments,2020,2026-09-24,nasdaq_screener,
INBX,Inhibrx Biosciences Inc. Common Stock,1476622828.0,100.33,14717660.001993421,Health Care,Biotechnology: Biological Products (No Diagnostic Substances),,2026-09-24,nasdaq_screener,
INCR,Intercure Ltd. Ordinary Shares,64796039.0,5.47,11845710.96892139,Health Care,Biotechnology: Pharmaceutical Preparations,,2026-09-24,nasdaq_screener,
INCY,Incyte Corp. Common Stock,25264247061.0,124.64,202697745.99646983,Health Care,Biotechnology: Commercial Physical & Biological Resarch,,2026-09-24,nasdaq_screener,
INDB,Independent Bank Corp. Common Stock,3779580409.0,79.79,47369098.99736809,Finance,Major Banks,,2026-09-24,nasdaq_screener,
INDI,indie Semiconductor Inc. Class A Common Stock,711653271.0,3.07,231808883.06188926,Technology,Semiconductors,,2026-09-24,nasdaq_screener,
INDO,Indonesia Energy Corporation Limited Ordinary Shares,44006362.0,2.86,15386839.860139862,Energy,Oil & Gas Production,2019,2026-09-24,nasdaq_screener,
INDP,Indaptus Therapeutics Inc. Common Stock,502323561.0,3.77,133242323.87267904,Health Care,Biotechnology: Pharmaceutical Preparations,,2026-09-24,nasdaq_screener,
INDV,Indivior Pharmaceuticals Inc. Common Stock,4238526750.0,35.91,118031934.00167085,Health Care,Biotechnology: Pharmaceutical Preparations,,2026-09-24,nasdaq_screener,
INEO,INNEOVA Holdings Limited Class A Ordinary Shares,8369915.0,0.5176,16170624.034003092,Consumer Discretionary,Motor Vehicles,2024,2026-09-24,nasdaq_screener,
INFQ,Infleqtion Inc. Common Stock,3116688029.0,13.83,225357051.98843095,Technology,EDP Services,2026,2026-09-24,nasdaq_screener,
INFU,InfuSystems Holdings Inc. Common Stock,252948199.0,12.7,19917181.023622047,Health Care,Medical/Dental Instruments,,2026-09-24,nasdaq_screener,
ING,ING Group N.V. Common Stock,104255561753.0,35.92,2902437688.0011134,Finance,Commercial Banks,1997,2026-09-24,nasdaq_screener,
INGM,Ingram Micro Holding Corporation Common Stock,6299376598.0,27.31,230661903.991212,Technology,Retail: Computer Software & Peripheral Equipment,2024,2026-09-24,nasdaq_screener,
INGN,Inogen Inc Common Stock,135080135.0,5.09,26538336.935166996,Health Care,Industrial Specialties,2014,2026-09-24,nasdaq_screener,
INGR,Ingredion Incorporated Common Stock,6105854447.0,96.82,63063979.00227226,Consumer Staples,Packaged Foods,,2026-09-24,nasdaq_screener,
INHD,Inno Holdings Inc. Common Stock,7939830.0,3.15,2520580.9523809524,Industrials,Steel/Iron Ore,2023,2026-09-24,nasdaq_screener,
INIO,INNIO N.V. Ordinary Shares,14992500000.0,19.99,750000000.0,Consumer Discretionary,Metal Fabrications,2026,2026-09-24,nasdaq_screener,
INKT,MiNK Therapeutics Inc. Common Stock,63022075.0,12.35,5103002.024291499,Health Care,Biotechnology: Biological Products (No Diagnostic Substances),2021,2026-09-24,nasdaq_screener,
INLF,INLIF LIMITED Class A Ordinary Shares,3172767.0,2.91,1090297.93814433,Industrials,Industrial Machinery/Components,2025,2026-09-24,nasdaq_screener,
INLX,Intellinetics Inc. Common Stock,23868418.0,5.31,4494993.973634652,Technology,Computer Software: Prepackaged Software,2022,2026-09-24,nasdaq_screener,
INM,InMed Pharmaceuticals Inc. Common Shares,7581354.0,1.38,5493734.782608696,Health Care,Biotechnology: Pharmaceutical Preparations,,2026-09-24,nasdaq_screener,
INMB,INmune Bio Inc. Common stock,55507578.0,2.0,27753789.0,Health Care,Biotechnology: Biological Products (No Diagnostic Substances),2019,2026-09-24,nasdaq_screener,
INMD,InMode Ltd. Ordinary Shares,815652155.0,14.19,57480772.0225511,Health Care,Biotechnology: Electromedical & Electrotherapeutic Apparatus,2019,2026-09-24,nasdaq_screener,
INN,Summit Hotel Properties Inc. Common Stock,611529135.0,5.67,107853462.96296297,Real Estate,Real Estate Investment Trusts,2011,2026-09-24,nasdaq_screener,
INNV,InnovAge Holding Corp. Common Stock,1228062825.0,9.0,136451425.0,Health Care,Medical/Nursing Services,2021,2026-09-24,nasdaq_screener,
INO,Inovio Pharmaceuticals Inc. Common Stock,129246898.0,1.25,103397518.4,Health Care,Biotechnology: Pharmaceutical Preparations,,2026-09-24,nasdaq_screener,
INOD,Innodata Inc. Common Stock,2475207045.0,71.99,34382650.9931935,Technology,EDP Services,1993,2026-09-24,nasdaq_screener,
INR,Infinity Natural Resources Inc. Class A Common Stock,826392022.0,13.03,63422258.01995396,Energy,Oil & Gas Production,2025,2026-09-24,nasdaq_screener,
INSE,Inspired Entertainment Inc. Common Stock,118876258.0,4.51,26358372.062084258,Technology,Computer Software: Prepackaged Software,2014,2026-09-24,nasdaq_screener,
INSG,Inseego Corp. Common Stock,67242324.0,4.095,16420591.941391943,Telecommunications,Telecommunications Equipment,,2026-09-24,nasdaq_screener,
INSM,Insmed Incorporated Common Stock,25843267065.0,118.34,218381502.999831,Health Care,Biotechnology: Pharmaceutical Preparations,,2026-09-24,nasdaq_screener,
INSP,Inspire Medical Systems Inc. Common Stock,1996550498.0,69.06,28910375.00724008,Health Care,Medical/Dental Instruments,2018,2026-09-24,nasdaq_screener,
INSW,International Seaways Inc. Common Stock ,5050212470.0,101.96,49531311.00431542,Consumer Discretionary,Marine Transportation,2016,2026-09-24,nasdaq_screener,
INTA,Intapp Inc. Common Stock,2789596456.0,36.46,76511147.99780582,Technology,Computer Software: Prepackaged Software,2021,2026-09-24,nasdaq_screener,
INTC,Intel Corporation Common Stock,647949522049.0,122.6,5285069511.0032625,Technology,Semiconductors,,2026-09-24,nasdaq_screener,
INTG,Intergroup Corporation (The) Common Stock,78066340.0,36.33,2148812.0011010184,Real Estate,Building operators,,2026-09-24,nasdaq_screener,
INTJ,Intelligent Group Limited Class A Ordinary Shares ,4028245.0,2.62,1537498.0916030533,Consumer Discretionary,Professional Services,2024,2026-09-24,nasdaq_screener,
INTR,Inter & Co. Inc. Class A Common Shares,2312525514.0,5.24,441321662.97709924,Finance,Commercial Banks,,2026-09-24,nasdaq_screener,
INTS,Intensity Therapeutics Inc. Common stock,13386004.0,4.1,3264879.0243902444,Health Care,Biotechnology: Biological Products (No Diagnostic Substances),2023,2026-09-24,nasdaq_screener,
INTT,inTest Corporation Common Stock,147368281.0,11.49,12825785.987815492,Industrials,Electrical Products,1997,2026-09-24,nasdaq_screener,
INTU,Intuit Inc. Common Stock,76643284800.0,286.8,267236000.0,Technology,Computer Software: Prepackaged Software,1993,2026-09-24,nasdaq_screener,
INTZ,Intrusion Inc. Common Stock,18625284.0,0.76,24506952.63157895,Telecommunications,Computer Communications Equipment,,2026-09-24,nasdaq_screener,
INUV,Inuvo Inc.,9823915.0,0.596,16483078.859060403,Consumer Discretionary,Advertising,,2026-09-24,nasdaq_screener,
INV,Innventure Inc. Common Stock,70194660.0,0.8296,84612656.70202507,Finance,Blank Checks,,2026-09-24,nasdaq_screener,
INVA,Innoviva Inc. Common Stock,1462248616.0,20.24,72245484.98023716,Health Care,Biotechnology: Pharmaceutical Preparations,2004,2026-09-24,nasdaq_screener,
INVE,INVE Technologies Inc. Common Stock,58165807.0,2.4,24235752.916666668,Technology,Computer peripheral equipment,,2026-09-24,nasdaq_screener,
INVH,Invitation Homes Inc. Common Stock,15905483476.0,26.93,590623225.993316,Finance,Real Estate,2017,2026-09-24,nasdaq_screener,
INVX,Innovex International Inc. Common Stock,1987576203.0,28.42,69935826.98803659,Consumer Discretionary,Oil and Gas Field Machinery,,2026-09-24,nasdaq_screener,
INVZ,Innoviz Technologies Ltd. Ordinary shares,144752526.0,0.4081,354698666.99338394,Consumer Discretionary,Auto Parts:O.E.M.,,2026-09-24,nasdaq_screener,
IOND,Ionic Digital Inc. Class A Common Stock,3898468602.0,86.64,44996175.0,Finance,Finance: Consumer Services,,2026-09-24,nasdaq_screener,
IONQ,IonQ Inc. Common Stock,16207838438.0,42.54,381002314.0103432,Technology,EDP Services,2021,2026-09-24,nasdaq_screener,
IONS,Ionis Pharmaceuticals Inc. Common Stock,7300477265.0,43.93,166184321.9895288,Health Care,Biotechnology: Pharmaceutical Preparations,,2026-09-24,nasdaq_screener,
IOR,Income Opportunity Realty Investors Inc. Common Stock,74126425.0,18.23,4066178.003291278,Real Estate,Real Estate Investment Trusts,1987,2026-09-24,nasdaq_screener,
IOSP,Innospec Inc. Common Stock,2379359140.0,96.6,24631046.997929607,Industrials,Major Chemicals,,2026-09-24,nasdaq_screener,
IOT,Samsara Inc. Class A Common Stock,22885451568.0,39.08,585605209.0071648,Technology,EDP Services,2021,2026-09-24,nasdaq_screener,
IOTR,iOThree Limited Ordinary Shares,12606671.0,2.0788,6064398.21050606,Consumer Discretionary,Telecommunications Equipment,2025,2026-09-24,nasdaq_screener,
IOVA,Iovance Biotherapeutics Inc. Common Stock,4615778892.0,10.19,452971431.9921492,Health Care,Biotechnology: Biological Products (No Diagnostic Substances),,2026-09-24,nasdaq_screener,
IP,International Paper Company Common Stock,18905645252.0,35.7,529569895.01400554,Basic Materials,Paper,,2026-09-24,nasdaq_screener,
IPAR,Interparfums Inc. Common Stock,3759826689.0,117.4,32025780.996592842,Consumer Discretionary,Package Goods/Cosmetics,,2026-09-24,nasdaq_screener,
IPDN,Professional Diversity Network Inc. Common Stock,3608696.0,5.42,665811.0701107011,Technology,Computer Software: Programming Data Processing,2013,2026-09-24,nasdaq_screener,
IPEX,Inflection Point Acquisition Corp. V Class A Ordinary Shares,,9.3,,Health Care,Biotechnology: Pharmaceutical Preparations,2025,2026-09-24,nasdaq_screener,
IPFX,Inflection Point Acquisition Corp. VI Class A Ordinary Shares,0.0,10.05,,Finance,Blank Checks,2026,2026-09-24,nasdaq_screener,
IPGP,IPG Photonics Corporation Common Stock,3282815720.0,77.18,42534538.99974086,Technology,Semiconductors,2006,2026-09-24,nasdaq_screener,
IPI,Intrepid Potash Inc Common Stock,494129069.0,36.72,13456673.992374728,Industrials,Mining & Quarrying of Nonmetallic Minerals (No Fuels),2008,2026-09-24,nasdaq_screener,
IPM,Intelligent Protection Management Corp. Common Stock ,16295937.0,1.8035,9035728.860548932,Technology,Computer Software: Programming Data Processing,,2026-09-24,nasdaq_screener,
IPSC,Century Therapeutics Inc. Common Stock,318692565.0,1.76,181075321.02272728,Health Care,Biotechnology: Biological Products (No Diagnostic Substances),2021,2026-09-24,nasdaq_screener,
IPST,IP Strategy Holdings Inc. Common Stock,2063713.0,2.86,721577.9720279721,Consumer Staples,Beverages (Production/Distribution),2024,2026-09-24,nasdaq_screener,
IPVV,InterPrivate Investment Partners V Inc. Class A Ordinary Shares,0.0,9.85,,Finance,Blank Checks,2026,2026-09-24,nasdaq_screener,
IPW,iPower Inc. Common Stock,1444906.0,1.24,1165246.7741935484,Consumer Discretionary,RETAIL: Building Materials,2021,2026-09-24,nasdaq_screener,
IPWR,Ideal Power Inc. Common Stock,66724699.0,4.06,16434654.926108375,Technology,Semiconductors,2013,2026-09-24,nasdaq_screener,
IPXG,Inflection Point Acquisition Corp. VII Class A Ordinary Shares,0.0,10.05,,Finance,Blank Checks,2026,2026-09-24,nasdaq_screener,
IQI,Invesco Quality Municipal Income Trust Common Stock,493934664.0,9.34,52883797.00214133,Finance,Finance Companies,,2026-09-24,nasdaq_screener,
IQST,iQSTEL Inc. Common Stock,11243335.0,1.03,10915859.223300971,Telecommunications,Telecommunications Equipment,,2026-09-24,nasdaq_screener,
IQV,IQVIA Holdings Inc. Common Stock,44089756000.0,267.86,164600000.0,Health Care,Biotechnology: Commercial Physical & Biological Resarch,2013,2026-09-24,nasdaq_screener,
IR,Ingersoll Rand Inc. Common Stock,29573316478.0,76.22,387999428.9950144,Industrials,Industrial Machinery/Components,2017,2026-09-24,nasdaq_screener,
IRAB,Iris Acquisition Corp II Class A Ordinary Shares,0.0,10.0,,,,2026,2026-09-24,nasdaq_screener,
IRD,Opus Genetics Inc. Common Stock,401835825.0,4.83,83195822.98136646,Health Care,Biotechnology: Pharmaceutical Preparations,,2026-09-24,nasdaq_screener,
IRDM,Iridium Communications Inc Common Stock,5117886499.0,48.3,105960383.0020704,Consumer Discretionary,Telecommunications Equipment,,2026-09-24,nasdaq_screener,
IREN,IREN Limited Ordinary Shares,18540459388.0,47.05,394058647.9914984,Finance,Finance: Consumer Services,2021,2026-09-24,nasdaq_screener,
IRHO,Iron Horse Acquisitions II Corp. Common Stock,0.0,10.06,,Finance,Blank Checks,2026,2026-09-24,nasdaq_screener,
IRIX,IRIDEX Corporation Common Stock,11136154.0,0.634,17564911.67192429,Health Care,Biotechnology: Electromedical & Electrotherapeutic Apparatus,1996,2026-09-24,nasdaq_screener,
IRM,Iron Mountain Incorporated (Delaware)Common Stock REIT,34262616633.0,115.09,297702811.9993049,Real Estate,Real Estate Investment Trusts,,2026-09-24,nasdaq_screener,
IRMD,iRadimed Corporation Common Stock,1104156673.0,86.35,12786991.001737118,Health Care,Medical/Dental Instruments,2014,2026-09-24,nasdaq_screener,
IRON,Disc Medicine Inc. Common Stock,2537383060.0,66.09,38392844.00060523,Health Care,Biotechnology: Pharmaceutical Preparations,,2026-09-24,nasdaq_screener,
IRT,Independence Realty Trust Inc. Common Stock,3437155787.0,14.58,235744567.0096022,Real Estate,Real Estate Investment Trusts,2013,2026-09-24,nasdaq_screener,
IRTC,iRhythm Holdings Inc. Common Stock,3683615585.0,111.75,32963002.997762863,Health Care,Medical/Dental Instruments,2016,2026-09-24,nasdaq_screener,
IRWD,Ironwood Pharmaceuticals Inc. Class A Common Stock,705574574.0,4.27,165239947.07259956,Health Care,Biotechnology: Pharmaceutical Preparations,2010,2026-09-24,nasdaq_screener,
ISBA,Isabella Bank Corporation Common stock,284251808.0,37.26,7628873.000536769,Finance,Major Banks,,2026-09-24,nasdaq_screener,
ISNR,Snow Rothschild Acquisition Corp. Class A Ordinary Shares,0.0,9.83,,Finance,Blank Checks,2026,2026-09-24,nasdaq_screener,
ISOU,IsoEnergy Ltd. Common Shares,639365318.0,9.8,65241358.97959183,,,2025,2026-09-24,nasdaq_screener,
ISPC,iSpecimen Inc. Common Stock,3047494.0,1.21,2518590.0826446284,Health Care,Biotechnology: Commercial Physical & Biological Resarch,2021,2026-09-24,nasdaq_screener,
ISPR,Ispire Technology Inc. Common Stock,76524674.0,1.325,57754470.943396226,Health Care, Medicinal Chemicals and Botanical Products ,2023,2026-09-24,nasdaq_screener,
ISRG,Intuitive Surgical Inc. Common Stock,140710642535.0,398.3,353278037.9989957,Health Care,Industrial Specialties,2000,2026-09-24,nasdaq_screener,
ISTR,Investar Holding Corporation Common Stock,404493483.0,29.36,13777025.98773842,Finance,Major Banks,2014,2026-09-24,nasdaq_screener,
IT,Gartner Inc. Common Stock,11273355196.0,178.52,63148976.00268877,Consumer Discretionary,Other Consumer Services,1993,2026-09-24,nasdaq_screener,
ITG,ITG Inc. Class A Common Stock,1268886778.0,10.22,124157218.98238747,Industrials,Water Sewer Pipeline Comm & Power Line Construction,2026,2026-09-24,nasdaq_screener,
ITGR,Integer Holdings Corporation Common Stock,4293875503.0,126.32,33992047.99715009,Health Care,Biotechnology: Electromedical & Electrotherapeutic Apparatus,,2026-09-24,nasdaq_screener,
ITHA,ITHAX Acquisition Corp III Class A Ordinary Shares,0.0,10.07,,,,2026,2026-09-24,nasdaq_screener,
ITIC,Investors Title Company Common Stock,549142517.0,290.86,1887996.0015127552,Finance,Specialty Insurers,,2026-09-24,nasdaq_screener,
ITOC,iTonic Holdings Ltd Class A Ordinary Shares,37795445.0,0.3229,117050000.0,Health Care,Biotechnology: Electromedical & Electrotherapeutic Apparatus,2024,2026-09-24,nasdaq_screener,
ITP,IT Tech Packaging Inc. Common Stock,2753488.0,0.1623,16965422.05791744,Consumer Discretionary,Containers/Packaging,,2026-09-24,nasdaq_screener,
ITRG,Integra Resources Corp. Common Shares,566015865.0,2.79,202873069.8924731,Basic Materials,Precious Metals,,2026-09-24,nasdaq_screener,
ITRI,Itron Inc. Common Stock,3998606284.0,91.32,43786753.00043803,Industrials,Electrical Products,1993,2026-09-24,nasdaq_screener,
ITRN,Ituran Location and Control Ltd. Ordinary Shares,1042224656.0,52.39,19893579.99618248,Technology,Electronic Components,2005,2026-09-24,nasdaq_screener,
ITT,ITT Inc. Common Stock ,18947436000.0,211.94,89400000.0,Industrials,Fluid Controls,2011,2026-09-24,nasdaq_screener,
ITW,Illinois Tool Works Inc. Common Stock,77870016000.0,273.42,284800000.0,Industrials,Industrial Machinery/Components,,2026-09-24,nasdaq_screener,
IVA,Inventiva S.A. American Depository Shares,815166697.0,3.45,236280202.0289855,Health Care,Biotechnology: Pharmaceutical Preparations,2020,2026-09-24,nasdaq_screener,
IVDA,Iveda Solutions Inc. Common Stock,3880898.0,0.31,12519025.806451613,Technology,Computer Software: Prepackaged Software,,2026-09-24,nasdaq_screener,
IVF,INVO Fertility Inc. Common Stock,2557108.0,1.02,2506968.6274509802,Health Care,Medical/Dental Instruments,,2026-09-24,nasdaq_screener,
IVR,INVESCO MORTGAGE CAPITAL INC Common Stock,695357094.0,6.46,107640417.02786377,Real Estate,Real Estate Investment Trusts,2009,2026-09-24,nasdaq_screener,
IVT,InvenTrust Properties Corp. Common Stock,2365865597.0,30.34,77978431.0151615,Real Estate,Real Estate Investment Trusts,2021,2026-09-24,nasdaq_screener,
IVVD,Invivyd Inc. Common Stock,272091798.0,0.9231,294758745.5313617,Health Care,Biotechnology: Biological Products (No Diagnostic Substances),2021,2026-09-24,nasdaq_screener,
IVZ,Invesco Ltd Common Stock,13571703237.0,30.74,441499779.99349385,Finance,Investment Managers,,2026-09-24,nasdaq_screener,
IXHL,Incannex Healthcare Inc. Common Stock,41217889.0,3.445,11964554.136429608,Health Care,Biotechnology: Pharmaceutical Preparations,,2026-09-24,nasdaq_screener,
IZEA,IZEA Worldwide Inc. Common Stock,44759855.0,2.57,17416285.9922179,Consumer Discretionary,Advertising,,2026-09-24,nasdaq_screener,
IZM,ICZOOM Group Inc. Class A Ordinary Shares,3052600.0,1.27,2403622.0472440943,Consumer Discretionary,Consumer Electronics/Video Chains,2023,2026-09-24,nasdaq_screener,
J,Jacobs Solutions Inc. Common Stock,16516488784.0,141.12,117038610.99773242,Industrials,Military/Government/Technical,2022,2026-09-24,nasdaq_screener,
JACK,Jack In The Box Inc. Common Stock,258153782.0,13.46,19179330.01485884,Consumer Discretionary,Restaurants,,2026-09-24,nasdaq_screener,
JACS,Jackson Acquisition Company II Class A Ordinary Shares,0.0,10.78,,,,2025,2026-09-24,nasdaq_screener,
JAGU,Jaguar Uranium Corp. Class A Common Shares,31300354.0,1.55,20193776.774193548,Basic Materials,Metal Mining,2026,2026-09-24,nasdaq_screener,
JAGX,Jaguar Health Inc. Common Stock,4634447.0,8.91,520139.9551066218,Health Care,Biotechnology: Pharmaceutical Preparations,2015,2026-09-24,nasdaq_screener,
JAKK,JAKKS Pacific Inc. Common Stock,279487193.0,24.42,11445011.998361997,Consumer Discretionary,Recreational Games/Products/Toys,1996,2026-09-24,nasdaq_screener,
JAN,Janus Living Inc. Class A-1 Common Stock,9172195339.0,29.56,310290776.014885,Real Estate,Real Estate Investment Trusts,2026,2026-09-24,nasdaq_screener,
JANX,Janux Therapeutics Inc. Common Stock,1009979490.0,16.52,61136773.00242131,Health Care,Biotechnology: Pharmaceutical Preparations,2021,2026-09-24,nasdaq_screener,
JATT,JATT II Acquisition Corp Ordinary Shares,0.0,11.34,,Finance,Blank Checks,2026,2026-09-24,nasdaq_screener,
JAZZ,Jazz Pharmaceuticals plc Common Stock (Ireland),15247135846.0,234.88,64914577.0010218,Health Care,Biotechnology: Pharmaceutical Preparations,2007,2026-09-24,nasdaq_screener,
JBDI,JBDI Holdings Limited Ordinary Shares,10561131.0,1.11,9514532.432432432,,,2024,2026-09-24,nasdaq_screener,
JBGS,JBG SMITH Properties Common Shares ,794686471.0,10.65,74618447.98122065,Real Estate,Real Estate Investment Trusts,2017,2026-09-24,nasdaq_screener,
JBHT,J.B. Hunt Transport Services Inc. Common Stock,22035262138.0,234.63,93914939.00183268,Industrials,Trucking Freight/Courier Services,,2026-09-24,nasdaq_screener,
JBI,Janus International Group Inc. Common Stock,581216465.0,4.26,136435789.90610328,Industrials,Building Products,2021,2026-09-24,nasdaq_screener,
JBIO,Jade Biosciences Inc. Common Stock,935517563.0,14.71,63597387.01563562,Health Care,Biotechnology: Pharmaceutical Preparations,2021,2026-09-24,nasdaq_screener,
JBL,Jabil Inc. Common Stock,32353013729.0,308.75,104787089.00080971,Technology,Electrical Products,1993,2026-09-24,nasdaq_screener,
JBLU,JetBlue Airways Corporation Common Stock,1656400475.0,4.39,377312181.0933941,Consumer Discretionary,Air Freight/Delivery Services,2002,2026-09-24,nasdaq_screener,
JBS,JBS N.V. Class A Common Shares,12326394942.0,11.51,1070929186.967854,Consumer Staples,Meat/Poultry/Fish,2025,2026-09-24,nasdaq_screener,
JBSS,John B. Sanfilippo & Son Inc. Common Stock,791531729.0,67.69,11693481.001625055,Consumer Staples,Specialty Foods,1991,2026-09-24,nasdaq_screener,
JBTM,JBT Marel Corporation Common Stock,5876605830.0,113.28,51876817.00211865,Industrials,Industrial Machinery/Components,,2026-09-24,nasdaq_screener,
JCAP,Jefferson Capital Inc. Common Stock,1095679227.0,19.08,57425536.00628931,Finance,Finance Companies,2025,2026-09-24,nasdaq_screener,
JCI,Johnson Controls International plc Ordinary Share,88377680473.0,145.9,605741470.0,Industrials,Industrial Machinery/Components,,2026-09-24,nasdaq_screener,
JCSE,JE Cleantech Holdings Limited Class A Ordinary Shares,7590180.0,1.445,5252719.723183391,Consumer Discretionary,Miscellaneous manufacturing industries,2022,2026-09-24,nasdaq_screener,
JCTC,Jewett-Cameron Trading Company Common Shares,10208328.0,2.9,3520113.103448276,Consumer Discretionary,RETAIL: Building Materials,,2026-09-24,nasdaq_screener,
JDZG,JIADE LIMITED Class A Ordinary Shares,22486340.0,4.14,5431483.09178744,Real Estate,Other Consumer Services,2024,2026-09-24,nasdaq_screener,
JEF,Jefferies Financial Group Inc. Common Stock,9102031576.0,46.98,193742689.9957429,Finance,Investment Bankers/Brokers/Service,,2026-09-24,nasdaq_screener,
JELD,JELD-WEN Holding Inc. Common Stock,156174088.0,1.8,86763382.22222222,Basic Materials,Forest Products,2017,2026-09-24,nasdaq_screener,
JEM,707 Cayman Holdings Limited Ordinary Shares,2516059.0,3.75,670949.0666666667,Consumer Discretionary,Clothing/Shoe/Accessory Stores,2025,2026-09-24,nasdaq_screener,
JENA,Jena Acquisition Corporation II Class A Ordinary Shares,0.0,10.39,,Finance,Blank Checks,2025,2026-09-24,nasdaq_screener,
JHI,John Hancock Investors Trust Common Stock,107557928.0,12.3,8744546.991869919,Finance,Trusts Except Educational Religious and Charitable,,2026-09-24,nasdaq_screener,
JHS,John Hancock Income Securities Trust Common Stock,121299183.0,10.415,11646585.021603458,Finance,Finance Companies,,2026-09-24,nasdaq_screener,
JHX,James Hardie Industries plc. Ordinary Shares,15587028803.0,26.85,580522488.0074488,Industrials,Building Materials,2025,2026-09-24,nasdaq_screener,
JILL,J. Jill Inc. Common Stock,358940895.0,24.15,14862977.01863354,Consumer Discretionary,Apparel,2017,2026-09-24,nasdaq_screener,
JJSF,J & J Snack Foods Corp. Common Stock,1455857711.0,77.93,18681607.994353905,Consumer Staples,Specialty Foods,1986,2026-09-24,nasdaq_screener,
JKHY,Jack Henry & Associates Inc. Common Stock,10399803145.0,148.33,70112608.00242701,Technology,EDP Services,1985,2026-09-24,nasdaq_screener,
JL,J-Long Group Limited Class A Ordinary Shares,16685141.0,4.68,3565201.0683760685,Consumer Discretionary,Clothing/Shoe/Accessory Stores,2024,2026-09-24,nasdaq_screener,
JLHL,Julong Holding Limited Class A Ordinary Shares,120755798.0,5.63,21448631.97158082,Consumer Discretionary,Military/Government/Technical,2025,2026-09-24,nasdaq_screener,
JLL,Jones Lang LaSalle Incorporated Common Stock,14850607531.0,324.06,45826721.99901253,Finance,Real Estate,,2026-09-24,nasdaq_screener,
JMKE,Jersey Mike's Subs Inc. Class A Common Stock,5781027980.0,18.2,317638900.0,Consumer Discretionary,Restaurants,2026,2026-09-24,nasdaq_screener,
JMSB,John Marshall Bancorp Inc. Common Stock,321615534.0,22.79,14112134.006143047,Finance,Major Banks,,2026-09-24,nasdaq_screener,
JNJ,Johnson & Johnson Common Stock,648672405354.0,269.17,2409898596.9981794,Health Care,Biotechnology: Pharmaceutical Preparations,,2026-09-24,nasdaq_screener,
JOB,GEE Group Inc. Common Stock,25841585.0,0.2352,109870684.52380952,Consumer Discretionary,Diversified Commercial Services,1968,2026-09-24,nasdaq_screener,
JOBY,Joby Aviation Inc. Common Stock,6211715281.0,6.25,993874444.96,Industrials,Aerospace,2020,2026-09-24,nasdaq_screener,
JOE,St. Joe Company (The) Common Stock,3748870198.0,65.85,56930450.9946849,Real Estate,Homebuilding,,2026-09-24,nasdaq_screener,
JONE,Jones Ventures INTL Acquisition1 Corp Class A Ordinary Shares,0.0,9.85,,Finance,Blank Checks,2026,2026-09-24,nasdaq_screener,
JOUT,Johnson Outdoors Inc. Class A Common Stock,461419870.0,44.03,10479669.99772882,Consumer Discretionary,Recreational Games/Products/Toys,,2026-09-24,nasdaq_screener,
JPM,JP Morgan Chase & Co. Common Stock,897217586398.0,337.53,2658186194.9989634,Finance,Major Banks,,2026-09-24,nasdaq_screener,
JRSH,Jerash Holdings (US) Inc. Common Stock,73151654.0,5.76,12699939.930555556,Consumer Discretionary,Apparel,2018,2026-09-24,nasdaq_screener,
JRVR,James River Group Holdings Inc. Common Stock,166034046.0,3.59,46249037.88300836,Finance,Property-Casualty Insurers,2014,2026-09-24,nasdaq_screener,
JSPR,Jasper Therapeutics Inc. Common Stock,18860021.0,0.5668,33274560.691601977,Health Care,Biotechnology: Biological Products (No Diagnostic Substances),2020,2026-09-24,nasdaq_screener,
JTAI,Jet.AI Inc. Common Stock,5763184.0,1.62,3557520.987654321,Consumer Discretionary,Transportation Services,2021,2026-09-24,nasdaq_screener,
JTTT,JATT III Acquisition Corp Ordinary Shares,0.0,11.01,,Finance,Blank Checks,2026,2026-09-24,nasdaq_screener,
JUNS,Jupiter Neurosciences Inc. Common Stock,3916007.0,2.97,1318520.8754208754,Health Care,Biotechnology: Pharmaceutical Preparations,2024,2026-09-24,nasdaq_screener,
JVA,Coffee Holding Co. Inc. Common Stock,23062740.0,4.04,5708599.00990099,Consumer Staples,Packaged Foods,2005,2026-09-24,nasdaq_screener,
JWEL,Jowell Global Ltd. Ordinary Shares,5560147.0,2.34,2376131.1965811965,Consumer Discretionary,Other Consumer Services,2021,2026-09-24,nasdaq_screener,
JXG,JX Luxventure Group Inc. Common Stock,90449078.0,7.5,12059877.066666666,Industrials,Office Equipment/Supplies/Services,2013,2026-09-24,nasdaq_screener,
JXN,Jackson Financial Inc. Class A Common Stock ,8786449959.0,129.73,67728743.99907501,Finance,Life Insurance,2021,2026-09-24,nasdaq_screener,
JYD,Jayud Global Logistics Limited Class A Ordinary Shares,8547867.0,1.03,8298900.0,Industrials,Integrated Freight & Logistics,2023,2026-09-24,nasdaq_screener,
JYNT,The Joint Corp. Common Stock,117953904.0,8.34,14143153.956834532,Miscellaneous,Multi-Sector Companies,2014,2026-09-24,nasdaq_screener,
JZXN,Jiuzi Holdings Inc. Ordinary Shares,56664035.0,1.1,51512759.090909086,Consumer Discretionary,Retail-Auto Dealers and Gas Stations,2021,2026-09-24,nasdaq_screener,
KAI,Kadant Inc Common Stock,3287067717.0,278.35,11809117.00017963,Industrials,Industrial Machinery/Components,1992,2026-09-24,nasdaq_screener,
KALA,KALA BIO Inc. Common Stock,10830280.0,0.56,19339785.714285713,Health Care,Biotechnology: Pharmaceutical Preparations,2017,2026-09-24,nasdaq_screener,
KALU,Kaiser Aluminum Corporation Common Stock,2554709116.0,156.26,16349092.000511969,Industrials,Metal Fabrications,,2026-09-24,nasdaq_screener,
KAPA,Kairos Pharma Ltd. Common Stock,5856713.0,1.73,3385383.2369942195,Health Care,Biotechnology: Pharmaceutical Preparations,2024,2026-09-24,nasdaq_screener,
KARD,Kardigan Inc. Common Stock,1357673709.0,14.52,93503698.96694215,Health Care,Biotechnology: Pharmaceutical Preparations,2026,2026-09-24,nasdaq_screener,
KARO,Karooooo Ltd. Ordinary Shares,1983658793.0,64.21,30893300.000000004,Technology,Computer Software: Prepackaged Software,2021,2026-09-24,nasdaq_screener,
KAZR,Skyline Builders Group Holding Limited Class A Ordinary Shares,48623075.0,2.71,17942094.09594096,Consumer Discretionary,Engineering & Construction,2025,2026-09-24,nasdaq_screener,
KB,KB Financial Group Inc,44963314462.0,125.39,358587722.00334954,Finance,Commercial Banks,,2026-09-24,nasdaq_screener,
KBDC,Kayne Anderson BDC Inc. Common Stock,863774555.0,13.08,66037810.01529052,,,2024,2026-09-24,nasdaq_screener,
KBH,KB Home Common Stock,2890753675.0,47.15,61309727.99575822,Consumer Discretionary,Homebuilding,1986,2026-09-24,nasdaq_screener,
KBON,Karbon Capital Partners Corp. Class A Ordinary Shares,0.0,10.075,,Finance,Blank Checks,2026,2026-09-24,nasdaq_screener,
KBR,KBR Inc. Common Stock,4455234462.0,35.34,126067755.00848895,Industrials,Military/Government/Technical,2006,2026-09-24,nasdaq_screener,
KBSX,FST Corp. Ordinary Shares,61553254.0,1.375,44766002.90909091,Consumer Discretionary,Recreational Games/Products/Toys,,2026-09-24,nasdaq_screener,
KCHV,Kochav Defense Acquisition Corp. Class A Ordinary Shares,0.0,10.45,,,,2025,2026-09-24,nasdaq_screener,
KD,Kyndryl Holdings Inc. Common Stock,2637779165.0,12.11,217818263.00578037,Technology,EDP Services,2021,2026-09-24,nasdaq_screener,
KDK,Kodiak AI Inc. Common Stock ,595835965.0,2.97,200618170.03367,Technology,EDP Services,,2026-09-24,nasdaq_screener,
KDP,Keurig Dr Pepper Inc. Common Stock,43219834967.0,31.76,1360826038.0037782,Consumer Staples,Beverages (Production/Distribution),,2026-09-24,nasdaq_screener,
KE,Kimball Electronics Inc. Common Stock,650662904.0,27.12,23991994.985250738,Technology,Electrical Products,,2026-09-24,nasdaq_screener,
KEEL,Keel Infrastructure Corp. Common Stock,2476468580.0,4.01,617573211.9700749,Finance,Finance: Consumer Services,,2026-09-24,nasdaq_screener,
KELYA,Kelly Services Inc. Class A Common Stock,571340462.0,16.45,34731942.97872341,Consumer Discretionary,Professional Services,,2026-09-24,nasdaq_screener,
KELYB,Kelly Services Inc. Class B Common Stock,774869648.0,22.31,34731942.98520843,Consumer Discretionary,Professional Services,,2026-09-24,nasdaq_screener,
KEN,Kenon Holdings Ltd. Ordinary Shares,3418310843.0,65.6,52108396.99695122,Utilities,Electric Utilities: Central,2015,2026-09-24,nasdaq_screener,
KEP,Korea Electric Power Corporation Common Stock,13981977597.0,10.89,1283928153.9944904,Utilities,Electric Utilities: Central,1994,2026-09-24,nasdaq_screener,
KEQU,Kewaunee Scientific Corporation Common Stock,98528658.0,34.03,2895346.987951807,Industrials,Medical Specialities,,2026-09-24,nasdaq_screener,
KEX,Kirby Corporation Common Stock,6866112000.0,130.04,52800000.0,Consumer Discretionary,Marine Transportation,,2026-09-24,nasdaq_screener,
KEY,KeyCorp Common Stock,21598681933.0,20.24,1067128554.0019764,Finance,Major Banks,,2026-09-24,nasdaq_screener,
KEYS,Keysight Technologies Inc. Common Stock,60157683093.0,353.36,170244744.999434,Industrials,Industrial Machinery/Components,2014,2026-09-24,nasdaq_screener,
KEYY,Keystone Acquisition Corp. Class A Ordinary Shares,0.0,9.91,,Finance,Blank Checks,2026,2026-09-24,nasdaq_screener,
KFFB,Kentucky First Federal Bancorp Common Stock,45068071.0,5.5731,8086714.934237678,Finance,Savings Institutions,2005,2026-09-24,nasdaq_screener,
KFII,K&F Growth Acquisition Corp. II Class A Ordinary shares,0.0,10.67,,Finance,Blank Checks,2025,2026-09-24,nasdaq_screener,
KFRC,Kforce Inc. Common Stock,932521630.0,52.07,17909000.0,Consumer Discretionary,Professional Services,1995,2026-09-24,nasdaq_screener,
KFY,Korn Ferry Common Stock,4035172620.0,73.96,54558851.00054084,Consumer Discretionary,Diversified Commercial Services,1999,2026-09-24,nasdaq_screener,
KG,Kestrel Group Ltd.,40489355.0,5.175,7824029.951690822,Finance,Property-Casualty Insurers,2008,2026-09-24,nasdaq_screener,
KGC,Kinross Gold Corporation Common Stock,32981042000.0,27.62,1194100000.0,Basic Materials,Precious Metals,2001,2026-09-24,nasdaq_screener,
KGEI,Kolibri Global Energy Inc. Common stock,232606173.0,6.47,35951495.05409583,Energy,Oil & Gas Production,,2026-09-24,nasdaq_screener,
KGS,Kodiak Gas Services Inc. Common Stock,5388844852.0,53.3,101104030.99437149,Utilities,Natural Gas Distribution,2023,2026-09-24,nasdaq_screener,
KHC,The Kraft Heinz Company Common Stock,28210747203.0,23.79,1185823758.0075662,Consumer Staples,Packaged Foods,,2026-09-24,nasdaq_screener,
KIDS,OrthoPediatrics Corp. Common Stock,583031566.0,22.33,26109787.99820869,Health Care,Medical/Dental Instruments,2017,2026-09-24,nasdaq_screener,
KIDZ,KIDZ AI Inc. Class B Common Stock,2422806.0,2.815,860677.0870337478,Real Estate,Other Consumer Services,,2026-09-24,nasdaq_screener,
KIM,Kimco Realty Corporation (HC) Common Stock,14898231974.0,22.21,670789372.9851418,Real Estate,Real Estate Investment Trusts,,2026-09-24,nasdaq_screener,
KINS,Kingstone Companies Inc. Common Stock,268821790.0,18.57,14476133.010231556,Finance,Property-Casualty Insurers,,2026-09-24,nasdaq_screener,
KITT,Nauticus Robotics Inc. Common stock,3912318.0,0.5236,7471959.511077159,Industrials,Industrial Machinery/Components,2021,2026-09-24,nasdaq_screener,
KKR,KKR & Co. Inc. Common Stock,87259156773.0,97.21,897635600.9978398,Finance,Investment Managers,,2026-09-24,nasdaq_screener,
KLAC,KLA Corporation Common Stock,245158519587.0,187.86,1305006491.999361,Technology,Electronic Components,1980,2026-09-24,nasdaq_screener,
KLAR,Klarna Group plc Ordinary Shares,9131039817.0,12.94,705644498.9953632,Finance,Finance: Consumer Services,2025,2026-09-24,nasdaq_screener,
KLC,KinderCare Learning Companies Inc. Common Stock,260737473.0,2.2,118517033.18181817,Consumer Discretionary,Other Consumer Services,2024,2026-09-24,nasdaq_screener,
KLIC,Kulicke and Soffa Industries Inc. Common Stock,4754100098.0,90.85,52329115.00275179,Technology,Semiconductors,,2026-09-24,nasdaq_screener,
KLRA,Kailera Therapeutics Inc. Common Stock,1702221466.0,13.13,129643676.00913937,Health Care,Biotechnology: Pharmaceutical Preparations,2026,2026-09-24,nasdaq_screener,
KLRS,Kalaris Therapeutics Inc. Common Stock,74271541.0,3.12,23804981.089743588,Health Care,Biotechnology: Biological Products (No Diagnostic Substances),2020,2026-09-24,nasdaq_screener,
KLTR,Kaltura Inc. Common Stock,202893127.0,1.33,152551223.30827066,Technology,Computer Software: Prepackaged Software,2021,2026-09-24,nasdaq_screener,
KLXE,KLX Energy Services Holdings Inc. Common Stock,31271397.0,1.47,21273059.18367347,Energy,Oilfield Services/Equipment,,2026-09-24,nasdaq_screener,
KMB,Kimberly-Clark Corporation Common Stock,32492972013.0,97.7,332579038.0040942,Consumer Discretionary,Containers/Packaging,,2026-09-24,nasdaq_screener,
KMDA,Kamada Ltd. Ordinary Shares,506119375.0,8.77,57710305.01710377,Health Care,Biotechnology: Pharmaceutical Preparations,2013,2026-09-24,nasdaq_screener,
KMI,Kinder Morgan Inc. Common Stock,69854781532.0,31.37,2226802089.0022316,Utilities,Natural Gas Distribution,2011,2026-09-24,nasdaq_screener,
KMPR,Kemper Corporation,1523163531.0,25.85,58923154.00386847,Finance,Property-Casualty Insurers,,2026-09-24,nasdaq_screener,
KMRK,K-Tech Solutions Company Limited Class A Ordinary Shares,20087200.0,0.952,21100000.0,Consumer Discretionary,Recreational Games/Products/Toys,2025,2026-09-24,nasdaq_screener,
KMT,Kennametal Inc. Common Stock,2287117528.0,29.94,76390030.99532397,Industrials,Industrial Machinery/Components,,2026-09-24,nasdaq_screener,
KMTS,Kestra Medical Technologies Ltd. Common Stock,1519421390.0,25.51,59561794.98235986,Health Care,Medical/Dental Instruments,2025,2026-09-24,nasdaq_screener,
KMX,CarMax Inc,8154211576.0,57.46,141911095.99721545,Consumer Discretionary,Retail-Auto Dealers and Gas Stations,,2026-09-24,nasdaq_screener,
KN,Knowles Corporation Common Stock,3137121274.0,36.73,85410326.00054452,Consumer Staples,Consumer Electronics/Appliances,2014,2026-09-24,nasdaq_screener,
KNDI,Kandi Technologies Group Inc. Ordinary Shares,55529697.0,0.553,100415365.28028932,Industrials,Auto Manufacturing,,2026-09-24,nasdaq_screener,
KNF,Knife Riv Holding Co. Common Stock,2919342691.0,51.43,56763420.007777564,Industrials,Mining & Quarrying of Nonmetallic Minerals (No Fuels),2023,2026-09-24,nasdaq_screener,
KNRX,KNOREX LTD. Class A Ordinary Shares,9729312.0,0.3198,30423114.446529083,Technology,Computer Software: Programming Data Processing,2025,2026-09-24,nasdaq_screener,
KNSA,Kiniksa Pharmaceuticals International plc Class A Ordinary Shares,5936066909.0,76.08,78024012.99947424,Health Care,Biotechnology: Pharmaceutical Preparations,2018,2026-09-24,nasdaq_screener,
KNSL,Kinsale Capital Group Inc. Common Stock,7730541877.0,339.38,22778425.001473274,Finance,Property-Casualty Insurers,,2026-09-24,nasdaq_screener,
KNTK,Kinetik Holdings Inc. Class A Common Stock,8593103507.0,52.92,162379129.00604686,Utilities,Natural Gas Distribution,2022,2026-09-24,nasdaq_screener,
KNX,Knight-Swift Transportation Holdings Inc.,10932320520.0,67.17,162756000.0,Industrials,Trucking Freight/Courier Services,2017,2026-09-24,nasdaq_screener,
KO,Coca-Cola Company (The) Common Stock,379011562816.0,88.09,4302549243.001475,Consumer Staples,Beverages (Production/Distribution),,2026-09-24,nasdaq_screener,
KOD,Kodiak Sciences Inc Common Stock,1981014885.0,31.52,62849457.01142132,Health Care,Biotechnology: Biological Products (No Diagnostic Substances),2018,2026-09-24,nasdaq_screener,
KODK,Eastman Kodak Company Common New,945714000.0,9.66,97900000.0,Consumer Discretionary,Industrial Machinery/Components,,2026-09-24,nasdaq_screener,
KOP,Koppers Holdings Inc. Common Stock,874849136.0,46.26,18911568.006917424,Basic Materials,Forest Products,2006,2026-09-24,nasdaq_screener,
KOPN,Kopin Corporation Common Stock,905199630.0,4.87,185872613.963039,Technology,Semiconductors,1992,2026-09-24,nasdaq_screener,
KOS,Kosmos Energy Ltd. Common Shares (DE),1578042275.0,2.65,595487650.9433962,Energy,Oil & Gas Production,2011,2026-09-24,nasdaq_screener,
KOSS,Koss Corporation Common Stock,37392430.0,3.95,9466437.974683544,Consumer Staples,Consumer Electronics/Appliances,,2026-09-24,nasdaq_screener,
KOYN,CSLM Digital Asset Acquisition Corp III Class A Ordinary Shares,0.0,10.23,,,,2025,2026-09-24,nasdaq_screener,
KPET,KPET Ultra Paceline Corporation Class A Ordinary Shares,0.0,9.99,,,,2026,2026-09-24,nasdaq_screener,
KPLT,Katapult Holdings Inc. Common Stock,602428291.0,7.1,84849055.07042255,Consumer Discretionary,Diversified Commercial Services,2019,2026-09-24,nasdaq_screener,
KPRX,Kiora Pharmaceuticals Inc.  Common Stock,11591894.0,2.62,4424387.022900763,Health Care,Biotechnology: Pharmaceutical Preparations,,2026-09-24,nasdaq_screener,
KPTI,Karyopharm Therapeutics Inc. Common Stock,39692555.0,1.75,22681460.0,Health Care,Biotechnology: Pharmaceutical Preparations,2013,2026-09-24,nasdaq_screener,
KR,Kroger Company (The) Common Stock,34041532668.0,57.64,590588700.0,Consumer Staples,Food Chains,,2026-09-24,nasdaq_screener,
KRAQ,KRAKacquisition Corp Class A Ordinary Shares,0.0,10.01,,,,2026,2026-09-24,nasdaq_screener,
KRC,Kilroy Realty Corporation Common Stock,3959157952.0,34.04,116308988.01410106,Real Estate,Real Estate Investment Trusts,1997,2026-09-24,nasdaq_screener,
KREF,KKR Real Estate Finance Trust Inc. Common Stock,354982365.0,6.06,58577948.01980198,Real Estate,Real Estate Investment Trusts,2017,2026-09-24,nasdaq_screener,
KRG,Kite Realty Group Trust Common Stock,4946565776.0,24.69,200346933.0093155,Real Estate,Real Estate Investment Trusts,2004,2026-09-24,nasdaq_screener,
KRMD,KORU Medical Systems Inc. Common Stock (DE),150982120.0,3.27,46171902.14067278,Health Care,Medical/Dental Instruments,,2026-09-24,nasdaq_screener,
KRMN,Karman Holdings Inc. Common Stock,4380239049.0,33.05,132533707.98789714,Industrials,Military/Government/Technical,2025,2026-09-24,nasdaq_screener,
KRNT,Kornit Digital Ltd. Ordinary Shares,651802321.0,15.17,42966534.01450231,Industrials,Industrial Machinery/Components,2015,2026-09-24,nasdaq_screener,
KRNY,Kearny Financial Corp Common Stock,606440428.0,9.34,64929382.01284797,Finance,Savings Institutions,2005,2026-09-24,nasdaq_screener,
KRO,Kronos Worldwide Inc Common Stock,970272060.0,8.43,115097516.01423489,Basic Materials,Major Chemicals,,2026-09-24,nasdaq_screener,
KROS,Keros Therapeutics Inc. Common Stock,230590196.0,11.63,19827187.96216681,Health Care,Biotechnology: Pharmaceutical Preparations,2020,2026-09-24,nasdaq_screener,
KRRO,Korro Bio Inc. Common Stock,144753100.0,9.83,14725645.981688708,Health Care,Biotechnology: Pharmaceutical Preparations,2019,2026-09-24,nasdaq_screener,
KRSA,Korsana Biosciences Inc. Common Stock,21601077.0,32.3,668763.9938080496,Health Care,Biotechnology: Pharmaceutical Preparations,,2026-09-24,nasdaq_screener,
KRSP,Rice Acquisition Corporation 3 Class A Ordinary Shares,0.0,10.59,,,,2025,2026-09-24,nasdaq_screener,
KRT,Karat Packaging Inc. Common Stock,1057377799.0,53.05,19931720.999057494,Industrials,Plastic Products,2021,2026-09-24,nasdaq_screener,
KRUS,Kura Sushi USA Inc. Class A Common Stock,451973899.0,37.2,12149835.994623655,Consumer Discretionary,Restaurants,2019,2026-09-24,nasdaq_screener,
KRYS,Krystal Biotech Inc. Common Stock,10115402203.0,341.75,29598836.0,Health Care,Biotechnology: Biological Products (No Diagnostic Substances),2017,2026-09-24,nasdaq_screener,
KSCP,Knightscope Inc. Class A Common Stock,23101115.0,0.9781,23618357.018709745,Telecommunications,Telecommunications Equipment,2022,2026-09-24,nasdaq_screener,
KSPI,Joint Stock Company Kaspi.kz American Depository Shares,17770839025.0,93.86,189333465.0010654,,,2024,2026-09-24,nasdaq_screener,
KSS,Kohl's Corporation Common Stock,1931934623.0,17.04,113376445.0117371,Consumer Discretionary,Department/Specialty Retail Stores,1992,2026-09-24,nasdaq_screener,
KT,KT Corporation Common Stock,9378597951.0,19.45,482190126.0154242,Telecommunications,Telecommunications Equipment,,2026-09-24,nasdaq_screener,
KTB,Kontoor Brands Inc. Common Stock ,3590196298.0,65.69,54653620.003044605,Industrials,Garments and Clothing,2019,2026-09-24,nasdaq_screener,
KTCC,Key Tronic Corporation Common Stock,24324763.0,2.24,10859269.19642857,Technology,Electrical Products,1983,2026-09-24,nasdaq_screener,
KTF,DWS Municipal Income Trust,327857785.0,8.3,39500937.95180722,Finance,Finance Companies,1988,2026-09-24,nasdaq_screener,
KTOS,Kratos Defense & Security Solutions Inc. Common Stock,8665216454.0,46.16,187721326.9930676,Industrials,Military/Government/Technical,,2026-09-24,nasdaq_screener,
KTTA,Pasithea Therapeutics Corp. Common Stock,17131587.0,0.5127,33414447.045055587,Health Care,Biotechnology: Pharmaceutical Preparations,2021,2026-09-24,nasdaq_screener,
KTWO,K2 Capital Acquisition Corporation Class A Ordinary Share,202415716.0,10.1,20041160.0,Health Care,Medical/Dental Instruments,2026,2026-09-24,nasdaq_screener,
KULR,KULR Technology Group Inc. Common Stock,111535576.0,2.41,46280321.991701245,Technology,Electrical Products,,2026-09-24,nasdaq_screener,
KURA,Kura Oncology Inc. Common Stock,982125234.0,11.04,88960619.02173914,Health Care,Biotechnology: Pharmaceutical Preparations,,2026-09-24,nasdaq_screener,
KUST,Kustom Entertainment Inc. Common Stock,4261993.0,0.655,6506859.541984732,Technology,Radio And Television Broadcasting And Communications Equipment,,2026-09-24,nasdaq_screener,
KVHI,KVH Industries Inc. Common Stock,129889288.0,7.16,18140962.011173185,Consumer Discretionary,Telecommunications Equipment,1996,2026-09-24,nasdaq_screener,
KVUE,Kenvue Inc. Common Stock,33940067162.0,17.67,1920773467.006225,Consumer Discretionary,Package Goods/Cosmetics,2023,2026-09-24,nasdaq_screener,
KVYO,Klaviyo Inc. Series A Common Stock,4777726393.0,16.78,284727437.0083432,Technology,Computer Software: Prepackaged Software,2023,2026-09-24,nasdaq_screener,
KWR,Quaker Houghton Common Stock,2733615540.0,158.86,17207702.001762558,Industrials,Major Chemicals,,2026-09-24,nasdaq_screener,
KWY,Kingsway Corporation Common Stock,262982790.0,9.09,28931000.0,Finance,Property-Casualty Insurers,,2026-09-24,nasdaq_screener,
KXIN,Kaixin Holdings Ordinary Shares,64054214.0,1.6,40033883.75,Consumer Discretionary,Retail-Auto Dealers and Gas Stations,2017,2026-09-24,nasdaq_screener,
KYIV,Kyivstar Group Ltd. Common Shares,3018864384.0,13.02,231863623.96313366,Telecommunications,Telecommunications Equipment,,2026-09-24,nasdaq_screener,
KYMR,Kymera Therapeutics Inc. Common Stock,9601401860.0,115.47,83150617.99601628,Health Care,Biotechnology: Biological Products (No Diagnostic Substances),2020,2026-09-24,nasdaq_screener,
KYNB,Kyntra Bio Inc. Common Stock,29356149.0,7.25,4049124.0,Health Care,Biotechnology: Pharmaceutical Preparations,2014,2026-09-24,nasdaq_screener,
KYTX,Kyverna Therapeutics Inc. Common Stock,437233149.0,7.07,61843443.98868458,Health Care,Biotechnology: Biological Products (No Diagnostic Substances),2024,2026-09-24,nasdaq_screener,
L,Loews Corporation Common Stock,21473087709.0,105.04,204427720.001904,Finance,Property-Casualty Insurers,,2026-09-24,nasdaq_screener,
LAB,Standard BioTools Inc. Common Stock,291293476.0,0.742,392578808.62533695,Industrials,Biotechnology: Laboratory Analytical Instruments,2011,2026-09-24,nasdaq_screener,
LABT,Lakewood-Amedex Biotherapeutics Inc. Common Stock,4218045.0,1.78,2369688.2022471908,Health Care,Biotechnology: Pharmaceutical Preparations,,2026-09-24,nasdaq_screener,
LAC,Lithium Americas Corp. Common Shares,1052824535.0,2.9,363042943.1034483,Basic Materials,Metal Mining,2023,2026-09-24,nasdaq_screener,
LAD,Lithia Motors Inc. Common Stock,6749256274.0,307.02,21983115.998957723,Consumer Discretionary,Retail-Auto Dealers and Gas Stations,,2026-09-24,nasdaq_screener,
LADR,Ladder Capital Corp Class A Common Stock,1150668298.0,9.07,126865302.97684674,Real Estate,Real Estate Investment Trusts,2014,2026-09-24,nasdaq_screener,
LAES,SEALSQ Corp Ordinary Shares,512380198.0,2.3,222773999.1304348,Technology,Semiconductors,,2026-09-24,nasdaq_screener,
LAFA,LaFayette Acquisition Corp. Ordinary Share,0.0,10.16,,,,2025,2026-09-24,nasdaq_screener,
LAKE,Lakeland Industries Inc. Common Stock,101299729.0,10.2,9931345.980392158,Health Care,Industrial Specialties,1986,2026-09-24,nasdaq_screener,
LAMR,Lamar Advertising Company Class A Common Stock,14645495426.0,144.22,101549683.99667175,Real Estate,Real Estate Investment Trusts,1996,2026-09-24,nasdaq_screener,
LAND,Gladstone Land Corporation Common Stock,411091541.0,9.53,43136573.03252886,Real Estate,Real Estate Investment Trusts,1993,2026-09-24,nasdaq_screener,
LANV,Lanvin Group Holdings Limited Ordinary Shares,129363791.0,1.03,125595913.592233,Consumer Discretionary,Apparel,2022,2026-09-24,nasdaq_screener,
LAR,Lithium Argentina AG Common Shares,948498000.0,5.78,164100000.0,Basic Materials,Metal Mining,2023,2026-09-24,nasdaq_screener,
LARK,Landmark Bancorp Inc. Common Stock,187957453.0,30.81,6100534.0149302175,Finance,Major Banks,,2026-09-24,nasdaq_screener,
LASE,Laser Photonics Corporation Common Stock,51466839.0,0.8482,60677716.34048574,Miscellaneous,Industrial Machinery/Components,2022,2026-09-24,nasdaq_screener,
LASR,nLIGHT Inc. Common Stock,2364144273.0,40.98,57690196.99853588,Technology,Semiconductors,2018,2026-09-24,nasdaq_screener,
LATA,Galata Acquisition Corp. II Class A Ordinary Shares,0.0,10.17,,Finance,Blank Checks,2025,2026-09-24,nasdaq_screener,
LAUR,Laureate Education Inc. Common Stock,5058156499.0,36.72,137749359.9945534,Real Estate,Other Consumer Services,2017,2026-09-24,nasdaq_screener,
LAW,CS Disco Inc. Common Stock,276558199.0,4.26,64919765.02347418,Technology,Computer Software: Prepackaged Software,2021,2026-09-24,nasdaq_screener,
LAZ,Lazard Inc. Common Stock,3588130061.0,36.82,97450571.99891363,Finance,Investment Managers,2005,2026-09-24,nasdaq_screener,
LB,LandBridge Company LLC Class A Shares Representing Limited Liability Company Interests,6329483179.0,82.11,77085411.9961028,Energy,Oil & Gas Production,2024,2026-09-24,nasdaq_screener,
LBGJ,Li Bang International Corporation Class A Ordinary Shares,1477534.0,2.15,687225.1162790698,Industrials,Industrial Machinery/Components,2024,2026-09-24,nasdaq_screener,
LBRT,Liberty Energy Inc. Class A common stock,2981507170.0,18.27,163191415.98248497,Energy,Oilfield Services/Equipment,2018,2026-09-24,nasdaq_screener,
LBRX,LB Pharmaceuticals Inc Common Stock,1264237068.0,39.19,32259174.993620824,Health Care,Biotechnology: Pharmaceutical Preparations,2025,2026-09-24,nasdaq_screener,
LBTYA,Liberty Global Ltd. Class A Common Shares,3233510126.0,9.48,341087566.03375524,Telecommunications,Cable & Other Pay Television Services,,2026-09-24,nasdaq_screener,
LBTYB,Liberty Global Ltd. Class B Common Shares,4232896694.0,12.41,341087565.99516517,Telecommunications,Cable & Other Pay Television Services,,2026-09-24,nasdaq_screener,
LBTYK,Liberty Global Ltd. Class C Common Shares,3151649110.0,9.24,341087566.017316,Telecommunications,Cable & Other Pay Television Services,,2026-09-24,nasdaq_screener,
LCCC,Lakeshore Acquisition III Corp. Ordinary Shares,0.0,10.52,,Finance,Blank Checks,2025,2026-09-24,nasdaq_screener,
LCFY,Locafy Limited Ordinary Share,4775520.0,2.61,1829701.1494252875,Technology,Computer Software: Programming Data Processing,2022,2026-09-24,nasdaq_screener,
LCID,Lucid Group Inc. Common Stock,1639331932.0,4.16,394070175.96153843,Industrials,Auto Manufacturing,,2026-09-24,nasdaq_screener,
LCII,LCI Industries,2067207440.0,85.03,24311506.99753028,Consumer Discretionary,Auto Parts:O.E.M.,1995,2026-09-24,nasdaq_screener,
LCLN,Lincoln International Inc. Class A Common Stock,2481830462.0,23.95,103625489.01878914,Finance,Investment Managers,2026,2026-09-24,nasdaq_screener,
LCNB,LCNB Corporation Common Stock,264144928.0,18.53,14254988.019427953,Finance,Major Banks,,2026-09-24,nasdaq_screener,
LCTX,Lineage Cell Therapeutics Inc. Common Stock,241956571.0,0.9567,252907464.19985366,Health Care,Biotechnology: Biological Products (No Diagnostic Substances),,2026-09-24,nasdaq_screener,
LCUT,Lifetime Brands Inc. Common Stock,198853431.0,8.65,22988835.953757223,Consumer Discretionary,Industrial Machinery/Components,1991,2026-09-24,nasdaq_screener,
LDI,loanDepot Inc. Class A Common Stock,227510864.0,0.6728,338155267.5386445,Finance,Finance: Consumer Services,2021,2026-09-24,nasdaq_screener,
LDOS,Leidos Holdings Inc. Common Stock,15647623540.0,124.69,125492208.99831583,Technology,EDP Services,,2026-09-24,nasdaq_screener,
LE,Lands' End Inc. Common Stock,303713903.0,10.28,29544153.98832685,Consumer Discretionary,Clothing/Shoe/Accessory Stores,,2026-09-24,nasdaq_screener,
LEA,Lear Corporation Common Stock,6002330531.0,121.69,49324763.99868518,Consumer Discretionary,Auto Parts:O.E.M.,,2026-09-24,nasdaq_screener,
LECO,Lincoln Electric Holdings Inc. Common Shares,14465827908.0,265.4,54505757.00075358,Industrials,Industrial Machinery/Components,,2026-09-24,nasdaq_screener,
LEDS,SemiLEDS Corporation Common Stock,19028827.0,2.3,8273403.043478262,Technology,Semiconductors,2010,2026-09-24,nasdaq_screener,
LEE,Lee Enterprises Incorporated Common Stock,151362979.0,6.79,22292044.0353461,Consumer Discretionary,Newspapers/Magazines,,2026-09-24,nasdaq_screener,
LEGH,Legacy Housing Corporation Common Stock (TX),688281120.0,28.94,23783038.00967519,Consumer Discretionary,Homebuilding,2018,2026-09-24,nasdaq_screener,
LEGO,Legato Merger Corp. IV Ordinary Shares,303070360.0,10.0,30307036.0,Industrials,Military/Government/Technical,2026,2026-09-24,nasdaq_screener,
LEN,Lennar Corporation Class A Common Stock,19637771976.0,81.52,240895142.00196272,Consumer Discretionary,Homebuilding,,2026-09-24,nasdaq_screener,
LENZ,LENZ Therapeutics Inc. Common Stock,118140490.0,3.76,31420343.085106384,Health Care,Biotechnology: Biological Products (No Diagnostic Substances),2021,2026-09-24,nasdaq_screener,
LEO,BNY Mellon Strategic Municipals Inc. Common Stock,354434959.0,5.69,62290853.9543058,Finance,Trusts Except Educational Religious and Charitable,1987,2026-09-24,nasdaq_screener,
LESL,Leslie's Inc. Common Stock,3919451.0,0.4185,9365474.313022701,Consumer Discretionary,Other Specialty Stores,2020,2026-09-24,nasdaq_screener,
LEU,Centrus Energy Corp. Class A Common Stock,2985937619.0,151.31,19733907.996827703,Industrials,Mining & Quarrying of Nonmetallic Minerals (No Fuels),2014,2026-09-24,nasdaq_screener,
LEVI,Levi Strauss & Co Class A Common Stock,7554616532.0,19.63,384850561.9969435,Consumer Discretionary,Apparel,2019,2026-09-24,nasdaq_screener,
LEXX,Lexaria Bioscience Corp. Common Stock,6814485.0,3.235,2106486.8624420404,Health Care,Biotechnology: Pharmaceutical Preparations,,2026-09-24,nasdaq_screener,
LFAC,Leapfrog Acquisition Corporation Class A Ordinary Shares,0.0,10.075,,Finance,Blank Checks,2026,2026-09-24,nasdaq_screener,
LFCR,Lifecore Biomedical Inc. Common Stock,166553464.0,4.4,37853060.0,Health Care,Biotechnology: Pharmaceutical Preparations,,2026-09-24,nasdaq_screener,
LFMD,LifeMD Inc. Common Stock,147012553.0,3.05,48200837.04918033,Health Care,Medical/Nursing Services,,2026-09-24,nasdaq_screener,
LFST,LifeStance Health Group Inc. Common Stock,4616422096.0,12.08,382154147.01986754,Health Care,Medical/Nursing Services,2021,2026-09-24,nasdaq_screener,
LFT,Lument Finance Trust Inc. Common Stock,27660191.0,5.27,5248613.092979128,Real Estate,Real Estate Investment Trusts,2013,2026-09-24,nasdaq_screener,
LFTO,Liftoff Mobile Inc. Common Stock,2724544269.0,16.09,169331526.97327533,Technology,EDP Services,2026,2026-09-24,nasdaq_screener,
LFUS,Littelfuse Inc. Common Stock,10729192695.0,422.43,25398746.999502875,Energy,Electrical Products,,2026-09-24,nasdaq_screener,
LFVN,Lifevantage Corporation Common Stock (Delaware),78054553.0,6.2,12589444.032258064,Health Care,Biotechnology: Pharmaceutical Preparations,,2026-09-24,nasdaq_screener,
LFWD,Lifeward Ltd. Ordinary Shares,19852432.0,7.01,2832015.977175464,Health Care,Industrial Specialties,2014,2026-09-24,nasdaq_screener,
LGCL,Lucas GC Limited Class A Ordinary Shares,1081741.0,3.16,342323.10126582277,Technology,Computer Software: Programming Data Processing,2024,2026-09-24,nasdaq_screener,
LGCY,Legacy Education Inc. Common Stock,130442512.0,10.31,12652038.021338506,Real Estate,Other Consumer Services,2024,2026-09-24,nasdaq_screener,
LGIH,LGI Homes Inc. Common Stock,1129866019.0,48.6,23248271.995884772,Consumer Discretionary,Homebuilding,2013,2026-09-24,nasdaq_screener,
LGL,LGL Group Inc. (The) Common Stock,87661386.0,6.95,12613149.064748202,Technology,Industrial Machinery/Components,1946,2026-09-24,nasdaq_screener,
LGN,Legence Corp. Class A Common stock,5719354402.0,52.92,108075480.00755857,Consumer Discretionary,Engineering & Construction,2025,2026-09-24,nasdaq_screener,
LGND,Ligand Pharmaceuticals Incorporated Common Stock,5948985082.0,298.41,19935609.00103884,Health Care,Biotechnology: Pharmaceutical Preparations,,2026-09-24,nasdaq_screener,
LGO,Largo Inc. Common Shares,74772150.0,0.725,103134000.0,Industrials,Mining & Quarrying of Nonmetallic Minerals (No Fuels),,2026-09-24,nasdaq_screener,
LGPS,LogProstyle Inc. Common Shares,19552161.0,0.8281,23610869.460210122,Consumer Discretionary,Homebuilding,2025,2026-09-24,nasdaq_screener,
LGVN,Longeveron Inc. Class A Common Stock,8289317.0,2.6,3188198.846153846,Health Care,Biotechnology: Pharmaceutical Preparations,2021,2026-09-24,nasdaq_screener,
LH,Labcorp Holdings Inc. Common Stock,24652778000.0,303.98,81100000.0,Health Care,Medical Specialities,,2026-09-24,nasdaq_screener,
LHAI,Linkhome Holdings Inc. Common stock,17687100.0,1.07,16529999.999999998,Finance,Real Estate,2025,2026-09-24,nasdaq_screener,
LHSW,Lianhe Sowell International Group Ltd Class A Ordinary Shares,8353033.0,0.7659,10906166.601383992,Technology,Computer Software: Prepackaged Software,2025,2026-09-24,nasdaq_screener,
LHX,L3Harris Technologies Inc. Common Stock,44544398293.0,239.21,186214615.99849504,Industrials,Industrial Machinery/Components,,2026-09-24,nasdaq_screener,
LICN,Lichen International Limited Class A Ordinary Shares,17094298.0,1.04,16436825.0,Consumer Discretionary,Professional Services,2023,2026-09-24,nasdaq_screener,
LIDR,AEye Inc. Class A Common Stock,55073159.0,1.18,46672168.6440678,Consumer Discretionary,Auto Parts:O.E.M.,2021,2026-09-24,nasdaq_screener,
LIEN,Chicago Atlantic BDC Inc. Common Stock,236193107.0,10.35,22820590.04830918,Finance,Finance: Consumer Services,2022,2026-09-24,nasdaq_screener,
LIF,Life360 Inc. Common Stock,3320325037.0,40.75,81480369.00613497,Technology,EDP Services,2024,2026-09-24,nasdaq_screener,
LIFE,Ethos Technologies Inc. Class A Common Stock,2162083085.0,33.91,63759453.99587143,Finance,Specialty Insurers,2026,2026-09-24,nasdaq_screener,
LII,Lennox International Inc. Common Stock,12868321730.0,372.34,34560675.00134286,Industrials,Industrial Machinery/Components,1999,2026-09-24,nasdaq_screener,
LILA,Liberty Latin America Ltd. Class A Common Stock,1669068000.0,8.52,195900000.0,Telecommunications,Cable & Other Pay Television Services,,2026-09-24,nasdaq_screener,
LILAK,Liberty Latin America Ltd. Class C Common Stock,1653396000.0,8.44,195900000.0,Telecommunications,Cable & Other Pay Television Services,,2026-09-24,nasdaq_screener,
LIME,Neutron Holdings Inc. Common Stock,1858547834.0,28.6,64984190.0,Technology,Computer Software: Prepackaged Software,2026,2026-09-24,nasdaq_screener,
LIMN,Liminatus Pharma Inc. Class A Common Stock,5413128.0,4.03,1343207.9404466501,Health Care,Biotechnology: Biological Products (No Diagnostic Substances),,2026-09-24,nasdaq_screener,
LIN,Linde plc Ordinary Shares,216531602164.0,469.72,460980162.99923354,Basic Materials,Major Chemicals,,2026-09-24,nasdaq_screener,
LINC,Lincoln Educational Services Corporation Common Stock,764170429.0,24.09,31721478.99543379,Real Estate,Other Consumer Services,2005,2026-09-24,nasdaq_screener,
LIND,Lindblad Expeditions Holdings Inc. Common Stock,1786824131.0,27.23,65619688.98273963,Consumer Discretionary,Transportation Services,2013,2026-09-24,nasdaq_screener,
LINE,Lineage Inc. Common Stock,8270427636.0,36.32,227710012.0044053,Real Estate,Real Estate Investment Trusts,2024,2026-09-24,nasdaq_screener,
LINK,Interlink Electronics Inc. Common Stock,83414301.0,5.295,15753409.065155808,Technology,Computer peripheral equipment,,2026-09-24,nasdaq_screener,
LION,Lionsgate Studios Corp Common Shares,3317790432.0,11.15,297559680.0,Consumer Discretionary,Movies/Entertainment,2025,2026-09-24,nasdaq_screener,
LIQT,LiqTech International Inc. Common Stock,22740600.0,0.6902,32947841.205447696,Technology,Industrial Machinery/Components,,2026-09-24,nasdaq_screener,
LITE,Lumentum Holdings Inc. Common Stock,84048900000.0,937.0,89700000.0,Telecommunications,Telecommunications Equipment,,2026-09-24,nasdaq_screener,
LITS,Lite Strategy Inc. Common Stock,37621525.0,1.18,31882648.305084746,Health Care,Biotechnology: Pharmaceutical Preparations,2003,2026-09-24,nasdaq_screener,
LIVE,Live Ventures Incorporated Common Stock,24358232.0,7.93,3071655.9899117276,Consumer Discretionary,Other Specialty Stores,,2026-09-24,nasdaq_screener,
LIVN,LivaNova PLC Ordinary Shares,4251015000.0,77.16,55093506.998444796,Health Care,Biotechnology: Electromedical & Electrotherapeutic Apparatus,,2026-09-24,nasdaq_screener,
LKFN,Lakeland Financial Corporation Common Stock,1450703542.0,58.36,24857839.99314599,Finance,Major Banks,,2026-09-24,nasdaq_screener,
LKQ,LKQ Corporation Common Stock,5927838875.0,23.43,253002086.0008536,Consumer Discretionary,Motor Vehicles,2003,2026-09-24,nasdaq_screener,
LKSP,Lake Superior Acquisition Corp. Class A Ordinary Shares,0.0,10.24,,,,2025,2026-09-24,nasdaq_screener,
LLY,Eli Lilly and Company Common Stock,1083492568244.0,1150.99,941357064.9996959,Health Care,Biotechnology: Pharmaceutical Preparations,,2026-09-24,nasdaq_screener,
LLYVA,Liberty Live Holdings Inc. Series A Liberty Live Group Common Stock,8739590666.0,94.99,92005375.99747342,Consumer Discretionary,Services-Misc. Amusement & Recreation,,2026-09-24,nasdaq_screener,
LLYVK,Liberty Live Holdings Inc. Series C Liberty Live Group Common Stock,9031247708.0,98.16,92005375.99837,Consumer Discretionary,Services-Misc. Amusement & Recreation,,2026-09-24,nasdaq_screener,
LMAT,LeMaitre Vascular Inc. Common Stock,1842804729.0,80.58,22869256.9992554,Health Care,Medical/Dental Instruments,2006,2026-09-24,nasdaq_screener,
LMB,Limbach Holdings Inc. Common Stock,609605642.0,51.12,11924992.99687011,Consumer Discretionary,Engineering & Construction,,2026-09-24,nasdaq_screener,
LMND,Lemonade Inc. Common Stock,3433313841.0,44.36,77396614.99098288,Finance,Property-Casualty Insurers,2020,2026-09-24,nasdaq_screener,
LMNR,Limoneira Co Common Stock,219215965.0,12.09,18132007.030603804,Consumer Staples,Farming/Seeds/Milling,,2026-09-24,nasdaq_screener,
LMRI,Lumexa Imaging Holdings Inc. Common Stock,974200257.0,10.14,96074976.03550296,Health Care,Medical Specialities,2025,2026-09-24,nasdaq_screener,
LMT,Lockheed Martin Corporation Common Stock,121091292284.0,524.68,230790752.9999238,Industrials,Military/Government/Technical,,2026-09-24,nasdaq_screener,
LNAI,Lunai Bioworks Inc. Common Stock,9702525.0,2.14,4533890.1869158875,Health Care,Biotechnology: Pharmaceutical Preparations,,2026-09-24,nasdaq_screener,
LNC,Lincoln National Corporation Common Stock,7864656563.0,41.08,191447336.00292113,Finance,Life Insurance,,2026-09-24,nasdaq_screener,
LND,Brasilagro Brazilian Agric Real Estate Co Sponsored ADR (Brazil),363499392.0,3.54,102683444.0677966,Consumer Staples,Farming/Seeds/Milling,,2026-09-24,nasdaq_screener,
LNG,Cheniere Energy Inc. Common Stock,56509810970.0,273.61,206534157.99861115,Utilities,Oil/Gas Transmission,2001,2026-09-24,nasdaq_screener,
LNKS,Linkers Industries Limited Class A Ordinary Shares,1638745.0,1.02,1606612.7450980393,Technology,Electrical Products,2024,2026-09-24,nasdaq_screener,
LNN,Lindsay Corporation Common Stock,1177963638.0,115.84,10168884.996546961,Industrials,Industrial Machinery/Components,,2026-09-24,nasdaq_screener,
LNSR,LENSAR Inc. Common Stock,87843935.0,7.15,12285865.034965035,Health Care,Medical/Dental Instruments,,2026-09-24,nasdaq_screener,
LNT,Alliant Energy Corporation Common Stock,16513842479.0,63.69,259284698.99513268,Utilities,Power Generation,,2026-09-24,nasdaq_screener,
LNTH,Lantheus Holdings Inc. Common Stock,6525278729.0,99.97,65272369.00070021,Health Care,Biotechnology: In Vitro & In Vivo Diagnostic Substances,2015,2026-09-24,nasdaq_screener,
LNZA,LanzaTech Global Inc. Common Stock,77095170.0,5.89,13089162.98811545,Industrials,Major Chemicals,2021,2026-09-24,nasdaq_screener,
LOAN,Manhattan Bridge Capital Inc,44559485.0,3.9,11425508.974358974,Real Estate,Real Estate Investment Trusts,,2026-09-24,nasdaq_screener,
LOAR,Loar Holdings Inc. Common Stock,5963271179.0,63.65,93688470.99764337,Industrials,Military/Government/Technical,2024,2026-09-24,nasdaq_screener,
LOB,Live Oak Bancshares Inc. Common Stock,1716659466.0,37.09,46283620.00539228,Finance,Major Banks,2022,2026-09-24,nasdaq_screener,
LOBO,LOBO TECHNOLOGIES LTD. Class A Ordinary Shares,7996488.0,0.5777,13841938.72252034,Consumer Discretionary,Motor Vehicles,2024,2026-09-24,nasdaq_screener,
LOCL,Local Bounti Corporation Common Stock,23847721.0,1.02,23380118.62745098,Consumer Staples,Farming/Seeds/Milling,2021,2026-09-24,nasdaq_screener,
LOCO,El Pollo Loco Holdings Inc. Common Stock,434582340.0,14.28,30432936.974789917,Consumer Discretionary,Restaurants,2014,2026-09-24,nasdaq_screener,
LODE,Comstock Inc. Common Stock,203661366.0,2.68,75993047.01492538,Industrials,Major Chemicals,,2026-09-24,nasdaq_screener,
LOGI,Logitech International S.A. Ordinary Shares,14984658944.0,104.65,143188332.00191113,Technology,Computer peripheral equipment,1997,2026-09-24,nasdaq_screener,
LOMA,Loma Negra Compania Industrial Argentina Sociedad Anonima ADS,1103950120.0,9.46,116696630.02114163,Industrials,Building Materials,2017,2026-09-24,nasdaq_screener,
LONA,LeonaBio Inc. Common Stock,55493595.0,5.89,9421662.98811545,Health Care,Biotechnology: Biological Products (No Diagnostic Substances),2020,2026-09-24,nasdaq_screener,
LOOP,Loop Industries Inc. Common Stock,22985514.0,0.4751,48380370.44832666,Industrials,Major Chemicals,,2026-09-24,nasdaq_screener,
LOPE,Grand Canyon Education Inc. Common Stock,3926437174.0,150.64,26065037.002124272,Real Estate,Other Consumer Services,2008,2026-09-24,nasdaq_screener,
LOVE,The Lovesac Company Common Stock,208995544.0,14.49,14423432.98826777,Consumer Discretionary,Other Specialty Stores,2018,2026-09-24,nasdaq_screener,
LOW,Lowe's Companies Inc. Common Stock,107363297076.0,191.36,561054019.0008361,Consumer Discretionary,RETAIL: Building Materials,,2026-09-24,nasdaq_screener,
LPA,Logistic Properties of the Americas Ordinary Shares,95729878.0,3.02,31698635.09933775,Finance,Real Estate,2024,2026-09-24,nasdaq_screener,
LPAA,Launch One Acquisition Corp. Class A Ordinary shares,0.0,10.76,,,,2024,2026-09-24,nasdaq_screener,
LPBB,Launch Two Acquisition Corp. Class A Ordinary Shares,0.0,10.83,,,,2024,2026-09-24,nasdaq_screener,
LPCN,Lipocine Inc. Common Stock,17477816.0,2.12,8244252.830188679,Health Care,Biotechnology: Pharmaceutical Preparations,,2026-09-24,nasdaq_screener,
LPCV,Launchpad Cadenza Acquisition Corp I Class A Ordinary Share,0.0,10.07,,,,2026,2026-09-24,nasdaq_screener,
LPG,Dorian LPG Ltd. Common Stock,2274327322.0,53.16,42782681.00075245,Consumer Discretionary,Marine Transportation,2014,2026-09-24,nasdaq_screener,
LPL,LG Display Co Ltd AMERICAN DEPOSITORY SHARES,2940000000.0,2.94,1000000000.0,Technology,Industrial Machinery/Components,2004,2026-09-24,nasdaq_screener,
LPLA,LPL Financial Holdings Inc. Common Stock,23817180456.0,302.47,78742289.99900816,Finance,Investment Bankers/Brokers/Service,2010,2026-09-24,nasdaq_screener,
LPTH,LightPath Technologies Inc. Class A Common Stock,687055632.0,9.81,70036251.98776758,Technology,Semiconductors,1996,2026-09-24,nasdaq_screener,
LPX,Louisiana-Pacific Corporation Common Stock,4756190348.0,68.02,69923409.99705969,Basic Materials,Forest Products,,2026-09-24,nasdaq_screener,
LQDA,Liquidia Corporation Common Stock,6040955054.0,67.49,89508891.00607498,Health Care,Biotechnology: Pharmaceutical Preparations,2018,2026-09-24,nasdaq_screener,
LQDT,Liquidity Services Inc. Common Stock,1338486721.0,42.72,31331618.00093633,Consumer Discretionary,Business Services,2006,2026-09-24,nasdaq_screener,
LRCX,Lam Research Corporation Common Stock,384505916880.0,307.28,1251321000.0,Technology,Industrial Machinery/Components,1984,2026-09-24,nasdaq_screener,
LRHC,La Rosa Holdings Corp. Common Stock,1520936.0,2.67,569638.9513108614,Finance,Real Estate,2023,2026-09-24,nasdaq_screener,
LRMR,Larimar Therapeutics Inc. Common Stock,401507552.0,3.865,103882937.12807244,Health Care,Biotechnology: Pharmaceutical Preparations,2014,2026-09-24,nasdaq_screener,
LRN,Stride Inc. Common Stock,3263694628.0,78.53,41559845.0019101,Real Estate,Other Consumer Services,,2026-09-24,nasdaq_screener,
LSAK,Lesaka Technologies Inc. Common Stock,361319436.0,4.21,85824094.06175771,Finance,Investment Bankers/Brokers/Service,,2026-09-24,nasdaq_screener,
LSBK,Lake Shore Bancorp Inc. Common Stock,141368184.0,18.0,7853788.0,Finance,Savings Institutions,2006,2026-09-24,nasdaq_screener,
LSCC,Lattice Semiconductor Corporation Common Stock,17279402892.0,121.66,142030272.00394544,Technology,Semiconductors,,2026-09-24,nasdaq_screener,
LSE,Leishen Energy Holding Co. Ltd. Class A Ordinary Shares,93637500.0,5.5,17025000.0,Consumer Discretionary,Oil and Gas Field Machinery,2024,2026-09-24,nasdaq_screener,
LSF,Laird Superfood Inc. Common Stock,40182454.0,3.59,11192884.122562675,Consumer Staples,Packaged Foods,2020,2026-09-24,nasdaq_screener,
LSPD,Lightspeed Commerce Inc. Subordinate Voting Shares,1278485739.0,9.59,133314467.04900938,Technology,Computer Software: Prepackaged Software,,2026-09-24,nasdaq_screener,
LSTA,Lisata Therapeutics Inc. Common Stock,15503835.0,1.435,10804066.202090591,Health Care,Biotechnology: Pharmaceutical Preparations,,2026-09-24,nasdaq_screener,
LSTR,Landstar System Inc. Common Stock,5666787737.0,166.98,33936925.00299437,Industrials,Trucking Freight/Courier Services,1993,2026-09-24,nasdaq_screener,
LTBR,Lightbridge Corporation Common Stock,251718372.0,6.72,37458091.071428575,Basic Materials,Major Chemicals,,2026-09-24,nasdaq_screener,
LTC,LTC Properties Inc. Common Stock,2293142650.0,42.54,53905562.99952985,Real Estate,Real Estate Investment Trusts,,2026-09-24,nasdaq_screener,
LTGO,Latigo Biotherapeutics Inc. Common Stock,1323997960.0,19.97,66299347.0205308,Health Care,Biotechnology: Pharmaceutical Preparations,2026,2026-09-24,nasdaq_screener,
LTGR,Long Table Growth Corp. Class A Ordinary Shares,0.0,9.965,,Finance,Blank Checks,2026,2026-09-24,nasdaq_screener,
LTH,Life Time Group Holdings Inc. Common Stock,8864735477.0,39.67,223461947.9959667,Consumer Discretionary,Hotels/Resorts,2021,2026-09-24,nasdaq_screener,
LTRN,Lantern Pharma Inc. Common Stock,17769963.0,1.39,12784146.043165468,Health Care,Biotechnology: Pharmaceutical Preparations,2020,2026-09-24,nasdaq_screener,
LTRX,Lantronix Inc. Common Stock,300028160.0,6.4,46879400.0,Telecommunications,Computer Communications Equipment,2000,2026-09-24,nasdaq_screener,
LUCD,Lucid Diagnostics Inc. Common Stock,170501366.0,0.8389,203243969.4838479,Health Care,Medical/Dental Instruments,2021,2026-09-24,nasdaq_screener,
LUCK,Lucky Strike Entertainment Corporation Class A Common Stock,719811946.0,5.28,136328020.07575756,Consumer Discretionary,Services-Misc. Amusement & Recreation,2021,2026-09-24,nasdaq_screener,
LUCY,Innovative Eyewear Inc. Common Stock,7937679.0,0.922,8609196.312364426,Health Care,Ophthalmic Goods,2022,2026-09-24,nasdaq_screener,
LUD,Luda Technology Group Limited Ordinary Shares,94730750.0,4.175,22690000.0,Industrials,Steel/Iron Ore,2025,2026-09-24,nasdaq_screener,
LULU,lululemon athletica inc. Common Stock,10800160866.0,102.28,105594064.00078216,Consumer Discretionary,Apparel,2007,2026-09-24,nasdaq_screener,
LUMN,Lumen Technologies Inc. Common Stock,6322760327.0,6.13,1031445404.0783035,Telecommunications,Telecommunications Equipment,,2026-09-24,nasdaq_screener,
LUNG,Pulmonx Corporation Common Stock,85896538.0,2.0,42948269.0,Health Care,Medical/Dental Instruments,2020,2026-09-24,nasdaq_screener,
LUNR,Intuitive Machines Inc. Class A Common Stock,3488802796.0,15.24,228924067.97900262,Industrials,Industrial Machinery/Components,2021,2026-09-24,nasdaq_screener,
LUV,Southwest Airlines Company Common Stock,20077104569.0,41.04,489208200.99902534,Consumer Discretionary,Air Freight/Delivery Services,,2026-09-24,nasdaq_screener,
LVLU,Lulu's Fashion Lounge Holdings Inc. Common Stock,30323843.0,10.56,2871576.0416666665,Consumer Discretionary,Catalog/Specialty Distribution,2021,2026-09-24,nasdaq_screener,
LVO,LiveOne Inc. Common Stock,33456765.0,2.44,13711788.93442623,Consumer Discretionary,Restaurants,,2026-09-24,nasdaq_screener,
LVS,Las Vegas Sands Corp. Common Stock,25383409401.0,39.19,647701184.0010207,Consumer Discretionary,Hotels/Resorts,2004,2026-09-24,nasdaq_screener,
LVWR,LiveWire Group Inc. Common Stock,279360942.0,1.36,205412457.35294116,Consumer Discretionary,Motor Vehicles,2022,2026-09-24,nasdaq_screener,
LW,Lamb Weston Holdings Inc. Common Stock ,6192144735.0,45.04,137481010.99023092,Consumer Staples,Packaged Foods,2016,2026-09-24,nasdaq_screener,
LWAC,LightWave Acquisition Corp. Class A Ordinary Shares,0.0,10.3821,,Finance,Blank Checks,2025,2026-09-24,nasdaq_screener,
LWAY,Lifeway Foods Inc. Common Stock,337031526.0,22.31,15106747.01927387,Consumer Staples,Packaged Foods,,2026-09-24,nasdaq_screener,
LWLG,Lightwave Logic Inc. Common Stock,812461434.0,5.27,154167255.028463,Industrials,Containers/Packaging,,2026-09-24,nasdaq_screener,
LXEO,Lexeo Therapeutics Inc. Common Stock,288802818.0,3.52,82046255.11363636,Health Care,Biotechnology: Biological Products (No Diagnostic Substances),2023,2026-09-24,nasdaq_screener,
LXFR,Luxfer Holdings PLC Ordinary Shares,462132092.0,17.27,26759240.995946728,Basic Materials,Major Chemicals,2012,2026-09-24,nasdaq_screener,
LXP,LXP Industrial Trust Common Stock (Maryland REIT),3589318232.0,60.88,58957263.99474376,Real Estate,Real Estate Investment Trusts,,2026-09-24,nasdaq_screener,
LXRX,Lexicon Pharmaceuticals Inc. Common Stock,916609224.0,2.06,444955933.98058254,Health Care,Biotechnology: Pharmaceutical Preparations,,2026-09-24,nasdaq_screener,
LXU,LSB Industries Inc. Common Stock,739414366.0,10.27,71997503.99221033,Basic Materials,Major Chemicals,2003,2026-09-24,nasdaq_screener,
LYB,LyondellBasell Industries NV Ordinary Shares Class A (Netherlands),19372585981.0,59.97,323037951.992663,Industrials,Major Chemicals,,2026-09-24,nasdaq_screener,
LYEL,Lyell Immunopharma Inc. Common Stock,258039135.0,10.53,24505141.025641028,Health Care,Biotechnology: Pharmaceutical Preparations,2021,2026-09-24,nasdaq_screener,
LYFT,Lyft Inc. Class A Common Stock,5591039478.0,14.77,378540249.0182803,Consumer Discretionary,Business Services,2019,2026-09-24,nasdaq_screener,
LYNX,Lyntris Inc. Common Stock,1505023004.0,12.98,115949383.97534668,Industrials,Industrial Machinery/Components,2026,2026-09-24,nasdaq_screener,
LYTS,LSI Industries Inc. Common Stock,754169441.0,20.24,37261336.01778656,Consumer Discretionary,Building Products,1985,2026-09-24,nasdaq_screener,
LYV,Live Nation Entertainment Inc. Common Stock,39829191356.0,169.03,235633860.0011832,Consumer Discretionary,Services-Misc. Amusement & Recreation,,2026-09-24,nasdaq_screener,
LZ,LegalZoom.com Inc. Common Stock,991623261.0,5.79,171264811.91709843,Technology,EDP Services,2021,2026-09-24,nasdaq_screener,
LZB,La-Z-Boy Incorporated Common Stock,1201983658.0,30.01,40052771.00966344,Consumer Discretionary,Home Furnishings,,2026-09-24,nasdaq_screener,
LZM,Lifezone Metals Limited Ordinary Shares,356061646.0,3.96,89914557.07070707,Basic Materials,Metal Mining,,2026-09-24,nasdaq_screener,
LZMH,LZ Technology Holdings Limited Class B Ordinary Shares,10774200.0,1.2,8978500.0,Technology,EDP Services,2025,2026-09-24,nasdaq_screener,
M,Macy's Inc Common Stock,5808568607.0,22.24,261176645.99820146,Consumer Discretionary,Department/Specialty Retail Stores,,2026-09-24,nasdaq_screener,
MA,Mastercard Incorporated Common Stock,490495485605.0,559.92,876009940.0003573,Consumer Discretionary,Business Services,2006,2026-09-24,nasdaq_screener,
MAA,Mid-America Apartment Communities Inc. Common Stock,13665066095.0,117.78,116021956.9960944,Real Estate,Real Estate Investment Trusts,1994,2026-09-24,nasdaq_screener,
MAAS,Maase Inc. Class A Ordinary Shares,6659164205.0,15.06,442175578.02124834,Finance,Investment Managers,2019,2026-09-24,nasdaq_screener,
MAC,Macerich Company (The) Common Stock,6428291031.0,22.67,283559374.9889722,Real Estate,Real Estate Investment Trusts,1994,2026-09-24,nasdaq_screener,
MACI,Melar Acquisition Corp. I Class A Ordinary Shares,0.0,11.05,,,,2024,2026-09-24,nasdaq_screener,
MAGN,Magnera Corporation Common Stock,423156000.0,11.82,35800000.0,Basic Materials,Paper,2000,2026-09-24,nasdaq_screener,
MAIA,MAIA Biotechnology Inc. Common Stock,80301152.0,1.32,60834206.060606055,Health Care,Biotechnology: Pharmaceutical Preparations,2022,2026-09-24,nasdaq_screener,
MAIN,Main Street Capital Corporation Common Stock,5150446032.0,55.08,93508461.00217865,Finance,Finance/Investors Services,2007,2026-09-24,nasdaq_screener,
MAIR,Madison Air Solutions Corporation Class A Common Stock,12673513179.0,25.26,501722611.9952494,Industrials,Pollution Control Equipment,2026,2026-09-24,nasdaq_screener,
MAKO,Mako Mining Corp Common Stock,882191504.0,10.07,87605909.03674279,Basic Materials,Precious Metals,,2026-09-24,nasdaq_screener,
MAMA,Mama's Creations Inc. Common Stock,627061338.0,13.3,47147469.02255639,Consumer Staples,Specialty Foods,,2026-09-24,nasdaq_screener,
MAMO,Massimo Group Common Stock,39392339.0,0.946,41640950.31712474,Consumer Discretionary,Industrial Specialties,2024,2026-09-24,nasdaq_screener,
MAN,ManpowerGroup Common Stock,2668024551.0,57.37,46505570.00174307,Consumer Discretionary,Professional Services,,2026-09-24,nasdaq_screener,
MANE,Veradermics Incorporated Common Stock,4837304146.0,115.78,41780135.99930903,Health Care,Biotechnology: Pharmaceutical Preparations,2026,2026-09-24,nasdaq_screener,
MANH,Manhattan Associates Inc. Common Stock,12265616960.0,210.37,58304972.00171127,Technology,Computer Software: Prepackaged Software,1998,2026-09-24,nasdaq_screener,
MAR,Marriott International Class A Common Stock,91701072838.0,351.66,260766287.9997725,Consumer Discretionary,Hotels/Resorts,,2026-09-24,nasdaq_screener,
MARA,MARA Holdings Inc. Common Stock,5157095615.0,13.35,386299297.0037453,Finance,Finance: Consumer Services,,2026-09-24,nasdaq_screener,
MAS,Masco Corporation Common Stock,13440295229.0,68.16,197187430.00293428,Industrials,Industrial Specialties,,2026-09-24,nasdaq_screener,
MASK,3 E Network Technology Group Ltd Class A Ordinary Shares,3420035.0,0.945,3619084.6560846562,Technology,EDP Services,2025,2026-09-24,nasdaq_screener,
MASS,908 Devices Inc. Common Stock,452190733.0,10.94,41333705.02742231,Industrials,Industrial Machinery/Components,2020,2026-09-24,nasdaq_screener,
MAT,Mattel Inc. Common Stock,3736956000.0,13.08,285700000.0,Consumer Discretionary,Recreational Games/Products/Toys,,2026-09-24,nasdaq_screener,
MATH,Metalpha Technology Holding Limited Ordinary Shares,47537986.0,1.0,47537986.0,Finance,Finance: Consumer Services,2017,2026-09-24,nasdaq_screener,
MATV,Mativ Holdings Inc. Common Stock,678286304.0,12.29,55190097.96582588,Basic Materials,Paper,,2026-09-24,nasdaq_screener,
MATW,Matthews International Corporation Class A Common Stock,615211640.0,19.71,31213173.00862506,Telecommunications,Metal Fabrications,1994,2026-09-24,nasdaq_screener,
MATX,Matson Inc. Common Stock,6635876365.0,221.91,29903458.000991393,Consumer Discretionary,Marine Transportation,,2026-09-24,nasdaq_screener,
MAX,MediaAlpha Inc. Class A Common Stock,575268753.0,9.39,61263977.955271564,Consumer Discretionary,Business Services,2020,2026-09-24,nasdaq_screener,
MAYS,J. W. Mays Inc. Common Stock,81941457.0,40.65,2015780.0,Real Estate,Building operators,,2026-09-24,nasdaq_screener,
MAZE,Maze Therapeutics Inc. Common Stock,1560376129.0,28.09,55549167.995728016,Health Care,Biotechnology: Biological Products (No Diagnostic Substances),2025,2026-09-24,nasdaq_screener,
MB,MasterBeef Group Ordinary Shares,69992400.0,4.08,17155000.0,Consumer Discretionary,Restaurants,2025,2026-09-24,nasdaq_screener,
MBAI,MBody AI Ltd. Ordinary Share,83655904.0,5.47,15293583.91224863,Health Care,Medical Electronics,2015,2026-09-24,nasdaq_screener,
MBBC,Marathon Bancorp Inc. Common Stock,45615080.0,15.155,3009903.002309469,Finance,Banks,,2026-09-24,nasdaq_screener,
MBC,MasterBrand Inc. Common Stock,1467166433.0,7.21,203490490.0138696,Consumer Discretionary,Home Furnishings,2022,2026-09-24,nasdaq_screener,
MBGL,Mobility Global Inc. Common Stock,5566226522.0,18.88,294821320.0211865,Consumer Discretionary,Business Services,2026,2026-09-24,nasdaq_screener,
MBI,MBIA Inc. Common Stock,230084162.0,4.51,51016443.90243903,Finance,Property-Casualty Insurers,1987,2026-09-24,nasdaq_screener,
MBIN,Merchants Bancorp Common Stock,2359838913.0,51.37,45938075.00486666,Finance,Major Banks,2017,2026-09-24,nasdaq_screener,
MBIO,Mustang Bio Inc. Common Stock,3875137.0,0.5114,7577506.843957763,Health Care,Biotechnology: Pharmaceutical Preparations,,2026-09-24,nasdaq_screener,
MBLY,Mobileye Global Inc. Class A Common Stock,6469927621.0,7.61,850187598.0289093,Technology,Computer Software: Prepackaged Software,2022,2026-09-24,nasdaq_screener,
MBOT,Microbot Medical Inc. Common Stock,87985889.0,1.31,67164800.76335877,Health Care,Medical/Dental Instruments,,2026-09-24,nasdaq_screener,
MBRX,Moleculin Biotech Inc. Common Stock,10282109.0,0.5279,19477380.185641218,Health Care,Biotechnology: Pharmaceutical Preparations,2016,2026-09-24,nasdaq_screener,
MBUU,Malibu Boats Inc. Class A Common Stock,456709576.0,23.21,19677276.001723394,Industrials,Marine Transportation,2014,2026-09-24,nasdaq_screener,
MBVI,M3-Brigade Acquisition VI Corp. Class A Ordinary Shares,0.0,10.24,,,,2025,2026-09-24,nasdaq_screener,
MBWM,Mercantile Bank Corporation Common Stock,1014338314.0,58.68,17285929.004771642,Finance,Major Banks,1998,2026-09-24,nasdaq_screener,
MBX,MBX Biosciences Inc. Common Stock,2787987957.0,57.89,48160095.99239938,Health Care,Biotechnology: Pharmaceutical Preparations,2024,2026-09-24,nasdaq_screener,
MC,Moelis & Company Class A Common Stock,4553694376.0,58.18,78269067.99587487,Finance,Investment Managers,2014,2026-09-24,nasdaq_screener,
MCAH,Mountain Crest Acquisition 6 Corp. Ordinary Shares,0.0,10.03,,Finance,Blank Checks,2026,2026-09-24,nasdaq_screener,
MCB,Metropolitan Bank Holding Corp. Common Stock,1087657064.0,87.73,12397778.000683917,Finance,Major Banks,2017,2026-09-24,nasdaq_screener,
MCBS,MetroCity Bankshares Inc. Common Stock,991513339.0,34.45,28781228.99854862,Finance,Major Banks,2019,2026-09-24,nasdaq_screener,
MCD,McDonald's Corporation Common Stock,168645129668.0,238.32,707641531.0003357,Consumer Discretionary,Restaurants,,2026-09-24,nasdaq_screener,
MCFT,MasterCraft Boat Holdings Inc. Common Stock,477051672.0,19.6,24339371.02040816,Industrials,Marine Transportation,2015,2026-09-24,nasdaq_screener,
MCGA,Yorkville Acquisition Corp. Class A Ordinary Share,0.0,10.36,,Utilities,Electric Utilities: Central,2025,2026-09-24,nasdaq_screener,
MCHB,Mechanics Bancorp Class A Common Stock,3304680915.0,15.0,220312061.0,Finance,Major Banks,2012,2026-09-24,nasdaq_screener,
MCHP,Microchip Technology Incorporated Common Stock,41013446431.0,75.53,543008690.9969548,Technology,Semiconductors,1993,2026-09-24,nasdaq_screener,
MCHX,Marchex Inc. Class B Common Stock,58969394.0,1.33,44337890.225563906,Technology,Computer Software: Prepackaged Software,2004,2026-09-24,nasdaq_screener,
MCI,Barings Corporate Investors Common Stock,379501997.0,18.73,20261719.006940737,Finance,Trusts Except Educational Religious and Charitable,,2026-09-24,nasdaq_screener,
MCK,McKesson Corporation Common Stock,102657814622.0,880.5,116590363.00056785,Health Care,Other Pharmaceuticals,,2026-09-24,nasdaq_screener,
MCO,Moody's Corporation Common Stock,82070820000.0,473.85,173200000.0,Finance,Finance: Consumer Services,,2026-09-24,nasdaq_screener,
MCRB,Seres Therapeutics Inc. Common Stock,38069720.0,3.79,10044781.002638523,Health Care,Biotechnology: Pharmaceutical Preparations,2015,2026-09-24,nasdaq_screener,
MCRI,Monarch Casino & Resort Inc. Common Stock,2107150794.0,117.57,17922521.000255167,Consumer Discretionary,Hotels/Resorts,1993,2026-09-24,nasdaq_screener,
MCRP,Micropolis AI Robotics Ordinary Shares,28905078.0,0.8285,34888446.5902233,Consumer Discretionary,Auto Parts:O.E.M.,2025,2026-09-24,nasdaq_screener,
MCS,Marcus Corporation (The) Common Stock,857134020.0,27.8,30832158.992805753,Consumer Discretionary,Movies/Entertainment,,2026-09-24,nasdaq_screener,
MCY,Mercury General Corporation Common Stock,5419223266.0,97.84,55388627.00327064,Finance,Property-Casualty Insurers,,2026-09-24,nasdaq_screener,
MD,Pediatrix Medical Group Inc. Common Stock,2101209588.0,25.86,81253270.99767981,Health Care,Hospital/Nursing Management,,2026-09-24,nasdaq_screener,
MDA,MDA Space Ltd. Common Shares,5121711877.0,31.59,162130796.9927192,Consumer Discretionary,Electronic Components,2026,2026-09-24,nasdaq_screener,
MDAI,Spectral AI Inc. Class A Common Stock,53426980.0,1.66,32184927.710843377,Health Care,Medical/Dental Instruments,2021,2026-09-24,nasdaq_screener,
MDB,MongoDB Inc. Class A Common Stock,34507114231.0,428.36,80556341.00056027,Technology,Computer Software: Prepackaged Software,2017,2026-09-24,nasdaq_screener,
MDBH,MDB Capital Holdings LLC Class A common,13596580.0,2.5,5438632.0,Finance,Finance: Consumer Services,2023,2026-09-24,nasdaq_screener,
MDCX,Medicus Pharma Ltd. Common Stock  ,9590786.0,0.1594,60168042.65997491,Health Care,Biotechnology: Pharmaceutical Preparations,,2026-09-24,nasdaq_screener,
MDGL,Madrigal Pharmaceuticals Inc. Common Stock,11852878721.0,513.02,23104126.000935636,Health Care,Biotechnology: Pharmaceutical Preparations,2007,2026-09-24,nasdaq_screener,
MDIA,Mediaco Holding Inc. Class A Common Stock ,92421844.0,1.1,84019858.18181817,Consumer Discretionary,Broadcasting,,2026-09-24,nasdaq_screener,
MDLN,Medline Inc. Class A Common Stock,45094466976.0,34.3,1314707492.011662,Health Care,Medical/Dental Instruments,2025,2026-09-24,nasdaq_screener,
MDLZ,Mondelez International Inc. Class A Common Stock,78416367022.0,61.44,1276308056.998698,Consumer Staples,Packaged Foods,,2026-09-24,nasdaq_screener,
MDRR,Medalist Diversified Inc. Common Stock,19314010.0,11.86,1628500.0,Real Estate,Real Estate Investment Trusts,2018,2026-09-24,nasdaq_screener,
MDT,Medtronic plc. Ordinary Shares,114227013577.0,89.3,1279137890.0,Health Care,Biotechnology: Electromedical & Electrotherapeutic Apparatus,,2026-09-24,nasdaq_screener,
MDU,MDU Resources Group Inc. Common Stock (Holding Company),3868326496.0,18.39,210349456.00870037,Industrials,Mining & Quarrying of Nonmetallic Minerals (No Fuels),,2026-09-24,nasdaq_screener,
MDWD,MediWound Ltd. Ordinary Shares,176225295.0,13.65,12910278.021978023,Health Care, Medicinal Chemicals and Botanical Products ,2014,2026-09-24,nasdaq_screener,
MDXG,MiMedx Group Inc Common Stock,695277432.0,4.77,145760467.9245283,Health Care,Medical/Dental Instruments,,2026-09-24,nasdaq_screener,
MDXH,MDxHealth SA Ordinary Shares,57775225.0,0.6055,95417382.328654,Health Care,Medical Specialities,2021,2026-09-24,nasdaq_screener,
MEC,Mayville Engineering Company Inc. Common Stock,444980776.0,17.45,25500331.00286533,Industrials,Industrial Specialties,2019,2026-09-24,nasdaq_screener,
MED,MEDIFAST INC Common Stock,133609401.0,11.95,11180703.012552302,Consumer Staples,Packaged Foods,,2026-09-24,nasdaq_screener,
MEDP,Medpace Holdings Inc. Common Stock,17225677883.0,617.15,27911654.999594912,Health Care,Biotechnology: Commercial Physical & Biological Resarch,2016,2026-09-24,nasdaq_screener,
MEDS,DataMeds AI Inc. Common Stock,10852435.0,3.83,2833533.942558747,Health Care,Other Pharmaceuticals,2025,2026-09-24,nasdaq_screener,
MEGL,Magic Empire Global Limited Class A Ordinary Shares,72878242.0,1.1201,65064049.638425134,Finance,Finance: Consumer Services,2022,2026-09-24,nasdaq_screener,
MEI,Methode Electronics Inc. Common Stock,528616136.0,14.83,35645053.00067431,Technology,Electrical Products,,2026-09-24,nasdaq_screener,
MELI,MercadoLibre Inc. Common Stock,91215714030.0,1799.24,50696801.99973322,Consumer Discretionary,Business Services,2007,2026-09-24,nasdaq_screener,
MENS,Jyong Biotech Ltd. Ordinary Shares,162699207.0,2.14,76027666.8224299,Health Care,Biotechnology: Pharmaceutical Preparations,2025,2026-09-24,nasdaq_screener,
MEOH,Methanex Corporation Common Stock,4576096156.0,59.15,77364262.99239223,Industrials,Major Chemicals,,2026-09-24,nasdaq_screener,
MERC,Mercer International Inc. Common Stock,21626719.0,0.3227,67018032.228075616,Basic Materials,Paper,,2026-09-24,nasdaq_screener,
MESH,Meshflow Acquisition Corp. Class A Ordinary Shares,0.0,10.08,,,,2026,2026-09-24,nasdaq_screener,
MET,MetLife Inc. Common Stock,61768357304.0,97.2,635476926.9958848,Finance,Life Insurance,2000,2026-09-24,nasdaq_screener,
META,Meta Platforms Inc. Class A Common Stock,1895599382023.0,744.1,2547506225.000672,Technology,Computer Software: Programming Data Processing,2012,2026-09-24,nasdaq_screener,
METC,Ramaco Resources Inc. Class A Common Stock,590980783.0,9.28,63683274.030172415,Energy,Coal Mining,2017,2026-09-24,nasdaq_screener,
METCB,Ramaco Resources Inc. Class B Common Stock,300585053.0,4.72,63683273.94067797,Energy,Coal Mining,,2026-09-24,nasdaq_screener,
MEVO,M Evo Global Acquisition Corp II Class A Ordinary Shares,0.0,10.015,,Finance,Blank Checks,2026,2026-09-24,nasdaq_screener,
MF,MindForge Inc. Class A Ordinary Shares,24223510.0,13.336,1816399.9700059989,Technology,Computer Software: Programming Data Processing,2024,2026-09-24,nasdaq_screener,
MFA,MFA Financial Inc.,841051644.0,8.32,101087937.98076923,Real Estate,Real Estate Investment Trusts,,2026-09-24,nasdaq_screener,
MFC,Manulife Financial Corporation Common Stock,72763626410.0,43.6,1668890513.9908257,Finance,Life Insurance,,2026-09-24,nasdaq_screener,
MFG,Mizuho Financial Group Inc. Sponosred ADR (Japan),133704869498.0,10.74,12449242970.018621,Finance,Major Banks,,2026-09-24,nasdaq_screener,
MFI,mF International Limited Class A Ordinary Shares,471658959.0,9.4,50176485.0,Technology,EDP Services,2024,2026-09-24,nasdaq_screener,
MFIN,Medallion Financial Corp. Common Stock,264961273.0,11.54,22960248.96013865,Finance,Finance: Consumer Services,,2026-09-24,nasdaq_screener,
MFP,Midera Food Processing Inc. Common Stock,2026324384.0,44.8,45230455.0,Industrials,Industrial Machinery/Components,,2026-09-24,nasdaq_screener,
MG,Mistras Group Inc Common Stock,666936759.0,20.94,31849892.97994269,Consumer Discretionary,Military/Government/Technical,2009,2026-09-24,nasdaq_screener,
MGA,Magna International Inc. Common Stock,16917405471.0,63.73,265454346.0065903,Consumer Discretionary,Auto Parts:O.E.M.,,2026-09-24,nasdaq_screener,
MGEE,MGE Energy Inc,2677375090.0,70.86,37784011.995484054,Energy,Electric Utilities: Central,,2026-09-24,nasdaq_screener,
MGIH,Millennium Group International Holdings Limited Ordinary Shares,17718750.0,1.575,11250000.0,Consumer Discretionary,Publishing,2023,2026-09-24,nasdaq_screener,
MGLD,The Marygold Companies Inc. Common Stock,41003760.0,0.96,42712250.0,Finance,Finance: Consumer Services,2022,2026-09-24,nasdaq_screener,
MGM,MGM Resorts International Common Stock,9777530963.0,37.85,258323143.01188904,Consumer Discretionary,Hotels/Resorts,,2026-09-24,nasdaq_screener,
MGN,Megan Holdings Limited Class A Ordinary Shares,3653750.0,3.95,925000.0,Consumer Staples,Farming/Seeds/Milling,2025,2026-09-24,nasdaq_screener,
MGNI,Magnite Inc. Common Stock,3450785217.0,24.06,143424156.98254365,Technology,Computer Software: Programming Data Processing,,2026-09-24,nasdaq_screener,
MGNX,MacroGenics Inc. Common Stock,242060711.0,3.8,63700187.10526316,Health Care,Biotechnology: Pharmaceutical Preparations,2013,2026-09-24,nasdaq_screener,
MGPI,MGP Ingredients Inc.,277098143.0,12.94,21414075.96599691,Consumer Staples,Beverages (Production/Distribution),,2026-09-24,nasdaq_screener,
MGRC,McGrath RentCorp Common Stock,2765962078.0,113.24,24425662.998940304,Consumer Discretionary,Diversified Commercial Services,1984,2026-09-24,nasdaq_screener,
MGRT,Mega Fortune Company Limited Ordinary Shares,1650000000.0,120.0,13750000.0,Technology,EDP Services,2025,2026-09-24,nasdaq_screener,
MGRX,Mangoceuticals Inc. Common Stock,9681616.0,0.4489,21567422.58854979,Health Care,Misc Health and Biotechnology Services,2023,2026-09-24,nasdaq_screener,
MGTX,MeiraGTx Holdings plc Ordinary Shares,1128505203.0,11.75,96042996.0,Health Care,Biotechnology: Biological Products (No Diagnostic Substances),2018,2026-09-24,nasdaq_screener,
MGX,Metagenomi Therapeutics Inc. Common Stock,42688129.0,1.13,37777105.309734516,Health Care,Biotechnology: Biological Products (No Diagnostic Substances),2024,2026-09-24,nasdaq_screener,
MGY,Magnolia Oil & Gas Corporation Class A Common Stock,6544714383.0,24.42,268006321.99017197,Energy,Oil & Gas Production,2017,2026-09-24,nasdaq_screener,
MGYR,Magyar Bancorp Inc. Common Stock,124137015.0,19.23,6455382.995319813,Finance,Savings Institutions,2006,2026-09-24,nasdaq_screener,
MH,McGraw Hill Inc. Common Stock,2630496193.0,13.75,191308814.03636363,Consumer Discretionary,Publishing,2025,2026-09-24,nasdaq_screener,
MHH,Mastech Digital Inc Common Stock,87691841.0,7.3,12012580.95890411,Consumer Discretionary,Professional Services,,2026-09-24,nasdaq_screener,
MHK,Mohawk Industries Inc. Common Stock,8104869049.0,119.65,67738144.99791057,Consumer Discretionary,Home Furnishings,,2026-09-24,nasdaq_screener,
MHO,M/I Homes Inc. Common Stock,3483243181.0,137.77,25283031.0009436,Consumer Discretionary,Homebuilding,1993,2026-09-24,nasdaq_screener,
MI,NFT Limited Class A Ordinary Share,1230857.0,2.41,510729.0456431535,Finance,Finance: Consumer Services,2023,2026-09-24,nasdaq_screener,
MIAC,Meridian3 Industrials Acquisition Corp Class A Ordinary Shares,0.0,9.82,,,,2026,2026-09-24,nasdaq_screener,
MIAX,Miami International Holdings Inc. Common Stock,3561396929.0,35.89,99230897.99387015,Finance,Investment Bankers/Brokers/Service,2025,2026-09-24,nasdaq_screener,
MICC,The Magnum Ice Cream Company N.V. Ordinary Shares,11669670625.0,19.06,612259738.9821616,Consumer Staples,Specialty Foods,2025,2026-09-24,nasdaq_screener,
MIDD,Middleby Corporation (The) Common Stock,5030534103.0,111.24,45222349.0021575,Industrials,Industrial Machinery/Components,,2026-09-24,nasdaq_screener,
MIMI,Mint Incorporation Limited Class A Ordinary Shares,12442333.0,0.7829,15892621.024396474,Consumer Discretionary,Business Services,2025,2026-09-24,nasdaq_screener,
MIND,MIND Technology Inc. Common Stock (DE),40628076.0,4.47,9089055.033557048,Industrials,Industrial Machinery/Components,1994,2026-09-24,nasdaq_screener,
MINE,Mayfair Gold Corp. Common Shares,190673329.0,2.84,67138496.12676057,Energy,Oil & Gas Production,2026,2026-09-24,nasdaq_screener,
MIR,Mirion Technologies Inc. Class A Common Stock,4079236658.0,16.38,249037647.00854704,Industrials,Industrial Machinery/Components,2020,2026-09-24,nasdaq_screener,
MIRA,MIRA Pharmaceuticals Inc. Common Stock,36042344.0,0.8577,42022086.976798415,Health Care,Biotechnology: Pharmaceutical Preparations,2023,2026-09-24,nasdaq_screener,
MIRM,Mirum Pharmaceuticals Inc. Common Stock,5799744372.0,89.32,64932203.00044783,Health Care,Biotechnology: Pharmaceutical Preparations,2019,2026-09-24,nasdaq_screener,
MIST,Milestone Pharmaceuticals Inc. Common Shares,107317259.0,0.862,124497980.27842228,Health Care,Biotechnology: Pharmaceutical Preparations,2019,2026-09-24,nasdaq_screener,
MITK,Mitek Systems Inc. Common Stock,798214796.0,17.69,45122373.99660825,Technology,Computer peripheral equipment,,2026-09-24,nasdaq_screener,
MITQ,Moving iMage Technologies Inc. Common Stock,6152529.0,0.6189,9941071.255453223,Consumer Discretionary,Industrial Machinery/Components,2021,2026-09-24,nasdaq_screener,
MITT,TPG Mortgage Investment Trust Inc. Common Stock,196863510.0,6.19,31803474.959612276,Real Estate,Real Estate Investment Trusts,2011,2026-09-24,nasdaq_screener,
MKC,McCormick & Company Incorporated Common Stock,13197922688.0,49.09,268851552.0065186,Consumer Staples,Packaged Foods,,2026-09-24,nasdaq_screener,
MKDW,MKDWELL Tech Inc. Ordinary Share,53349570.0,1.56,34198442.307692304,Technology,Consumer Electronics/Appliances,,2026-09-24,nasdaq_screener,
MKL,Markel Group Inc. Common Stock,21581696141.0,1741.87,12389957.999735916,Finance,Property-Casualty Insurers,1986,2026-09-24,nasdaq_screener,
MKLY,McKinley Acquisition Corporation Class A Ordinary Shares,0.0,10.25,,Finance,Blank Checks,2025,2026-09-24,nasdaq_screener,
MKSI,MKS Inc. Common Stock,17764484838.0,262.72,67617558.00091352,Industrials,Industrial Machinery/Components,1999,2026-09-24,nasdaq_screener,
MKTW,MarketWise Inc. Class A Common Stock,295771594.0,18.75,15774485.013333334,Technology,Computer Software: Prepackaged Software,,2026-09-24,nasdaq_screener,
MKTX,MarketAxess Holdings Inc. Common Stock,5761428186.0,163.71,35192891.002382256,Finance,Investment Bankers/Brokers/Service,2004,2026-09-24,nasdaq_screener,
MKZR,MacKenzie Realty Capital Inc. Common Stock,3801323.0,1.37,2774688.321167883,Real Estate,Real Estate Investment Trusts,,2026-09-24,nasdaq_screener,
MLAA,Mountain Lake Acquisition Corp. II Class A Ordinary Shares,0.0,10.01,,Finance,Blank Checks,2026,2026-09-24,nasdaq_screener,
MLAB,Mesa Laboratories Inc. Common Stock,744306536.0,133.01,5595869.002330652,Industrials,Industrial Machinery/Components,,2026-09-24,nasdaq_screener,
MLCI,Mount Logan Capital Inc. Common Stock,37258597.0,3.33,11188767.867867868,Finance,Investment Managers,,2026-09-24,nasdaq_screener,
MLEC,Moolec Science SA Ordinary Shares,4545499.0,6.26,726118.0511182109,Finance,Blank Checks,,2026-09-24,nasdaq_screener,
MLGO,MicroAlgo Inc. Class A Ordinary Shares,42411742.0,3.41,12437460.997067448,Technology,EDP Services,2021,2026-09-24,nasdaq_screener,
MLI,Mueller Industries Inc. Common Stock,13343873138.0,60.33,221181387.999337,Industrials,Metal Fabrications,,2026-09-24,nasdaq_screener,
MLKN,MillerKnoll Inc. Common Stock,1377410583.0,20.04,68733063.0239521,Consumer Discretionary,Office Equipment/Supplies/Services,,2026-09-24,nasdaq_screener,
MLM,Martin Marietta Materials Inc. Common Stock,29459290738.0,490.45,60065839.000917524,Industrials,Mining & Quarrying of Nonmetallic Minerals (No Fuels),1994,2026-09-24,nasdaq_screener,
MLP,Maui Land & Pineapple Company Inc. Common Stock,321916903.0,16.21,19859155.02776064,Finance,Real Estate,1998,2026-09-24,nasdaq_screener,
MLR,Miller Industries Inc. Common Stock,615174851.0,54.19,11352184.000738144,Consumer Discretionary,Construction/Ag Equipment/Trucks,,2026-09-24,nasdaq_screener,
MLSS,Milestone Scientific Inc. Common Stock,37708072.0,0.416,90644403.84615386,Health Care,Industrial Specialties,2015,2026-09-24,nasdaq_screener,
MLTX,MoonLake Immunotherapeutics Class A Ordinary Shares,1097876237.0,12.9,85106685.0387597,Health Care,Biotechnology: Pharmaceutical Preparations,2020,2026-09-24,nasdaq_screener,
MLYS,Mineralys Therapeutics Inc. Common Stock,2377261138.0,26.89,88406885.01301599,Health Care,Biotechnology: Pharmaceutical Preparations,2023,2026-09-24,nasdaq_screener,
MMA,Mixed Martial Arts Group Limited Ordinary Shares,11477967.0,0.4334,26483541.762805723,Consumer Discretionary,Other Consumer Services,2024,2026-09-24,nasdaq_screener,
MMED,MiniMed Group Inc. Common Stock,5778927583.0,20.54,281349931.01265824,Health Care,Medical/Dental Instruments,2026,2026-09-24,nasdaq_screener,
MMI,Marcus & Millichap Inc. Common Stock,1138781060.0,30.07,37871002.993016295,Finance,Real Estate,2013,2026-09-24,nasdaq_screener,
MMM,3M Company Common Stock,87827527615.0,170.3,515722416.9994128,Health Care,Medical/Dental Instruments,,2026-09-24,nasdaq_screener,
MMS,Maximus Inc. Common Stock,2816324072.0,53.79,52357763.00427589,Consumer Discretionary,Business Services,1997,2026-09-24,nasdaq_screener,
MMSI,Merit Medical Systems Inc. Common Stock,5198986269.0,87.07,59710419.995406,Health Care,Medical/Dental Instruments,,2026-09-24,nasdaq_screener,
MMTX,Miluna Acquisition Corp Class A Ordinary Share,0.0,10.19,,Finance,Blank Checks,2025,2026-09-24,nasdaq_screener,
MMYT,MakeMyTrip Limited Ordinary Shares,4401004795.0,46.79,94058662.00042744,Consumer Discretionary,Transportation Services,2010,2026-09-24,nasdaq_screener,
MNDO,MIND C.T.I. Ltd. Ordinary Shares,20588869.0,1.02,20185165.68627451,Technology,EDP Services,,2026-09-24,nasdaq_screener,
MNDR,Mobile-health Network Solutions Class A Ordinary Shares,1660406.0,1.39,1194536.6906474822,Technology,Computer Software: Prepackaged Software,2024,2026-09-24,nasdaq_screener,
MNDY,monday.com Ltd. Ordinary Shares,3709734378.0,86.46,42906943.99722415,Technology,Computer Software: Prepackaged Software,2021,2026-09-24,nasdaq_screener,
MNKD,MannKind Corporation Common Stock,1073958577.0,3.34,321544484.1317365,Health Care,Biotechnology: Pharmaceutical Preparations,2004,2026-09-24,nasdaq_screener,
MNOV,Medicinova Inc Common Stock,137819489.0,2.8,49221246.071428575,Health Care,Biotechnology: Pharmaceutical Preparations,,2026-09-24,nasdaq_screener,
MNPR,Monopar Therapeutics Inc. Common Stock,599933933.0,89.38,6712171.995972253,Health Care,Biotechnology: Pharmaceutical Preparations,2019,2026-09-24,nasdaq_screener,
MNRO,Monro Inc. Common Stock,438322121.0,14.02,31264059.985734664,Consumer Discretionary,Automotive Aftermarket,1991,2026-09-24,nasdaq_screener,
MNSB,MainStreet Bancshares Inc. Common Stock,176602685.0,24.8,7121076.008064516,Finance,Major Banks,,2026-09-24,nasdaq_screener,
MNST,Monster Beverage Corporation,129033073487.0,43.91,2938580584.992029,Consumer Staples,Beverages (Production/Distribution),,2026-09-24,nasdaq_screener,
MNTK,Montauk Renewables Inc. Common Stock,323826091.0,2.275,142341138.9010989,Utilities,Natural Gas Distribution,2021,2026-09-24,nasdaq_screener,
MNTN,MNTN Inc. Class A Common Stock,789921401.0,10.56,74803162.97348484,Consumer Discretionary,Advertising,2025,2026-09-24,nasdaq_screener,
MNTS,Momentus Inc. Class A Common Stock,92905186.0,4.23,21963400.945626475,Industrials,Military/Government/Technical,2019,2026-09-24,nasdaq_screener,
MNY,MoneyHero Limited Class A Ordinary Shares,31503152.0,0.709,44433218.617771514,Consumer Discretionary,Business Services,,2026-09-24,nasdaq_screener,
MO,Altria Group Inc.,115128843698.0,68.95,1669743926.004351,Health Care, Medicinal Chemicals and Botanical Products ,,2026-09-24,nasdaq_screener,
MOB,Mobilicom Limited Ordinary Shares,63798524.0,5.05,12633371.08910891,Industrials,Aerospace,2022,2026-09-24,nasdaq_screener,
MOBI,Mobia Medical Inc. Common Stock,304946439.0,9.16,33291095.96069869,Health Care,Medical/Dental Instruments,2026,2026-09-24,nasdaq_screener,
MOBX,Mobix Labs Inc. Class A Common Stock,14365226.0,0.8002,17952044.48887778,Technology,Semiconductors,2021,2026-09-24,nasdaq_screener,
MOD,Modine Manufacturing Company Common Stock,10256595042.0,193.11,53112708.0006214,Consumer Discretionary,Auto Parts:O.E.M.,,2026-09-24,nasdaq_screener,
MODD,Modular Medical Inc. Common Stock,18094827.0,2.22,8150822.972972972,Health Care,Medical/Dental Instruments,,2026-09-24,nasdaq_screener,
MOH,Molina Healthcare Inc Common Stock,9885114000.0,189.37,52200000.0,Health Care,Medical Specialities,2003,2026-09-24,nasdaq_screener,
MORN,Morningstar Inc. Common Stock,7514718543.0,200.32,37513571.001397766,Finance,Investment Managers,2005,2026-09-24,nasdaq_screener,
MOS,Mosaic Company (The) Common Stock,7747116893.0,24.37,317895645.9991793,Industrials,Agricultural Chemicals,,2026-09-24,nasdaq_screener,
MOV,Movado Group Inc. Common Stock,741659024.0,33.24,22312245.006016847,Consumer Discretionary,Consumer Specialties,,2026-09-24,nasdaq_screener,
MOVE,Corvex Inc. Common Stock,360326981.0,11.42,31552275.043782838,Technology,EDP Services,2021,2026-09-24,nasdaq_screener,
MP,MP Materials Corp. Common Stock,8707386637.0,48.89,178101587.9934547,Basic Materials,Metal Mining,2020,2026-09-24,nasdaq_screener,
MPAA,Motorcar Parts  of America Inc. Common Stock,199934666.0,10.56,18933207.007575758,Consumer Discretionary,Auto Parts:O.E.M.,,2026-09-24,nasdaq_screener,
MPB,Mid Penn Bancorp Common Stock,909534219.0,35.9,25335215.01392758,Finance,Major Banks,,2026-09-24,nasdaq_screener,
MPC,Marathon Petroleum Corporation Common Stock,109066721454.0,388.38,280824763.0001545,Energy,Integrated oil Companies,,2026-09-24,nasdaq_screener,
MPLT,MapLight Therapeutics Inc. Common Stock,697611737.0,10.77,64773606.03528319,Health Care,Biotechnology: Pharmaceutical Preparations,2025,2026-09-24,nasdaq_screener,
MPT,Medical Properties Trust Inc. common stock,2143948000.0,3.59,597200000.0,Real Estate,Real Estate Investment Trusts,,2026-09-24,nasdaq_screener,
MPTI,M-tron Industries Inc. Common Stock,319509451.0,73.51,4346476.003264861,Technology,Industrial Machinery/Components,2022,2026-09-24,nasdaq_screener,
MPU,Mega Matrix Inc. Class A Ordinary Shares,9579618.0,2.8,3421292.142857143,Consumer Discretionary,Movies/Entertainment,1998,2026-09-24,nasdaq_screener,
MPV,Barings Participation Investors Common Stock,174026906.0,16.415,10601700.030459946,Finance,Finance Companies,1988,2026-09-24,nasdaq_screener,
MPWR,Monolithic Power Systems Inc. Common Stock,66611862210.0,1355.47,49143000.0,Technology,Semiconductors,2004,2026-09-24,nasdaq_screener,
MQ,Marqeta Inc. Class A Common Stock,1675991227.0,16.1,104098833.97515526,Technology,Computer Software: Prepackaged Software,2021,2026-09-24,nasdaq_screener,
MRAM,Everspin Technologies Inc. Common Stock,416141654.0,17.09,24350009.01111761,Technology,Semiconductors,2016,2026-09-24,nasdaq_screener,
MRBK,Meridian Corporation Common Stock,228321979.0,19.14,11929048.01462905,Finance,Major Banks,2017,2026-09-24,nasdaq_screener,
MRCO,Mercator Acquisition Corp. Class A Ordinary Shares,0.0,9.86,,Finance,Blank Checks,2026,2026-09-24,nasdaq_screener,
MRCY,Mercury Systems Inc Common Stock,5034635834.0,82.72,60863586.000967115,Technology,Electrical Products,1998,2026-09-24,nasdaq_screener,
MRDN,Meridian Holdings Inc. Common Stock,170024408.0,13.42,12669478.986587184,Technology,Computer Software: Prepackaged Software,,2026-09-24,nasdaq_screener,
MRK,Merck & Company Inc. Common Stock (new),365338776155.0,148.08,2467171637.9997296,Health Care,Biotechnology: Pharmaceutical Preparations,,2026-09-24,nasdaq_screener,
MRKR,Marker Therapeutics Inc. Common Stock,20674677.0,1.24,16673126.612903226,Health Care,Biotechnology: Pharmaceutical Preparations,,2026-09-24,nasdaq_screener,
MRLN,Merlin Inc. Common Stock,178889978.0,1.77,101067784.18079096,Technology,EDP Services,2024,2026-09-24,nasdaq_screener,
MRNA,Moderna Inc. Common Stock,72704847746.0,182.11,399235889.0011531,Health Care,Biotechnology: Biological Products (No Diagnostic Substances),2018,2026-09-24,nasdaq_screener,
MRNO,Murano Global Investments PLC Ordinary Shares,19779021.0,0.2496,79242872.59615386,Consumer Discretionary,Hotels/Resorts,,2026-09-24,nasdaq_screener,
MRP,Millrose Properties Inc. Class A Common Stock,4451744923.0,26.81,166047927.00484896,Finance,Real Estate,2025,2026-09-24,nasdaq_screener,
MRSH,Marsh Common Stock,81307255842.0,170.38,477211268.0009391,Finance,Specialty Insurers,,2026-09-24,nasdaq_screener,
MRT,Marti Technologies Inc. Class A Ordinary Shares,170364597.0,1.98,86042725.75757577,Consumer Discretionary,Rental/Leasing Companies,2021,2026-09-24,nasdaq_screener,
MRTN,Marten Transport Ltd. Common Stock,1075484181.0,13.17,81661669.02050114,Industrials,Trucking Freight/Courier Services,1986,2026-09-24,nasdaq_screener,
MRVI,Maravai LifeSciences Holdings Inc. Class A Common Stock,1913794616.0,7.37,259673624.9660787,Health Care,Biotechnology: Pharmaceutical Preparations,2020,2026-09-24,nasdaq_screener,
MRVL,Marvell Technology Inc. Common Stock,228783210000.0,260.9,876900000.0000001,Technology,Semiconductors,2000,2026-09-24,nasdaq_screener,
MRX,Marex Group Limited Ordinary Shares,5307169801.0,71.59,74132837.00237463,Finance,Investment Bankers/Brokers/Service,2024,2026-09-24,nasdaq_screener,
MS,Morgan Stanley Common Stock,311584646670.0,198.39,1570566292.0006049,Finance,Investment Bankers/Brokers/Service,,2026-09-24,nasdaq_screener,
MSA,MSA Safety Incorporated Common Stock,7053654361.0,182.84,38578289.00131262,Health Care,Industrial Specialties,2000,2026-09-24,nasdaq_screener,
MSAI,MultiSensor AI Holdings Inc. Common Stock,10633870.0,4.8212,2205647.971459388,Technology,Electronic Components,2021,2026-09-24,nasdaq_screener,
MSB,Mesabi Trust Common Stock,264630602.0,20.17,13120010.014873574,Industrials,Precious Metals,,2026-09-24,nasdaq_screener,
MSBI,Midland States Bancorp Inc. Common Stock,672160908.0,32.39,20752112.009879593,Finance,Major Banks,2016,2026-09-24,nasdaq_screener,
MSC,Studio City International Holdings Limited American depositary shares each representing four  Class A ordinary shares,168383247.0,0.7991,210716114.378676,Consumer Discretionary,Hotels/Resorts,2018,2026-09-24,nasdaq_screener,
MSCI,MSCI Inc. Common Stock,40399390000.0,555.7,72700000.0,Consumer Discretionary,Business Services,,2026-09-24,nasdaq_screener,
MSEX,Middlesex Water Company Common Stock,1010977703.0,53.65,18843946.001863934,Utilities,Water Supply,,2026-09-24,nasdaq_screener,
MSFT,Microsoft Corporation Common Stock,3717153817340.0,500.59,7425545491.00062,Technology,Computer Software: Prepackaged Software,1986,2026-09-24,nasdaq_screener,
MSGE,Madison Square Garden Entertainment Corp. Class A Common Stock,3712987817.0,78.49,47305234.00433177,Consumer Discretionary,Services-Misc. Amusement & Recreation,2023,2026-09-24,nasdaq_screener,
MSGM,Motorsport Games Inc. Class A Common Stock,19961289.0,4.35,4588802.068965518,Technology,Computer Software: Prepackaged Software,2021,2026-09-24,nasdaq_screener,
MSGS,Madison Square Garden Sports Corp. Class A Common Stock (New),9506760707.0,394.8,24079941.000506584,Consumer Discretionary,Services-Misc. Amusement & Recreation,2015,2026-09-24,nasdaq_screener,
MSGY,Masonglory Limited Class A Ordinary Shares ,4302839.0,2.03,2119625.1231527096,Consumer Discretionary,Engineering & Construction,2025,2026-09-24,nasdaq_screener,
MSI,Motorola Solutions Inc. Common Stock,76199959747.0,460.44,165493788.00060812,Technology,Radio And Television Broadcasting And Communications Equipment,,2026-09-24,nasdaq_screener,
MSLE,Satellos Bioscience Inc. Common Stock,178430252.0,8.41,21216439.00118906,Health Care,Biotechnology: Pharmaceutical Preparations,,2026-09-24,nasdaq_screener,
MSM,MSC Industrial Direct Company Inc. Common Stock,6930525582.0,124.1,55846298.001611605,Industrials,Industrial Machinery/Components,1995,2026-09-24,nasdaq_screener,
MSN,Emerson Radio Corporation Common Stock,9481819.0,0.4506,21042652.019529518,Consumer Staples,Consumer Electronics/Appliances,1994,2026-09-24,nasdaq_screener,
MSS,Maison Solutions Inc. Class A Common Stock,1796212.0,2.1,855339.0476190476,Consumer Staples,Food Chains,2023,2026-09-24,nasdaq_screener,
MSTR,Strategy Inc Common Stock Class A,62321416812.0,162.2,384225750.99876696,Technology,Computer Software: Prepackaged Software,1998,2026-09-24,nasdaq_screener,
MT,Arcelor Mittal NY Registry Shares NEW,54740168902.0,71.92,761125818.993326,Industrials,Steel/Iron Ore,,2026-09-24,nasdaq_screener,
MTA,Metalla Royalty & Streaming Ltd. Common Shares,938698575.0,10.04,93495874.00398408,Basic Materials,Precious Metals,,2026-09-24,nasdaq_screener,
MTAK,Market Technology Acquisition Corp Class A Ordinary Shares,0.0,9.87,,,,2026,2026-09-24,nasdaq_screener,
MTAL,Metals Acquisition Corp. II Class A Ordinary Shares,838638886.0,10.17,82462034.02163225,Basic Materials,Metal Mining,2026,2026-09-24,nasdaq_screener,
MTB,M&T Bank Corporation Common Stock,31710922810.0,219.58,144416262.00018215,Finance,Major Banks,,2026-09-24,nasdaq_screener,
MTC,MMTec Inc. Common Shares,689147652.0,6.92,99587810.98265897,Technology,Computer Software: Prepackaged Software,2019,2026-09-24,nasdaq_screener,
MTCH,Match Group Inc. Common Stock,9292223873.0,40.48,229550985.00494072,Technology,Computer Software: Programming Data Processing,,2026-09-24,nasdaq_screener,
MTD,Mettler-Toledo International Inc. Common Stock,29901358458.0,1492.34,20036558.999959797,Industrials,Biotechnology: Laboratory Analytical Instruments,1997,2026-09-24,nasdaq_screener,
MTDR,Matador Resources Company Common Stock,6450069738.0,52.12,123754216.00153492,Energy,Oil & Gas Production,2012,2026-09-24,nasdaq_screener,
MTEK,Maris-Tech Ltd. Ordinary Shares,9624916.0,0.9924,9698625.554212011,Telecommunications,Telecommunications Equipment,2022,2026-09-24,nasdaq_screener,
MTEN,Mingteng International Corporation Inc. Class A Ordinary Shares,7726364.0,1.01,7649865.346534654,Industrials,Building Products,2024,2026-09-24,nasdaq_screener,
MTEX,Mannatech Incorporated Common Stock,14781272.0,7.66,1929669.9738903395,Health Care, Medicinal Chemicals and Botanical Products ,,2026-09-24,nasdaq_screener,
MTG,MGIC Investment Corporation Common Stock,6010157812.0,29.3,205124840.0,Finance,Property-Casualty Insurers,1991,2026-09-24,nasdaq_screener,
MTH,Meritage Homes Corporation Common Stock,4162017579.0,63.86,65174093.000313185,Consumer Discretionary,Homebuilding,,2026-09-24,nasdaq_screener,
MTN,Vail Resorts Inc. Common Stock,4990475316.0,140.05,35633525.997857906,Consumer Discretionary,Services-Misc. Amusement & Recreation,1997,2026-09-24,nasdaq_screener,
MTNB,Matinas Biopharma Holdings Inc. Common Stock,2571239.0,0.175,14692794.285714287,Health Care,Biotechnology: Pharmaceutical Preparations,2017,2026-09-24,nasdaq_screener,
MTNE,CH4 Natural Solutions Corporation Class A Ordinary Shares,0.0,9.91,,,,2026,2026-09-24,nasdaq_screener,
MTR,Mesa Royalty Trust Common Stock,4416708.0,2.37,1863589.8734177214,Energy,Oil & Gas Production,,2026-09-24,nasdaq_screener,
MTRN,Materion Corporation,5306974769.0,254.73,20833724.99901857,Industrials,Industrial Specialties,,2026-09-24,nasdaq_screener,
MTRX,Matrix Service Company Common Stock,276694987.0,9.78,28291920.961145196,Consumer Discretionary,Engineering & Construction,1990,2026-09-24,nasdaq_screener,
MTSI,MACOM Technology Solutions Holdings Inc. Common Stock,21066157607.0,275.84,76370930.999855,Technology,Semiconductors,2012,2026-09-24,nasdaq_screener,
MTUS,Metallus Inc. Common Shares,775930596.0,18.72,41449283.974358976,Industrials,Steel/Iron Ore,2014,2026-09-24,nasdaq_screener,
MTVA,MetaVia Inc. Common Stock,10738605.0,1.63,6588101.226993865,Health Care,Biotechnology: Pharmaceutical Preparations,2016,2026-09-24,nasdaq_screener,
MTW,Manitowoc Company Inc. (The) Common Stock,810673063.0,22.48,36061968.99466192,Industrials,Construction/Ag Equipment/Trucks,,2026-09-24,nasdaq_screener,
MTX,Minerals Technologies Inc. Common Stock,2081891603.0,66.88,31128762.00657895,Basic Materials,Major Chemicals,1992,2026-09-24,nasdaq_screener,
MTZ,MasTec Inc. Common Stock,17467932289.0,217.52,80304948.00018388,Industrials,Water Sewer Pipeline Comm & Power Line Construction,,2026-09-24,nasdaq_screener,
MU,Micron Technology Inc. Common Stock,1210573930694.0,1071.88,1129393151.0001118,Technology,Semiconductors,,2026-09-24,nasdaq_screener,
MUFG,Mitsubishi UFJ Financial Group Inc. Common Stock,270821163194.0,22.82,11867710919.982471,Finance,Commercial Banks,,2026-09-24,nasdaq_screener,
MUR,Murphy Oil Corporation Common Stock,5191830536.0,36.21,143381124.99309582,Energy,Oil & Gas Production,,2026-09-24,nasdaq_screener,
MUSA,Murphy USA Inc. Common Stock,9304866865.0,506.24,18380346.999446902,Consumer Discretionary,Retail-Auto Dealers and Gas Stations,2013,2026-09-24,nasdaq_screener,
MUX,McEwen Inc. Common Stock,1154768212.0,18.82,61358565.9936238,Basic Materials,Precious Metals,,2026-09-24,nasdaq_screener,
MUZE,Muzero Acquisition Corp Class A Ordinary Shares,0.0,10.01,,Finance,Blank Checks,2026,2026-09-24,nasdaq_screener,
MVBF,MVB Financial Corp. Common Stock,385005283.0,29.69,12967507.005725833,Finance,Major Banks,,2026-09-24,nasdaq_screener,
MVIS,MicroVision Inc. Common Stock,48843044.0,1.62,30150027.160493825,Technology,Industrial Machinery/Components,1996,2026-09-24,nasdaq_screener,
MVST,Microvast Holdings Inc. Common Stock,268020537.0,0.697,384534486.37015784,Miscellaneous,Industrial Machinery/Components,2019,2026-09-24,nasdaq_screener,
MWA,MUELLER WATER PRODUCTS Common Stock,3391049748.0,21.72,156125679.00552487,Industrials,Metal Fabrications,2006,2026-09-24,nasdaq_screener,
MWG,Multi Ways Holdings Limited Class A Ordinary Shares,6633211.0,1.29,5142024.031007752,Consumer Discretionary,Miscellaneous manufacturing industries,2023,2026-09-24,nasdaq_screener,
MWH,SOLV Energy Inc. Class A Common Stock,5150742075.0,25.45,202386722.0039293,Industrials,Military/Government/Technical,2026,2026-09-24,nasdaq_screener,
MWYN,Marwynn Holdings Inc. Common stock,21406492.0,1.06,20194803.773584906,Consumer Discretionary,Food Distributors,2025,2026-09-24,nasdaq_screener,
MX,Magnachip Semiconductor Corporation Common Stock,122270159.0,3.22,37972099.06832298,Technology,Semiconductors,2011,2026-09-24,nasdaq_screener,
MXC,Mexco Energy Corporation Common Stock,21769440.0,10.64,2046000.0,Energy,Oil & Gas Production,2003,2026-09-24,nasdaq_screener,
MXCT,MaxCyte Inc. Common Stock,122815385.0,1.19,103206205.88235295,Health Care,Biotechnology: Commercial Physical & Biological Resarch,2021,2026-09-24,nasdaq_screener,
MXL,MaxLinear Inc. Common Stock,7647249865.0,84.32,90693190.99857686,Technology,Semiconductors,2010,2026-09-24,nasdaq_screener,
MYE,Myers Industries Inc. Common Stock,1197383168.0,31.83,37618069.99685831,Industrials,Plastic Products,1983,2026-09-24,nasdaq_screener,
MYFW,First Western Financial Inc. Common Stock,295688106.0,30.28,9765128.996036988,Finance,Major Banks,2018,2026-09-24,nasdaq_screener,
MYGN,Myriad Genetics Inc. Common Stock,383555076.0,4.01,95649644.88778055,Health Care,Biotechnology: In Vitro & In Vivo Diagnostic Substances,1995,2026-09-24,nasdaq_screener,
MYO,Myomo Inc. Common Stock,64956881.0,1.64,39607854.26829269,Health Care,Industrial Specialties,2017,2026-09-24,nasdaq_screener,
MYPS,PLAYSTUDIOS Inc.  Class A Common Stock,52853408.0,0.44,120121381.81818181,Technology,Computer Software: Prepackaged Software,2020,2026-09-24,nasdaq_screener,
MYRG,MYR Group Inc. Common Stock,4595731215.0,295.18,15569250.0,Industrials,Water Sewer Pipeline Comm & Power Line Construction,2008,2026-09-24,nasdaq_screener,
MYSE,Myseum.AI Inc. Common Stock,9509467.0,1.83,5196430.054644808,Telecommunications,Telecommunications Equipment,2021,2026-09-24,nasdaq_screener,
MYSZ,My Size Inc. Common Stock,1573436.0,1.88,836934.0425531915,Technology,Computer Software: Prepackaged Software,,2026-09-24,nasdaq_screener,
MYX,Maywood Acquisition Corp. 2 Class A Ordinary Share,0.0,10.0499,,Finance,Blank Checks,2026,2026-09-24,nasdaq_screener,
MZTI,The Marzetti Company Common Stock,2786956920.0,102.12,27291000.0,Consumer Staples,Packaged Foods,,2026-09-24,nasdaq_screener,
MZYX,MOZAYYX Acquisition Corp. Class A Ordinary Shares,0.0,10.0001,,,,2026,2026-09-24,nasdaq_screener,
NABL,N-able Inc. Common Stock,783960108.0,4.15,188906050.1204819,Technology,Computer Software: Prepackaged Software,2021,2026-09-24,nasdaq_screener,
NAGE,Niagen Bioscience Inc. Common Stock,237378006.0,3.0,79126002.0,Health Care, Medicinal Chemicals and Botanical Products ,,2026-09-24,nasdaq_screener,
NAII,Natural Alternatives International Inc. Common Stock,11609174.0,1.85,6275229.189189189,Health Care, Medicinal Chemicals and Botanical Products ,,2026-09-24,nasdaq_screener,
NAK,Northern Dynasty Minerals Ltd. Common Stock,792591543.0,1.41,562121661.7021277,Basic Materials,Precious Metals,,2026-09-24,nasdaq_screener,
NAKA,Nakamoto Inc. Common Stock,164544001.0,9.195,17894943.012506798,Health Care,Medical/Nursing Services,2024,2026-09-24,nasdaq_screener,
NAMM,Namib Minerals Ordinary Shares,69815508.0,1.25,55852406.4,Basic Materials,Precious Metals,,2026-09-24,nasdaq_screener,
NAMS,NewAmsterdam Pharma Company N.V. Ordinary Shares,2711102993.0,22.68,119537169.00352734,Health Care,Biotechnology: Pharmaceutical Preparations,,2026-09-24,nasdaq_screener,
NAT,Nordic American Tankers Limited Common Stock,1613540052.0,7.62,211750662.992126,Consumer Discretionary,Marine Transportation,1995,2026-09-24,nasdaq_screener,
NATH,Nathan's Famous Inc. Common Stock,386819198.0,94.4,4097660.9957627114,Consumer Discretionary,Restaurants,1993,2026-09-24,nasdaq_screener,
NATL,NCR Atleos Corporation Common Stock,3382262669.0,45.77,73896933.99606729,Miscellaneous,Office Equipment/Supplies/Services,2023,2026-09-24,nasdaq_screener,
NATR,Nature's Sunshine Products Inc. Common Stock,227861984.0,12.95,17595520.0,Health Care,Biotechnology: Pharmaceutical Preparations,,2026-09-24,nasdaq_screener,
NAUT,Nautilus Biotechnology Inc. Common Stock,121388757.0,0.9539,127255222.76968236,Industrials,Biotechnology: Laboratory Analytical Instruments,2020,2026-09-24,nasdaq_screener,
NAVI,Navient Corporation Common Stock,859059864.0,9.16,93783827.94759825,Finance,Investment Bankers/Brokers/Service,,2026-09-24,nasdaq_screener,
NAVN,Navan Inc. Class A Common Stock,5119670292.0,19.66,260410492.9806714,Technology,Computer Software: Prepackaged Software,2025,2026-09-24,nasdaq_screener,
NB,NioCorp Developments Ltd. Common Stock,511010538.0,3.51,145587047.86324787,Basic Materials,Metal Mining,,2026-09-24,nasdaq_screener,
NBBK,NB Bancorp Inc. Common Stock,981095991.0,22.39,43818489.99553372,Finance,Banks,2023,2026-09-24,nasdaq_screener,
NBHC,National Bank Holdings Corporation Common Stock,1775346343.0,39.86,44539546.98946312,Finance,Major Banks,2012,2026-09-24,nasdaq_screener,
NBIS,Nebius Group N.V. Class A Ordinary Shares,61605110951.0,226.61,271855218.0000882,Technology,Computer Software: Programming Data Processing,2011,2026-09-24,nasdaq_screener,
NBIX,Neurocrine Biosciences Inc. Common Stock,14179044258.0,139.49,101649181.00222237,Health Care,Biotechnology: Biological Products (No Diagnostic Substances),1996,2026-09-24,nasdaq_screener,
NBN,Northeast Bank Common Stock,1048851300.0,129.01,8130000.000000001,Finance,Major Banks,,2026-09-24,nasdaq_screener,
NBR,Nabors Industries Ltd.,1390119092.0,83.02,16744388.00289087,Energy,Oil & Gas Production,1951,2026-09-24,nasdaq_screener,
NBRG,Newbridge Acquisition Limited Class A Ordinary Share,0.0,10.06,,Finance,Blank Checks,2026,2026-09-24,nasdaq_screener,
NBTB,NBT Bancorp Inc. Common Stock,2622943879.0,50.48,51960060.99445325,Finance,Major Banks,,2026-09-24,nasdaq_screener,
NBTX,Nanobiotix S.A. American Depositary Shares,1790470502.0,35.24,50807903.007945515,Health Care,Biotechnology: Pharmaceutical Preparations,2020,2026-09-24,nasdaq_screener,
NC,NACCO Industries Inc. Common Stock,274246896.0,36.34,7546694.991744634,Energy,Coal Mining,,2026-09-24,nasdaq_screener,
NCDL,Nuveen Churchill Direct Lending Corp. Common Stock,582273496.0,11.79,49387064.97031383,,,2024,2026-09-24,nasdaq_screener,
NCEL,NewcelX Ltd. Ordinary Shares,16519726.0,2.86,5776127.972027972,Health Care,Biotechnology: Pharmaceutical Preparations,2021,2026-09-24,nasdaq_screener,
NCEW,New Century Logistics (BVI) Limited Ordinary Shares,54400000.0,17.0,3200000.0,Industrials,Integrated Freight & Logistics,2024,2026-09-24,nasdaq_screener,
NCI,Neo-Concept International Group Holdings Limited Class A Ordinary Shares,34518517.0,14.6,2364281.98630137,Consumer Discretionary,Apparel,2024,2026-09-24,nasdaq_screener,
NCLH,Norwegian Cruise Line Holdings Ltd. Ordinary Shares,6511283656.0,14.18,459187845.9802539,Consumer Discretionary,Marine Transportation,,2026-09-24,nasdaq_screener,
NCMI,National CineMedia Inc. Common Stock,206954975.0,2.2,94070443.18181817,Consumer Discretionary,Advertising,2007,2026-09-24,nasdaq_screener,
NCNO,nCino Inc. Common Stock,2033306626.0,19.23,105736173.99895996,Technology,Computer Software: Prepackaged Software,2020,2026-09-24,nasdaq_screener,
NCO,Southern Cross Acquisition I Corp. Ordinary Shares,0.0,9.91,,,,2026,2026-09-24,nasdaq_screener,
NCPL,Netcapital Inc. Common Stock,8161815.0,1.04,7847899.038461538,Finance,Finance: Consumer Services,,2026-09-24,nasdaq_screener,
NCRA,Nocera Inc. Common Stock,4372112.0,1.84,2376147.8260869565,Consumer Staples,Farming/Seeds/Milling,,2026-09-24,nasdaq_screener,
NCT,Intercont (Cayman) Limited Class A Ordinary shares,6646906.0,5.43,1224107.9189686924,Consumer Discretionary,Restaurants,2025,2026-09-24,nasdaq_screener,
NCTY,The9 Limited American Depository Shares,55899791.0,3.66,15273166.93989071,Finance,Finance: Consumer Services,2004,2026-09-24,nasdaq_screener,
NDAQ,Nasdaq Inc. Common Stock,53348800384.0,95.44,558977372.0033529,Finance,Investment Bankers/Brokers/Service,,2026-09-24,nasdaq_screener,
NDLS,Noodles & Company Class A Common Stock,78043913.0,13.08,5966660.01529052,Consumer Discretionary,Restaurants,2013,2026-09-24,nasdaq_screener,
NDRA,ENDRA Life Sciences Inc. Common Stock,9748947.0,6.5,1499838.0,Health Care,Biotechnology: Electromedical & Electrotherapeutic Apparatus,2017,2026-09-24,nasdaq_screener,
NDSN,Nordson Corporation Common Stock,17902890220.0,321.42,55699366.00087113,Industrials,Industrial Machinery/Components,,2026-09-24,nasdaq_screener,
NE,Noble Corporation plc A Ordinary Shares,7123235767.0,44.62,159642217.99641418,Energy,Oil & Gas Production,2022,2026-09-24,nasdaq_screener,
NECB,NorthEast Community Bancorp Inc. Common Stock,363148636.0,26.38,13766058.984078849,Finance,Banks,2021,2026-09-24,nasdaq_screener,
NEE,NextEra Energy Inc. Common Stock,160662041657.0,77.02,2085978208.997663,Utilities,Electric Utilities: Central,,2026-09-24,nasdaq_screener,
NEGG,Newegg Commerce Inc. Common Shares,302646494.0,14.43,20973423.00762301,Consumer Discretionary,Other Specialty Stores,2010,2026-09-24,nasdaq_screener,
NEM,Newmont Corporation,130183680082.0,123.55,1053692270.9995953,Basic Materials,Precious Metals,,2026-09-24,nasdaq_screener,
NEO,NeoGenomics Inc. Common Stock,2358809078.0,18.36,128475439.97821352,Health Care,Precision Instruments,,2026-09-24,nasdaq_screener,
NEOG,Neogen Corporation Common Stock,2959698488.0,13.57,218106005.0110538,Health Care,Biotechnology: In Vitro & In Vivo Diagnostic Substances,1989,2026-09-24,nasdaq_screener,
NEON,Neonode Inc. Common Stock,14795824.0,0.8816,16782921.960072596,Technology,Industrial Machinery/Components,,2026-09-24,nasdaq_screener,
NEOV,NeoVolta Inc. Common Stock,186596493.0,3.17,58863247.003154576,Miscellaneous,Industrial Machinery/Components,,2026-09-24,nasdaq_screener,
NEPH,Nephros Inc. Common Stock,46589915.0,4.29,10860120.046620047,Health Care,Medical/Dental Instruments,,2026-09-24,nasdaq_screener,
NERV,Minerva Neurosciences Inc Common Stock,166638981.0,3.49,47747559.025787964,Health Care,Biotechnology: Pharmaceutical Preparations,2014,2026-09-24,nasdaq_screener,
NESR,National Energy Services Reunited Corp Ordinary Shares,3308946049.0,32.81,100851754.00792441,Energy,Oilfield Services/Equipment,,2026-09-24,nasdaq_screener,
NET,Cloudflare Inc. Class A Common Stock,125457565986.0,352.33,356079715.0001419,Technology,Computer Software: Prepackaged Software,2019,2026-09-24,nasdaq_screener,
NEU,NewMarket Corp Common Stock,8182502239.0,889.75,9196406.000561956,Industrials,Major Chemicals,,2026-09-24,nasdaq_screener,
NEUP,Neuphoria Therapeutics Inc. Common Stock,19913709.0,3.68,5411333.967391304,Health Care,Biotechnology: Pharmaceutical Preparations,2021,2026-09-24,nasdaq_screener,
NEWP,New Pacific Metals Corp. Common Shares,1211915068.0,6.53,185591894.0275651,Basic Materials,Precious Metals,2021,2026-09-24,nasdaq_screener,
NEWT,NewtekOne Inc. Common Stock,327264002.0,11.33,28884730.979699913,Finance,Major Banks,,2026-09-24,nasdaq_screener,
NEXA,Nexa Resources S.A. Common Shares,1692570420.0,12.78,132439000.0,Basic Materials,Metal Mining,2017,2026-09-24,nasdaq_screener,
NEXM,NexMetals Mining Corp. Common Shares,77356516.0,2.17,35648164.05529954,Basic Materials,Metal Mining,,2026-09-24,nasdaq_screener,
NEXN,Nexxen International Ltd. Ordinary Shares,480870323.0,8.63,55720779.02665121,Technology,Computer Software: Programming Data Processing,2021,2026-09-24,nasdaq_screener,
NEXR,Nexera Technologies Ltd Ordinary Shares,830621.0,1.49,557463.7583892618,Consumer Discretionary,Other Specialty Stores,2022,2026-09-24,nasdaq_screener,
NEXT,NextDecade Corporation Common Stock,1778118692.0,6.68,266185432.93413174,Utilities,Oil & Gas Production,2015,2026-09-24,nasdaq_screener,
NFE,New Fortress Energy Inc. Class A Common Stock,104458336.0,6.4,16321615.0,Utilities,Oil/Gas Transmission,2019,2026-09-24,nasdaq_screener,
NFG,National Fuel Gas Company Common Stock,7471495232.0,78.61,95045098.99503879,Utilities,Oil/Gas Transmission,,2026-09-24,nasdaq_screener,
NFGC,New Found Gold Corp Common Shares,691843588.0,1.8,384357548.8888889,Basic Materials,Precious Metals,2021,2026-09-24,nasdaq_screener,
NFLX,Netflix Inc. Common Stock,297138735279.0,71.36,4163939675.994955,Consumer Discretionary,Consumer Electronics/Video Chains,2002,2026-09-24,nasdaq_screener,
NG,Novagold Resources Inc.,3185547258.0,7.26,438780614.0495868,Basic Materials,Precious Metals,2003,2026-09-24,nasdaq_screener,
NGEN,NervGen Pharma Corp. Common stock,208568761.0,1.96,106412633.1632653,Health Care,Biotechnology: Pharmaceutical Preparations,,2026-09-24,nasdaq_screener,
NGNE,Neurogene Inc. Common Stock ,618952045.0,30.93,20011381.991593923,Health Care,Biotechnology: Pharmaceutical Preparations,2014,2026-09-24,nasdaq_screener,
NGS,Natural Gas Services Group Inc. Common Stock,427965096.0,33.18,12898284.99095841,Energy,Oilfield Services/Equipment,2002,2026-09-24,nasdaq_screener,
NGVC,Natural Grocers by Vitamin Cottage Inc. Common Stock,683547771.0,29.66,23046115.003371544,Consumer Staples,Food Chains,2012,2026-09-24,nasdaq_screener,
NGVT,Ingevity Corporation Common Stock ,2466615904.0,71.75,34377922.00696864,Industrials,Major Chemicals,2016,2026-09-24,nasdaq_screener,
NHC,National HealthCare Corporation Common Stock,3521777894.0,224.87,15661395.001556454,Health Care,Hospital/Nursing Management,1986,2026-09-24,nasdaq_screener,
NHI,National Health Investors Inc. Common Stock,3300221165.0,67.2,49110434.00297619,Real Estate,Real Estate Investment Trusts,,2026-09-24,nasdaq_screener,
NHIV,NewHold Investment Corp IV Class A Ordinary Shares,0.0,10.06,,Finance,Blank Checks,2026,2026-09-24,nasdaq_screener,
NHP,National Healthcare Properties Inc. Class A Common Stock,1179600894.0,16.18,72904876.0197775,Real Estate,Real Estate Investment Trusts,,2026-09-24,nasdaq_screener,
NHTC,Natural Health Trends Corp. Common Stock,9006740.0,1.05,8577847.61904762,Consumer Discretionary,Consumer Specialties,,2026-09-24,nasdaq_screener,
NI,NiSource Inc Common Stock,18822733925.0,39.25,479560100.0,Utilities,Power Generation,,2026-09-24,nasdaq_screener,
NIC,Nicolet Bankshares Inc. Common Stock,3453378992.0,164.78,20957512.99915038,Finance,Major Banks,2022,2026-09-24,nasdaq_screener,
NIKI,Niki BioSolutions Inc. Common Stock,13752765.0,4.68,2938625.0,Industrials,Industrial Machinery/Components,2018,2026-09-24,nasdaq_screener,
NINE,Nine Energy Service Inc. Common Stock,124991910.0,8.96,13949989.955357142,Energy,Oilfield Services/Equipment,2026,2026-09-24,nasdaq_screener,
NIO,NIO Inc. American depositary shares each  representing one Class A ordinary share,9195797971.0,3.67,2505667022.0708447,Industrials,Auto Manufacturing,2018,2026-09-24,nasdaq_screener,
NIQ,NIQ Global Intelligence plc Ordinary Shares,5223668351.0,17.71,294955863.9751553,Technology,Computer Software: Programming Data Processing,2025,2026-09-24,nasdaq_screener,
NIVF,NewGenIvf Group Limited Class A Ordinary Shares,1425800.0,0.5898,2417429.637165141,Health Care,Misc Health and Biotechnology Services,,2026-09-24,nasdaq_screener,
NIXX,Nixxy Inc. Common Stock,10430309.0,0.3608,28908838.69179601,Technology,EDP Services,,2026-09-24,nasdaq_screener,
NJR,NewJersey Resources Corporation Common Stock,5298656140.0,52.22,101467945.99770203,Utilities,Oil/Gas Transmission,,2026-09-24,nasdaq_screener,
NKE,Nike Inc. Common Stock,53480128243.0,36.05,1483498702.995839,Consumer Discretionary,Shoe Manufacturing,,2026-09-24,nasdaq_screener,
NKLR,Terra Innovatum Global N.V. Ordinary shares,403328314.0,3.65,110500907.94520548,Industrials,Metal Fabrications,,2026-09-24,nasdaq_screener,
NKSH,National Bankshares Inc. Common Stock,264317024.0,41.49,6370620.004820438,Finance,Major Banks,,2026-09-24,nasdaq_screener,
NKTR,Nektar Therapeutics  Common Stock,1968685034.0,57.66,34142993.999306284,Health Care,Biotechnology: Pharmaceutical Preparations,,2026-09-24,nasdaq_screener,
NKTX,Nkarta Inc. Common Stock,197684423.0,2.76,71624790.94202898,Health Care,Biotechnology: Pharmaceutical Preparations,2020,2026-09-24,nasdaq_screener,
NL,NLI Holdings Inc. Common Stock,339357214.0,6.94,48898734.00576369,Basic Materials,Major Chemicals,,2026-09-24,nasdaq_screener,
NLOP,Net Lease Office Properties Common Shares of Beneficial Interest,151696128.0,10.24,14814075.0,Real Estate,Real Estate Investment Trusts,2023,2026-09-24,nasdaq_screener,
NLY,Annaly Capital Management Inc. Common Stock,15858151860.0,21.04,753714442.0152092,Real Estate,Real Estate Investment Trusts,,2026-09-24,nasdaq_screener,
NMAD,Nomad Power Solutions Inc. Common Stock,56756265.0,3.525,16101068.085106384,Health Care,Biotechnology: Pharmaceutical Preparations,,2026-09-24,nasdaq_screener,
NMAX,Newsmax Inc. Class B Common Stock,1407851031.0,10.9,129160645.04587156,Industrials,Broadcasting,2025,2026-09-24,nasdaq_screener,
NMFC,New Mountain Finance Corporation Common Stock,666833873.0,7.06,94452389.94334278,Finance,Finance/Investors Services,,2026-09-24,nasdaq_screener,
NMG,Nouveau Monde Graphite Inc. Common Shares,444361721.0,1.35,329156830.3703703,Basic Materials,Other Metals and Minerals,,2026-09-24,nasdaq_screener,
NMIH,NMI Holdings Inc. Common Stock,3173441134.0,42.19,75217851.00734772,Finance,Property-Casualty Insurers,2013,2026-09-24,nasdaq_screener,
NMP,NMP Acquisition Corp. Class A Ordinary Shares,0.0,10.371,,Finance,Blank Checks,2025,2026-09-24,nasdaq_screener,
NMRA,Neumora Therapeutics Inc. Common Stock,137408280.0,0.7313,187895911.39067414,Health Care,Biotechnology: Biological Products (No Diagnostic Substances),2023,2026-09-24,nasdaq_screener,
NMRK,Newmark Group Inc. Class A Common Stock,2379531873.0,13.13,181228627.0373191,Finance,Real Estate,2017,2026-09-24,nasdaq_screener,
NMTC,NeuroOne Medical Technologies Corporation Common Stock,12201722.0,1.34,9105762.686567163,Health Care,Medical/Dental Instruments,,2026-09-24,nasdaq_screener,
NN,NextNav Inc. Common Stock,2429174605.0,14.39,168809910.00694928,Industrials,Industrial Machinery/Components,,2026-09-24,nasdaq_screener,
NNBR,NN Inc. Common Stock,318762135.0,3.86,82580863.98963732,Industrials,Industrial Machinery/Components,1994,2026-09-24,nasdaq_screener,
NNE,Nano Nuclear Energy Inc. Common Stock,913405463.0,17.01,53698145.97295708,Utilities,Electric Utilities: Central,2024,2026-09-24,nasdaq_screener,
NNI,Nelnet Inc. Common Stock,4473503133.0,125.03,35779437.99888027,Finance,Finance: Consumer Services,2003,2026-09-24,nasdaq_screener,
NNN,NNN REIT Inc. Common Stock,7932524762.0,41.33,191931400.0,Real Estate,Real Estate Investment Trusts,,2026-09-24,nasdaq_screener,
NNNN,Anbio Biotechnology Class A Ordinary Shares,871980672.0,6.06,143891200.0,Health Care,Biotechnology: In Vitro & In Vivo Diagnostic Substances,2025,2026-09-24,nasdaq_screener,
NNOX,NANO-X IMAGING LTD Ordinary Shares,54839152.0,0.6978,78588638.57838923,Health Care,Medical Electronics,2020,2026-09-24,nasdaq_screener,
NNVC,NanoViricides Inc. Common Stock,38546303.0,1.51,25527352.98013245,Health Care,Biotechnology: Pharmaceutical Preparations,,2026-09-24,nasdaq_screener,
NOA,North American Construction Group Ltd. Common Shares (no par),346380775.0,12.5,27710462.0,Energy,Oilfield Services/Equipment,2006,2026-09-24,nasdaq_screener,
NOC,Northrop Grumman Corporation Common Stock,73080061835.0,514.42,142063026.00015554,Industrials,Industrial Machinery/Components,,2026-09-24,nasdaq_screener,
NODK,NI Holdings Inc. Common Stock,301173711.0,14.76,20404722.967479676,Finance,Property-Casualty Insurers,2017,2026-09-24,nasdaq_screener,
NOEM,CO2 Energy Transition Corp. Common Stock,0.0,10.58,,,,2025,2026-09-24,nasdaq_screener,
NOG,Northern Oil and Gas Inc. Common Stock,2465546822.0,23.14,106549128.00345722,Energy,Oil & Gas Production,2022,2026-09-24,nasdaq_screener,
NOMA,NOMADAR Corp. Class A Common Stock,23842305.0,1.56,15283528.846153846,Consumer Discretionary,Services-Misc. Amusement & Recreation,,2026-09-24,nasdaq_screener,
NOMD,Nomad Foods Limited Ordinary Shares,1521742045.0,10.71,142086091.97012138,Consumer Staples,Packaged Foods,2016,2026-09-24,nasdaq_screener,
NOV,NOV Inc. Common Stock,7229376375.0,20.28,356478125.0,Consumer Discretionary,Oil and Gas Field Machinery,,2026-09-24,nasdaq_screener,
NOVT,Novanta Inc. Common Stock,5462020521.0,144.43,37817769.999307625,Miscellaneous,Industrial Machinery/Components,,2026-09-24,nasdaq_screener,
NOW,ServiceNow Inc. Common Stock,145566520000.0,140.78,1034000000.0,Technology,Computer Software: Prepackaged Software,2012,2026-09-24,nasdaq_screener,
NP,Neptune Insurance Holdings Inc. Class A Common Stock,3809590578.0,27.76,137233089.98559076,Finance,Specialty Insurers,2025,2026-09-24,nasdaq_screener,
NPAC,New Providence Acquisition Corp. III Class A Ordinary Shares,0.0,10.49,,Finance,Blank Checks,2025,2026-09-24,nasdaq_screener,
NPB,Northpointe Bancshares Inc. Common Stock,537056006.0,15.53,34581841.98325821,Finance,Major Banks,2025,2026-09-24,nasdaq_screener,
NPCE,Neuropace Inc. Common Stock,487747934.0,14.21,34324274.032371566,Health Care,Medical/Dental Instruments,2021,2026-09-24,nasdaq_screener,
NPK,National Presto Industries Inc. Common Stock,1042365307.0,146.07,7136067.002122271,Industrials,Ordnance And Accessories,,2026-09-24,nasdaq_screener,
NPKI,NPK International Inc. Common Stock,994294859.0,11.71,84909894.02220324,Industrials,Misc Corporate Leasing Services,,2026-09-24,nasdaq_screener,
NPO,Enpro Inc. Common Stock,6465879838.0,305.46,21167680.999148827,Industrials,Metal Fabrications,,2026-09-24,nasdaq_screener,
NPT,Texxon Holding Limited Ordinary shares,66111300.0,2.98,22185000.0,Consumer Discretionary,Specialty Chemicals,2025,2026-09-24,nasdaq_screener,
NPWR,NET Power Inc. Class A Common Stock,384508139.0,1.71,224858560.81871346,Energy,Industrial Machinery/Components,2021,2026-09-24,nasdaq_screener,
NRC,NRC Health Common Stock,477119039.0,21.57,22119566.01761706,Health Care,Biotechnology: Commercial Physical & Biological Resarch,,2026-09-24,nasdaq_screener,
NRDS,NerdWallet Inc. Class A Common Stock,517777709.0,8.1,63923173.95061728,Technology,EDP Services,2021,2026-09-24,nasdaq_screener,
NRDY,Nerdy Inc. Class A Common Stock,109600860.0,8.58,12773993.006993007,Real Estate,Other Consumer Services,2020,2026-09-24,nasdaq_screener,
NREF,NexPoint Real Estate Finance Inc. Common Stock,297987338.0,15.81,18848028.969006956,Real Estate,Real Estate Investment Trusts,2020,2026-09-24,nasdaq_screener,
NRG,NRG Energy Inc. Common Stock,21172399848.0,100.72,210210483.00238284,Utilities,Electric Utilities: Central,,2026-09-24,nasdaq_screener,
NRGV,Energy Vault Holdings Inc. Common Stock,805549295.0,4.43,181839569.97742665,Miscellaneous,Industrial Machinery/Components,2021,2026-09-24,nasdaq_screener,
NRIM,Northrim BanCorp Inc Common Stock,545664110.0,24.53,22244766.00081533,Finance,Savings Institutions,,2026-09-24,nasdaq_screener,
NRIX,Nurix Therapeutics Inc. Common stock,2478306590.0,23.88,103781682.99832496,Health Care,Biotechnology: Pharmaceutical Preparations,2020,2026-09-24,nasdaq_screener,
NRP,Natural Resource Partners LP Limited Partnership,1425479323.0,107.58,13250412.000371816,Energy,Coal Mining,2002,2026-09-24,nasdaq_screener,
NRSN,NeuroSense Therapeutics Ltd. Ordinary Shares,14037075.0,7.4,1896902.027027027,Health Care,Biotechnology: Pharmaceutical Preparations,2021,2026-09-24,nasdaq_screener,
NRT,North European Oil Royality Trust Common Stock,81152910.0,8.83,9190590.033975085,Energy,Oil & Gas Production,,2026-09-24,nasdaq_screener,
NRXP,NRX Pharmaceuticals Inc. Common Stock,136814624.0,3.16,43295767.088607594,Health Care,Biotechnology: Pharmaceutical Preparations,2017,2026-09-24,nasdaq_screener,
NRXS,Neuraxis Inc. Common Stock,91797262.0,7.31,12557764.979480164,Health Care,Biotechnology: Electromedical & Electrotherapeutic Apparatus,2023,2026-09-24,nasdaq_screener,
NSAI,NorthStrive Acquisition Corp I. Class A Ordinary Shares,0.0,9.88,,,,2026,2026-09-24,nasdaq_screener,
NSC,Norfolk Southern Corporation Common Stock,70753883579.0,315.01,224608373.0008571,Industrials,Railroads,,2026-09-24,nasdaq_screener,
NSIT,Insight Enterprises Inc. Common Stock,4644455513.0,158.25,29348850.003159557,Consumer Discretionary,Catalog/Specialty Distribution,1995,2026-09-24,nasdaq_screener,
NSP,Insperity Inc. Common Stock,1865838940.0,48.85,38195270.010235414,Consumer Discretionary,Professional Services,,2026-09-24,nasdaq_screener,
NSPR,InspireMD Inc. Common Stock,34913328.0,0.751,46489118.50865512,Health Care,Medical/Dental Instruments,,2026-09-24,nasdaq_screener,
NSRX,Nasus Pharma Ltd. Ordinary Shares,42627341.0,3.64,11710807.967032967,Health Care,Biotechnology: Pharmaceutical Preparations,2025,2026-09-24,nasdaq_screener,
NSSC,NAPCO Security Technologies Inc. Common Stock,1286232995.0,35.96,35768437.01334816,Telecommunications,Telecommunications Equipment,,2026-09-24,nasdaq_screener,
NSTS,NSTS Bancorp Inc. Common Stock,74309215.0,14.1457,5253130.986801643,Finance,Savings Institutions,2022,2026-09-24,nasdaq_screener,
NSYS,Nortech Systems Incorporated Common Stock,32304631.0,11.32,2853765.9893992934,Technology,Industrial Machinery/Components,,2026-09-24,nasdaq_screener,
NTAP,NetApp Inc. Common Stock,38562943252.0,196.33,196419005.0017827,Technology,Electronic Components,1995,2026-09-24,nasdaq_screener,
NTB,Bank of N.T. Butterfield & Son Limited (The) Voting Ordinary Shares,2324400000.0,58.11,40000000.0,Finance,Commercial Banks,2016,2026-09-24,nasdaq_screener,
NTCL,NETCLASS TECHNOLOGY INC Class A Ordinary Shares,4979159.0,2.05,2428858.048780488,Technology,Computer Software: Prepackaged Software,2024,2026-09-24,nasdaq_screener,
NTCT,NetScout Systems Inc. Common Stock,2855943215.0,39.28,72707311.99083503,Technology,EDP Services,1999,2026-09-24,nasdaq_screener,
NTGR,NETGEAR Inc. Common Stock,604461427.0,22.24,27179020.99820144,Utilities,Telecommunications Equipment,2003,2026-09-24,nasdaq_screener,
NTHI,NeOnc Technologies Holdings Inc. Common Stock,95846826.0,3.22,29766095.031055897,Health Care,Biotechnology: Pharmaceutical Preparations,,2026-09-24,nasdaq_screener,
NTIC,Northern Technologies International Corporation Common Stock,74642011.0,7.86,9496439.058524173,Industrials,Industrial Specialties,,2026-09-24,nasdaq_screener,
NTIP,Network-1 Technologies Inc. Common Stock,35666562.0,1.56,22863180.769230768,Miscellaneous,Multi-Sector Companies,,2026-09-24,nasdaq_screener,
NTLA,Intellia Therapeutics Inc. Common Stock,1727762125.0,12.33,140126693.02514192,Health Care,Biotechnology: In Vitro & In Vivo Diagnostic Substances,2016,2026-09-24,nasdaq_screener,
NTNX,Nutanix Inc. Class A Common Stock,18853330073.0,69.68,270570179.00401837,Technology,Computer Software: Prepackaged Software,2016,2026-09-24,nasdaq_screener,
NTR,Nutrien Ltd. Common Shares,36209822565.0,75.13,481962232.99614006,Industrials,Agricultural Chemicals,2004,2026-09-24,nasdaq_screener,
NTRA,Natera Inc. Common Stock,56330100194.0,390.79,144144169.99923232,Health Care,Medical Specialities,2015,2026-09-24,nasdaq_screener,
NTRB,Nutriband Inc. Common Stock,89344270.0,7.35,12155682.993197279,Health Care,Industrial Specialties,,2026-09-24,nasdaq_screener,
NTRP,NextTrip Inc. Common Stock,29267036.0,1.94,15086101.030927835,Consumer Discretionary,Transportation Services,,2026-09-24,nasdaq_screener,
NTRS,Northern Trust Corporation Common Stock,31832454065.0,173.99,182955652.9972987,Finance,Major Banks,,2026-09-24,nasdaq_screener,
NTSK,Netskope Inc. Class A Common Stock,7587474480.0,18.57,408587747.9806139,Technology,Computer Software: Prepackaged Software,2025,2026-09-24,nasdaq_screener,
NTST,NetSTREIT Corp. Common Stock,1865069323.0,18.37,101527997.98584649,Real Estate,Real Estate Investment Trusts,2020,2026-09-24,nasdaq_screener,
NTWK,NetSol Technologies Inc. Common  Stock,52968806.0,4.46,11876413.901345292,Technology,Computer Software: Prepackaged Software,,2026-09-24,nasdaq_screener,
NTWO,Newbury Street II Acquisition Corp Class A Ordinary Shares,0.0,10.905,,,,2024,2026-09-24,nasdaq_screener,
NU,Nu Holdings Ltd. Class A Ordinary Shares,66134274868.0,13.62,4855673632.011747,Finance,Finance: Consumer Services,2021,2026-09-24,nasdaq_screener,
NUAI,New Era Energy & Digital Inc. Common Stock,744849780.0,6.99,106559339.05579399,Energy,Oil & Gas Production,,2026-09-24,nasdaq_screener,
NUCL,Eagle Nuclear Energy Corp. Common stock,183986344.0,6.22,29579798.070739552,Basic Materials,Other Metals and Minerals,,2026-09-24,nasdaq_screener,
NUE,Nucor Corporation Common Stock,56033754458.0,246.98,226875675.99805653,Industrials,Steel/Iron Ore,,2026-09-24,nasdaq_screener,
NUR,Nuran Wireless Inc. Common Shares,14646117.0,1.11,13194699.999999998,,,,2026-09-24,nasdaq_screener,
NUS,Nu Skin Enterprises Inc. Common Stock,224399283.0,4.61,48676634.05639913,Health Care,Other Pharmaceuticals,1996,2026-09-24,nasdaq_screener,
NUTX,Nutex Health Inc. Common Stock,1382331830.0,201.86,6847973.0010898635,Consumer Discretionary,Business Services,,2026-09-24,nasdaq_screener,
NUVB,Nuvation Bio Inc. Class A Common Stock,2004913660.0,5.71,351123232.9246935,Health Care,Biotechnology: Pharmaceutical Preparations,2020,2026-09-24,nasdaq_screener,
NUWE,Nuwellis Inc. Common Stock,3096527.0,0.849,3647263.839811543,Health Care,Biotechnology: Electromedical & Electrotherapeutic Apparatus,,2026-09-24,nasdaq_screener,
NVA,Nova Minerals Corp Common Stock,2525757937.0,5.6,451028203.0357143,Basic Materials,Precious Metals,2026,2026-09-24,nasdaq_screener,
NVAX,Novavax Inc. Common Stock,1740177409.0,10.55,164945725.97156397,Health Care,Biotechnology: Biological Products (No Diagnostic Substances),,2026-09-24,nasdaq_screener,
NVCR,NovoCure Limited Ordinary Shares,1892244900.0,16.25,116445840.0,Health Care,Medical/Dental Instruments,2015,2026-09-24,nasdaq_screener,
NVCT,Nuvectis Pharma Inc. Common Stock,687178371.0,21.07,32614066.01803512,Health Care,Biotechnology: Pharmaceutical Preparations,2022,2026-09-24,nasdaq_screener,
NVDA,NVIDIA Corporation Common Stock,5434791000000.0,225.51,24100000000.0,Technology,Semiconductors,1999,2026-09-24,nasdaq_screener,
NVEC,NVE Corporation Common Stock,526380404.0,108.82,4837165.998897262,Technology,Semiconductors,,2026-09-24,nasdaq_screener,
NVGS,Navigator Holdings Ltd. Ordinary Shares (Marshall Islands),1421567332.0,23.04,61699971.00694445,Consumer Discretionary,Marine Transportation,2013,2026-09-24,nasdaq_screener,
NVMI,Nova Ltd. Ordinary Shares,11623986350.0,365.73,31782972.00120307,Technology,Electronic Components,2000,2026-09-24,nasdaq_screener,
NVNI,Nvni Group Limited Ordinary Shares,10960205.0,0.9374,11692132.494132707,Technology,Computer Software: Prepackaged Software,,2026-09-24,nasdaq_screener,
NVNO,enVVeno Medical Corporation Common Stock,6225641.0,8.96,694826.0044642857,Health Care,Medical/Dental Instruments,2018,2026-09-24,nasdaq_screener,
NVO,Novo Nordisk A/S Common Stock,169014107948.0,38.17,4427930519.98952,Health Care,Biotechnology: Pharmaceutical Preparations,,2026-09-24,nasdaq_screener,
NVR,NVR Inc. Common Stock,16633016825.0,6241.61,2664860.000064086,Consumer Discretionary,Homebuilding,1998,2026-09-24,nasdaq_screener,
NVRI,Enviri Corporation Common Stock,547734012.0,19.43,28190118.991250645,Miscellaneous,Diversified Commercial Services,2026,2026-09-24,nasdaq_screener,
NVS,Novartis AG Common Stock,272312326110.0,142.71,1908151678.9993691,Health Care,Biotechnology: Pharmaceutical Preparations,,2026-09-24,nasdaq_screener,
NVST,Envista Holdings Corporation Common Stock,3825913828.0,23.82,160617708.98404703,Health Care,Medical/Dental Instruments,2019,2026-09-24,nasdaq_screener,
NVT,nVent Electric plc Ordinary Shares ,26358565366.0,162.85,161857938.9990789,Industrials,Industrial Machinery/Components,2018,2026-09-24,nasdaq_screener,
NVTS,Navitas Semiconductor Corporation Common Stock,3091346898.0,11.84,261093488.00675675,Technology,Semiconductors,,2026-09-24,nasdaq_screener,
NVX,NOVONIX Limited American Depository Shares,60291901.0,2.8013,21522829.0436583,Miscellaneous,Industrial Machinery/Components,,2026-09-24,nasdaq_screener,
NWAX,New America Acquisition I Corp. Class A Common Stock,0.0,10.08,,Finance,Blank Checks,2026,2026-09-24,nasdaq_screener,
NWBI,Northwest Bancshares Inc. Common Stock,2202745195.0,15.04,146459122.00797874,Finance,Major Banks,2009,2026-09-24,nasdaq_screener,
NWCL,newcleo plc Ordinary Shares,3988437022.0,7.83,509378930.01277137,Industrials,Metal Fabrications,,2026-09-24,nasdaq_screener,
NWE,NorthWestern Energy Group Inc. Common Stock,4226276295.0,68.7,61517850.0,Utilities,Power Generation,,2026-09-24,nasdaq_screener,
NWFL,Norwood Financial Corp. Common Stock,363475147.0,33.34,10902073.995200958,Finance,Major Banks,,2026-09-24,nasdaq_screener,
NWL,Newell Brands Inc. Common Stock,2419112000.0,5.68,425900000.0,Industrials,Plastic Products,,2026-09-24,nasdaq_screener,
NWN,Northwest Natural Holding Company Common Stock,1988077800.0,47.23,42093538.00550498,Utilities,Oil/Gas Transmission,,2026-09-24,nasdaq_screener,
NWPX,NWPX Infrastructure Inc. Common Stock,988969669.0,102.62,9637201.997661274,Industrials,Steel/Iron Ore,1995,2026-09-24,nasdaq_screener,
NWS,News Corporation Class B Common Stock,16891663358.0,31.22,541052637.988469,Consumer Discretionary,Newspapers/Magazines,,2026-09-24,nasdaq_screener,
NWSA,News Corporation Class A Common Stock,15214400181.0,28.12,541052638.0156472,Consumer Discretionary,Newspapers/Magazines,,2026-09-24,nasdaq_screener,
NWTG,Newton Golf Company Inc. Common Stock,6208506.0,1.145,5422275.982532751,Consumer Discretionary,Recreational Games/Products/Toys,2023,2026-09-24,nasdaq_screener,
NX,Quanex Building Products Corporation Common Stock,908733705.0,19.83,45826208.018154316,Industrials,Metal Fabrications,,2026-09-24,nasdaq_screener,
NXAT,Nexus Advanced Technologies Inc. Ordinary Shares,3170996.0,1.17,2710252.9914529915,Consumer Discretionary,Movies/Entertainment,,2026-09-24,nasdaq_screener,
NXB,NextBoat Inc. Common Stcok,52800080.0,2.1,25142895.23809524,Industrials,Marine Transportation,2025,2026-09-24,nasdaq_screener,
NXDR,Nextdoor Holdings Inc. Class A Common Stock,920699197.0,2.38,386848402.10084033,Technology,Computer Software: Programming Data Processing,,2026-09-24,nasdaq_screener,
NXDT,NexPoint Diversified Real Estate Trust Common Stock,274027099.0,5.16,53106026.9379845,Real Estate,Real Estate Investment Trusts,,2026-09-24,nasdaq_screener,
NXE,Nexgen Energy Ltd. Common Shares,6456973753.0,9.63,670506101.0384215,Basic Materials,Other Metals and Minerals,2017,2026-09-24,nasdaq_screener,
NXGL,NexGel Inc Common Stock,2614323.0,0.2682,9747662.192393737,Health Care,Medical/Dental Instruments,2021,2026-09-24,nasdaq_screener,
NXH,Neighborhood Intelligence Inc. Common Stock,319917238.0,3.35,95497682.98507462,Consumer Discretionary,Catalog/Specialty Distribution,2026,2026-09-24,nasdaq_screener,
NXL,Nexalin Technology Inc. Common Stock,3991073.0,4.812,829400.0415627597,Health Care,Biotechnology: Electromedical & Electrotherapeutic Apparatus,2022,2026-09-24,nasdaq_screener,
NXP,Nuveen Select Tax Free Income Portfolio Common Stock,616812309.0,13.18,46799112.97420334,Finance,Trusts Except Educational Religious and Charitable,1992,2026-09-24,nasdaq_screener,
NXPI,NXP Semiconductors N.V. Common Stock,59369533127.0,235.44,252164174.00186884,Technology,Semiconductors,2010,2026-09-24,nasdaq_screener,
NXPL,NextPlat Corp Common Stock,24690320.0,9.1,2713221.978021978,Telecommunications,Telecommunications Equipment,,2026-09-24,nasdaq_screener,
NXRT,NexPoint Residential Trust Inc. Common Stock,529903122.0,20.74,25549813.018322084,Real Estate,Real Estate Investment Trusts,2015,2026-09-24,nasdaq_screener,
NXST,Nexstar Media Group Inc. Common Stock,5100930397.0,165.57,30808301.00259709,Industrials,Broadcasting,2003,2026-09-24,nasdaq_screener,
NXT,Nextpower Inc. Common Stock,12412992031.0,81.81,151729519.99755532,Technology,Semiconductors,2023,2026-09-24,nasdaq_screener,
NXTC,NextCure Inc. Common Stock,22062870.0,4.82,4577358.921161826,Health Care,Biotechnology: Pharmaceutical Preparations,2019,2026-09-24,nasdaq_screener,
NXTS,Nexentis Technologies Inc. Common Stock,2114600.0,1.455,1453333.3333333333,Industrials,Agricultural Chemicals,,2026-09-24,nasdaq_screener,
NXTT,Next Technology Holding Inc. Ordinary Shares,8395883.0,5.7,1472961.9298245613,Technology,EDP Services,,2026-09-24,nasdaq_screener,
NXXT,NextNRG Inc. Common Stock,15263155.0,0.9078,16813345.450539764,Consumer Discretionary,Retail-Auto Dealers and Gas Stations,2021,2026-09-24,nasdaq_screener,
NYAX,Nayax Ltd. Ordinary Shares,1592622483.0,42.63,37359195.00351865,Technology,Computer Software: Prepackaged Software,,2026-09-24,nasdaq_screener,
NYC,American Strategic Investment Co. Class A Common Stock,19772700.0,6.25,3163632.0,Real Estate,Real Estate Investment Trusts,2020,2026-09-24,nasdaq_screener,
NYT,New York Times Company (The) Common Stock,9933522129.0,61.89,160502861.99709162,Consumer Discretionary,Newspapers/Magazines,,2026-09-24,nasdaq_screener,
NYXH,Nyxoah SA Ordinary Shares,133096844.0,1.33,100072815.03759398,Health Care,Medical/Dental Instruments,2021,2026-09-24,nasdaq_screener,
O,Realty Income Corporation Common Stock,52619184815.0,55.61,946218032.9976623,Real Estate,Real Estate Investment Trusts,,2026-09-24,nasdaq_screener,
OABI,OmniAb Inc. Common Stock,696420006.0,4.79,145390397.91231734,Health Care,Biotechnology: Commercial Physical & Biological Resarch,2021,2026-09-24,nasdaq_screener,
OACC,Oaktree Acquisition Corp. III Life Sciences Class A Ordinary Share,0.0,10.75,,Finance,Blank Checks,2024,2026-09-24,nasdaq_screener,
OBA,Oxley Bridge Acquisition Limited Class A Ordinary Shares,0.0,10.33,,Finance,Blank Checks,2025,2026-09-24,nasdaq_screener,
OBDC,Blue Owl Capital Corporation Common Stock,5399911131.0,10.95,493142569.0410959,Finance,Diversified Financial Services,2019,2026-09-24,nasdaq_screener,
OBE,Obsidian Energy Ltd. Common Shares,747993640.0,11.21,66725570.026761815,Energy,Oil & Gas Production,2022,2026-09-24,nasdaq_screener,
OBIO,Orchestra BioMed Holdings Inc. Ordinary Shares,356422941.0,5.93,60105049.07251265,Health Care, Medicinal Chemicals and Botanical Products ,2020,2026-09-24,nasdaq_screener,
OBK,Origin Bancorp Inc. Common Stock,1629171495.0,52.81,30849677.996591553,Finance,Major Banks,,2026-09-24,nasdaq_screener,
OBT,Orange County Bancorp Inc. Common Stock,501189657.0,37.38,13407963.001605136,Finance,Major Banks,,2026-09-24,nasdaq_screener,
OBX,Obsidian Therapeutics Inc. Common Stock,942654088.0,15.26,61772876.01572739,Health Care,Biotechnology: Pharmaceutical Preparations,,2026-09-24,nasdaq_screener,
OC,Owens Corning Inc Common Stock New,9713502167.0,122.88,79048682.99967448,Industrials,Industrial Machinery/Components,,2026-09-24,nasdaq_screener,
OCAC,Ocean Capital Acquisition Corporation Ordinary Shares,0.0,9.98,,Finance,Blank Checks,2026,2026-09-24,nasdaq_screener,
OCC,Optical Cable Corporation Common Stock,125203060.0,14.16,8842024.011299435,Industrials,Telecommunications Equipment,,2026-09-24,nasdaq_screener,
OCFC,OceanFirst Financial Corp. Common Stock,1642968723.0,17.0,96645219.0,Finance,Major Banks,,2026-09-24,nasdaq_screener,
OCG,Oriental Culture Holding LTD Ordinary Shares,3023767.0,1.56,1938312.1794871795,Consumer Discretionary,Other Consumer Services,2020,2026-09-24,nasdaq_screener,
OCGN,Ocugen Inc. Common Stock,339110401.0,1.0,339110401.0,Health Care,Biotechnology: Biological Products (No Diagnostic Substances),2014,2026-09-24,nasdaq_screener,
OCLT,OceanLight Acquisition Corporation Ordinary Shares,0.0,9.9,,Finance,Blank Checks,2026,2026-09-24,nasdaq_screener,
OCS,Oculis Holding AG Ordinary shares,579264536.0,9.99,57984438.03803804,Health Care,Biotechnology: Pharmaceutical Preparations,,2026-09-24,nasdaq_screener,
OCTV,Octave Intelligence plc Class B Ordinary Shares,5320436958.0,19.82,268437787.9919273,Technology,Computer Software: Prepackaged Software,,2026-09-24,nasdaq_screener,
OCUL,Ocular Therapeutix Inc. Common Stock,2196158680.0,10.0,219615868.0,Health Care,Biotechnology: Pharmaceutical Preparations,2014,2026-09-24,nasdaq_screener,
ODC,Oil-Dri Corporation Of America Common Stock,1304964333.0,90.07,14488334.995003887,Consumer Discretionary,Miscellaneous manufacturing industries,,2026-09-24,nasdaq_screener,
ODD,ODDITY Tech Ltd. Class A Ordinary Shares,1010188694.0,17.83,56656685.025238365,Consumer Discretionary,Package Goods/Cosmetics,2023,2026-09-24,nasdaq_screener,
ODFL,Old Dominion Freight Line Inc. Common Stock,36851418862.0,177.72,207356622.0009003,Industrials,Trucking Freight/Courier Services,1991,2026-09-24,nasdaq_screener,
ODTX,Odyssey Therapeutics Inc. Common Stock,997695021.0,20.76,48058527.02312139,Health Care,Biotechnology: Biological Products (No Diagnostic Substances),2026,2026-09-24,nasdaq_screener,
ODYS,Odysight.ai Inc. Common Stock,62757656.0,3.1,20244405.16129032,Technology,EDP Services,,2026-09-24,nasdaq_screener,
OEC,Orion S.A. Common Shares,339701421.0,6.01,56522699.00166389,Industrials,Major Chemicals,2014,2026-09-24,nasdaq_screener,
OESX,Orion Energy Systems Inc. Common Stock,116217508.0,28.42,4089285.995777621,Consumer Discretionary,Building Products,2015,2026-09-24,nasdaq_screener,
OFAL,OFA Group Class A Ordinary Shares,15607554.0,0.59,26453481.355932206,Consumer Discretionary,Military/Government/Technical,2025,2026-09-24,nasdaq_screener,
OFG,OFG Bancorp Common Stock,2179208871.0,51.56,42265494.006982155,Finance,Major Banks,,2026-09-24,nasdaq_screener,
OFIX,Orthofix Medical Inc. Common Stock (DE),373925341.0,9.18,40732607.952069715,Health Care,Medical/Dental Instruments,1992,2026-09-24,nasdaq_screener,
OFLX,Omega Flex Inc. Common Stock,257001438.0,25.46,10094321.995286724,Industrials,Industrial Specialties,,2026-09-24,nasdaq_screener,
OFRM,Once Upon a Farm PBC Common Stock,679408766.0,16.18,41990653.028430164,Consumer Staples,Packaged Foods,2026,2026-09-24,nasdaq_screener,
OGC,OceanaGold Corporation Common Shares,6266893743.0,27.95,224218023.00536674,,,2026,2026-09-24,nasdaq_screener,
OGE,OGE Energy Corp Common Stock,9236249342.0,44.71,206581287.00514427,Utilities,Electric Utilities: Central,,2026-09-24,nasdaq_screener,
OGEN,Oragenics Inc. Common Stock,2192811.0,0.486,4511956.790123457,Health Care,Biotechnology: Pharmaceutical Preparations,,2026-09-24,nasdaq_screener,
OGG,Osisko Gold Group Inc. Common Shares,822703782.0,2.69,305837837.1747212,Basic Materials,Precious Metals,2022,2026-09-24,nasdaq_screener,
OGI,Organigram Global Inc. Common Shares,153697082.0,1.09,141006497.2477064,Health Care,Biotechnology: Pharmaceutical Preparations,,2026-09-24,nasdaq_screener,
OGN,Organon & Co. Common Stock ,3605627515.0,13.73,262609432.993445,Health Care,Biotechnology: Pharmaceutical Preparations,2021,2026-09-24,nasdaq_screener,
OGS,ONE Gas Inc. Common Stock,4543879758.0,72.29,62856269.99585004,Utilities,Oil/Gas Transmission,2014,2026-09-24,nasdaq_screener,
OHAC,Oceanhawk Acquisition Corp. Class A Ordinary Shares,0.0,9.98,,,,2026,2026-09-24,nasdaq_screener,
OHI,Omega Healthcare Investors Inc. Common Stock,13990110210.0,46.17,303013000.0,Real Estate,Real Estate Investment Trusts,1992,2026-09-24,nasdaq_screener,
OI,O-I Glass Inc. Common Stock,932714664.0,6.07,153659746.95222405,Consumer Discretionary,Containers/Packaging,,2026-09-24,nasdaq_screener,
OIA,Invesco Municipal Income Opportunities Trust Common Stock,264687075.0,5.56,47605589.02877698,Finance,Finance Companies,,2026-09-24,nasdaq_screener,
OIG,Orion180 Insurance Group Inc. Class A common stock,965566407.0,9.75,99032452.0,Finance,Specialty Insurers,2026,2026-09-24,nasdaq_screener,
OII,Oceaneering International Inc. Common Stock,4602250785.0,46.24,99529645.00432526,Energy,Oilfield Services/Equipment,,2026-09-24,nasdaq_screener,
OIM,OneIM Acquisition Corp. Class A Ordinary Shares,0.0,10.15,,,,2026,2026-09-24,nasdaq_screener,
OIO,OIO Group Ordinary Shares,649061231.0,1.865,348022107.7747989,Utilities,Environmental Services,,2026-09-24,nasdaq_screener,
OIS,Oil States International Inc. Common Stock,501280964.0,8.31,60322619.01323706,Consumer Discretionary,Oil and Gas Field Machinery,2001,2026-09-24,nasdaq_screener,
OKE,ONEOK Inc. Common Stock,57073669650.0,90.54,630369666.9980118,Utilities,Oil & Gas Production,,2026-09-24,nasdaq_screener,
OKLO,Oklo Inc. Class A common stock,7221205173.0,38.82,186017650.0,Utilities,Electric Utilities: Central,2021,2026-09-24,nasdaq_screener,
OKTA,Okta Inc. Class A Common Stock,35901225774.0,205.36,174820927.99961042,Technology,Computer Software: Prepackaged Software,2017,2026-09-24,nasdaq_screener,
OKUR,OnKure Therapeutics Inc. Class A Common Stock,119059148.0,2.94,40496308.84353741,Health Care,Biotechnology: Pharmaceutical Preparations,2021,2026-09-24,nasdaq_screener,
OKYO,OKYO Pharma Limited Ordinary Shares,69272976.0,1.32,52479527.27272727,Health Care,Biotechnology: Biological Products (No Diagnostic Substances),2022,2026-09-24,nasdaq_screener,
OLB,The OLB Group Inc. Common Stock,5087771.0,0.2117,24032928.672649976,Consumer Discretionary,Business Services,,2026-09-24,nasdaq_screener,
OLED,Universal Display Corporation Common Stock,3526115913.0,76.71,45966835.00195542,Technology,Electrical Products,,2026-09-24,nasdaq_screener,
OLLI,Ollie's Bargain Outlet Holdings Inc. Common Stock,4907232512.0,82.61,59402403.002057865,Consumer Discretionary,Department/Specialty Retail Stores,2015,2026-09-24,nasdaq_screener,
OLMA,Olema Pharmaceuticals Inc. Common Stock,772603870.0,8.83,87497607.02151756,Health Care,Biotechnology: Pharmaceutical Preparations,2020,2026-09-24,nasdaq_screener,
OLN,Olin Corporation Common Stock,1911486357.0,16.77,113982489.98211092,Industrials,Major Chemicals,,2026-09-24,nasdaq_screener,
OLOX,Olenox Industries Inc. Common Stock,1386218.0,0.8354,1659346.4208762269,Consumer Discretionary,RETAIL: Building Materials,2017,2026-09-24,nasdaq_screener,
OLP,One Liberty Properties Inc. Common Stock,494336794.0,22.65,21825024.017660044,Real Estate,Real Estate Investment Trusts,1986,2026-09-24,nasdaq_screener,
OM,Outset Medical Inc. Common Stock,58083237.0,3.09,18797164.077669904,Health Care,Biotechnology: Electromedical & Electrotherapeutic Apparatus,2020,2026-09-24,nasdaq_screener,
OMC,Omnicom Group Inc. Common Stock,20710377049.0,75.49,274345967.002252,Consumer Discretionary,Advertising,,2026-09-24,nasdaq_screener,
OMCL,Omnicell Inc. Common Stock ($0.001 par value),1504835023.0,32.99,45614883.995150045,Technology,Computer Manufacturing,2001,2026-09-24,nasdaq_screener,
OMDA,Omada Health Inc. Common Stock,1266573585.0,20.69,61216702.99661672,Health Care,Medical/Nursing Services,2025,2026-09-24,nasdaq_screener,
OMER,Omeros Corporation Common Stock,1501333674.0,20.74,72388316.00771457,Health Care,Biotechnology: Pharmaceutical Preparations,2009,2026-09-24,nasdaq_screener,
OMEX,Odyssey Marine Exploration Inc. Common Stock,42539519.0,0.7248,58691389.34878587,Consumer Discretionary,Marine Transportation,,2026-09-24,nasdaq_screener,
OMF,OneMain Holdings Inc. Common Stock,6586124100.0,57.25,115041468.99563318,Finance,Finance: Consumer Services,2013,2026-09-24,nasdaq_screener,
OMH,Ohmyhome Limited Class A Ordinary Shares,4221723.0,2.5,1688689.2,Finance,Real Estate,2023,2026-09-24,nasdaq_screener,
OMSE,OMS Energy Technologies Inc. Ordinary Shares,180848459.0,4.2604,42448704.11228993,Consumer Discretionary,Oil and Gas Field Machinery,2025,2026-09-24,nasdaq_screener,
ON,ON Semiconductor Corporation Common Stock,28848509223.0,74.1,389318612.9959515,Technology,Semiconductors,,2026-09-24,nasdaq_screener,
ONB,Old National Bancorp Common Stock,9464781800.0,24.74,382570000.0,Finance,Major Banks,,2026-09-24,nasdaq_screener,
ONCH,1RT Acquisition Corp. Class A Ordinary Share,0.0,10.32,,,,2025,2026-09-24,nasdaq_screener,
ONCO,Onconetix Inc. Common Stock,3986275.0,0.91,4380521.9780219775,Health Care,Biotechnology: Pharmaceutical Preparations,2022,2026-09-24,nasdaq_screener,
ONCY,Oncolytics Biotech Inc. Common Stock,86260857.0,0.6765,127510505.54323725,Health Care,Biotechnology: Pharmaceutical Preparations,,2026-09-24,nasdaq_screener,
ONDS,Ondas Inc. Common Stock,4229848961.0,7.4,571601210.9459459,Technology,Radio And Television Broadcasting And Communications Equipment,,2026-09-24,nasdaq_screener,
ONEG,OneConstruction Group Limited Ordinary Shares,16320000.0,1.02,16000000.0,Consumer Discretionary,Homebuilding,2024,2026-09-24,nasdaq_screener,
ONEW,OneWater Marine Inc. Class A Common Stock,165656253.0,9.94,16665619.014084509,Consumer Discretionary,Auto & Home Supply Stores,2020,2026-09-24,nasdaq_screener,
ONFO,Onfolio Holdings Inc. Common Stock,2036887.0,0.815,2499247.8527607364,Technology,EDP Services,2022,2026-09-24,nasdaq_screener,
ONIT,Onity Group Inc. Common Stock,263000290.0,31.48,8354520.01270648,Finance,Finance: Consumer Services,,2026-09-24,nasdaq_screener,
ONL,Orion Properties Inc. Common Stock,141470891.0,2.48,57044714.11290323,Real Estate,Real Estate Investment Trusts,2021,2026-09-24,nasdaq_screener,
ONMD,OneMedNet Corp Class A Common Stock,38802982.0,0.6545,59286450.72574484,Health Care,Biotechnology: Commercial Physical & Biological Resarch,2021,2026-09-24,nasdaq_screener,
ONON,On Holding AG Class A Ordinary Shares,18199481071.0,30.16,603431069.9933687,Consumer Discretionary,Shoe Manufacturing,2021,2026-09-24,nasdaq_screener,
ONT,Onterris Inc. Common Stock,597698556.0,17.02,35117423.97179788,Consumer Discretionary,Professional Services,2020,2026-09-24,nasdaq_screener,
ONTO,Onto Innovation Inc. Common Stock,13854150671.0,282.31,49074247.001523145,Industrials,Industrial Machinery/Components,,2026-09-24,nasdaq_screener,
OOMA,Ooma Inc. Common Stock,608580000.0,22.05,27600000.0,Technology,EDP Services,2015,2026-09-24,nasdaq_screener,
OPAD,Offerpad Solutions Inc. Class A Common Stock,16479674.0,3.41,4832748.973607038,Finance,Real Estate,,2026-09-24,nasdaq_screener,
OPAL,OPAL Fuels Inc. Class A Common Stock,324923400.0,1.86,174690000.0,Utilities,Natural Gas Distribution,2021,2026-09-24,nasdaq_screener,
OPBK,OP Bancorp Common Stock,222197311.0,14.88,14932614.98655914,Finance,Major Banks,2018,2026-09-24,nasdaq_screener,
OPCH,Option Care Health Inc. Common Stock,3495987572.0,23.34,149785243.01628107,Health Care,Medical/Nursing Services,,2026-09-24,nasdaq_screener,
OPEN,Opendoor Technologies Inc Common Stock,2505414909.0,2.58,971091050.0,Finance,Real Estate,,2026-09-24,nasdaq_screener,
OPFI,OppFi Inc. Class A Common Stock,535107791.0,6.28,85208246.9745223,Finance,Finance: Consumer Services,2020,2026-09-24,nasdaq_screener,
OPHC,OptimumBank Holdings Inc. Common Stock,112718657.0,8.93,12622469.988801792,Finance,Major Banks,,2026-09-24,nasdaq_screener,
OPI,Office Properties Income Trust Common shares of beneficial interest,386163419.0,17.59,21953576.97555429,Finance,Real Estate,,2026-09-24,nasdaq_screener,
OPK,OPKO Health Inc. Common Stock,1268757983.0,1.7,746328225.2941177,Health Care,Biotechnology: Pharmaceutical Preparations,,2026-09-24,nasdaq_screener,
OPLN,OPENLANE Inc. Common Stock,4173568684.0,34.19,122069864.9897631,Consumer Discretionary,Retail-Auto Dealers and Gas Stations,,2026-09-24,nasdaq_screener,
OPRT,Oportun Financial Corporation Common Stock,389971905.0,8.48,45987252.9481132,Finance,Finance: Consumer Services,2019,2026-09-24,nasdaq_screener,
OPRX,OptimizeRx Corporation Common Stock,143153228.0,7.6,18835951.05263158,Consumer Discretionary,Business Services,,2026-09-24,nasdaq_screener,
OPTH,Optimi Health Corp. Common Shares,28400300.0,4.96,5725866.935483871,Health Care,Biotechnology: Pharmaceutical Preparations,,2026-09-24,nasdaq_screener,
OPTT,Ocean Power Technologies Inc. Common Stock,19810182.0,2.2,9004628.181818182,Utilities,Electric Utilities: Central,2007,2026-09-24,nasdaq_screener,
OPTU,Optimum Communications Inc. Class A common stock,464696552.0,1.02,455584854.9019608,Telecommunications,Cable & Other Pay Television Services,2017,2026-09-24,nasdaq_screener,
OPTX,Syntec Optics Holdings Inc. Class A Common Stock,305321475.0,7.58,40279877.96833773,Technology,Electronic Components,2022,2026-09-24,nasdaq_screener,
OPXS,Optex Systems Holdings Inc. Common Stock,72382679.0,10.4,6959872.980769231,Technology,Electronic Components,,2026-09-24,nasdaq_screener,
OPY,Oppenheimer Holdings Inc. Class A Common Stock (DE),1235168377.0,115.35,10708005.002167318,Finance,Investment Bankers/Brokers/Service,,2026-09-24,nasdaq_screener,
OR,OR Royalties Inc. Common Shares,6762975814.0,36.07,187495863.98669255,Basic Materials,Precious Metals,2016,2026-09-24,nasdaq_screener,
ORA,Ormat Technologies Inc. Common Stock,5893251856.0,95.83,61496940.99968695,Utilities,Electric Utilities: Central,2004,2026-09-24,nasdaq_screener,
ORBS,Eightco Holdings Inc. Common Stock,455564044.0,1.06,429777400.0,Finance,Finance Companies,,2026-09-24,nasdaq_screener,
ORC,Orchid Island Capital Inc. Common Stock,1185644422.0,5.94,199603438.04713804,Real Estate,Real Estate Investment Trusts,2013,2026-09-24,nasdaq_screener,
ORCL,Oracle Corporation Common Stock,437111276160.0,144.56,3023736000.0,Technology,Computer Software: Prepackaged Software,1986,2026-09-24,nasdaq_screener,
ORGO,Organogenesis Holdings Inc. Class A Common Stock,186578095.0,1.45,128674548.27586207,Health Care,Biotechnology: Pharmaceutical Preparations,2016,2026-09-24,nasdaq_screener,
ORI,Old Republic International Corporation Common Stock,9237223596.0,38.26,241432922.00731835,Finance,Property-Casualty Insurers,,2026-09-24,nasdaq_screener,
ORIC,Oric Pharmaceuticals Inc. Common Stock,1381689904.0,13.33,103652655.963991,Health Care,Biotechnology: Pharmaceutical Preparations,2020,2026-09-24,nasdaq_screener,
ORIO,Orion Digital Corp. Common Shares,24494430.0,1.03,23781000.0,Finance,Finance: Consumer Services,,2026-09-24,nasdaq_screener,
ORIQ,Origin Investment Corp I Ordinary Shares,0.0,10.4399,,,,2025,2026-09-24,nasdaq_screener,
ORKA,Oruka Therapeutics Inc. Common Stock,5953907183.0,89.925,66209699.004726164,Health Care,Biotechnology: In Vitro & In Vivo Diagnostic Substances,,2026-09-24,nasdaq_screener,
ORKT,Orangekloud Technology Inc. Class A Ordinary Shares,6190156.0,1.06,5839769.811320755,Technology,Computer Software: Prepackaged Software,2024,2026-09-24,nasdaq_screener,
ORLY,O'Reilly Automotive Inc. Common Stock,69489732033.0,85.9,808960792.0023283,Consumer Discretionary,Auto & Home Supply Stores,1993,2026-09-24,nasdaq_screener,
ORMP,Oramed Pharmaceuticals Inc. Common Stock,196339511.0,4.72,41597354.02542373,Health Care,Biotechnology: Pharmaceutical Preparations,,2026-09-24,nasdaq_screener,
ORN,Orion Group Holdings Inc. Common,364457610.0,9.0,40495290.0,Industrials,Military/Government/Technical,,2026-09-24,nasdaq_screener,
ORRF,Orrstown Financial Services Inc. Common Stock,807241451.0,41.04,19669625.99902534,Finance,Major Banks,,2026-09-24,nasdaq_screener,
OSBC,Old Second Bancorp Inc. Common Stock,1248998828.0,24.55,50875716.008146636,Finance,Major Banks,,2026-09-24,nasdaq_screener,
OSCR,Oscar Health Inc. Class A Common Stock,9422931850.0,30.53,308645000.0,Health Care,Medical Specialities,2021,2026-09-24,nasdaq_screener,
OSG,Octave Specialty Group Inc. Common Stock,186963667.0,4.15,45051486.024096385,Finance,Property-Casualty Insurers,,2026-09-24,nasdaq_screener,
OSIS,OSI Systems Inc. Common Stock (DE),3236219504.0,203.0,15941968.0,Technology,Semiconductors,1997,2026-09-24,nasdaq_screener,
OSK,Oshkosh Corporation (Holding Company)Common Stock,8365118592.0,135.49,61739748.99992619,Industrials,Auto Manufacturing,,2026-09-24,nasdaq_screener,
OSPN,OneSpan Inc. Common Stock,663707636.0,18.01,36852173.01499167,Technology,EDP Services,,2026-09-24,nasdaq_screener,
OSPR,Osprey Acquisition Corp. III Class A Ordinary Shares,0.0,9.82,,Finance,Blank Checks,2026,2026-09-24,nasdaq_screener,
OSS,One Stop Systems Inc. Common Stock,228950393.0,9.18,24940129.956427015,Technology,Computer Manufacturing,2018,2026-09-24,nasdaq_screener,
OSTX,OS Therapies Incorporated Common Stock,76676804.0,1.65,46470790.303030305,Health Care,Biotechnology: Pharmaceutical Preparations,2024,2026-09-24,nasdaq_screener,
OSUR,OraSure Technologies Inc. Common Stock,275184822.0,3.99,68968627.06766917,Health Care,Medical/Dental Instruments,,2026-09-24,nasdaq_screener,
OSW,OneSpaWorld Holdings Limited Common Shares,2259361329.0,22.26,101498711.99460916,Consumer Discretionary,Hotels/Resorts,,2026-09-24,nasdaq_screener,
OTAI,Starlink AI Acquisition Corporation Ordinary Shares,0.0,9.99,,,,2026,2026-09-24,nasdaq_screener,
OTEX,Open Text Corporation Common Shares,5783912093.0,23.08,250602776.99306762,Technology,EDP Services,1996,2026-09-24,nasdaq_screener,
OTF,Blue Owl Technology Finance Corp. Common Stock,4760546192.0,10.39,458185389.0279114,,,2025,2026-09-24,nasdaq_screener,
OTGA,OTG Acquisition Corp. I Class A Ordinary Share ,0.0,10.25,,Finance,Blank Checks,2025,2026-09-24,nasdaq_screener,
OTIS,Otis Worldwide Corporation Common Stock ,26007329240.0,68.32,380669338.9929743,Technology,Consumer Electronics/Appliances,2020,2026-09-24,nasdaq_screener,
OTLK,Outlook Therapeutics Inc. Common Stock,161089246.0,0.6617,243447553.2718755,Health Care,Biotechnology: Biological Products (No Diagnostic Substances),2016,2026-09-24,nasdaq_screener,
OTTR,Otter Tail Corporation Common Stock,3743014457.0,89.15,41985580.0,Utilities,Electric Utilities: Central,,2026-09-24,nasdaq_screener,
OUST,Ouster Inc. Common Stock,2839783674.0,39.38,72112333.01168105,Industrials,Industrial Machinery/Components,,2026-09-24,nasdaq_screener,
OUT,OUTFRONT Media Inc. Common Stock,4968775431.0,28.21,176135251.01028004,Real Estate,Real Estate Investment Trusts,2014,2026-09-24,nasdaq_screener,
OVBC,Ohio Valley Banc Corp. Common Stock,205446754.0,43.61,4711001.008942903,Finance,Major Banks,,2026-09-24,nasdaq_screener,
OVID,Ovid Therapeutics Inc. Common Stock,501915492.0,2.57,195297856.80933854,Health Care,Biotechnology: Pharmaceutical Preparations,2017,2026-09-24,nasdaq_screener,
OVLY,Oak Valley Bancorp (CA) Common Stock,282751116.0,33.61,8412708.003570367,Finance,Major Banks,,2026-09-24,nasdaq_screener,
OVV,Ovintiv Inc. (DE),16885671000.0,59.73,282700000.0,Energy,Oil & Gas Production,,2026-09-24,nasdaq_screener,
OWL,Blue Owl Capital Inc. Class A Common Stock,14967285341.0,9.6,1559092223.0208335,Finance,Investment Managers,2020,2026-09-24,nasdaq_screener,
OWLS,OBOOK Holdings Inc. Class A Common Shares,211444047.0,5.59,37825410.91234347,Technology,Computer Software: Prepackaged Software,,2026-09-24,nasdaq_screener,
OWLT,Owlet Inc. Class A Common Stock,152244937.0,5.21,29221676.967370443,Industrials,Industrial Machinery/Components,2020,2026-09-24,nasdaq_screener,
OXBR,Oxbridge Re Holdings Limited Ordinary Shares,11312622.0,1.39,8138576.978417267,Finance,Property-Casualty Insurers,2014,2026-09-24,nasdaq_screener,
OXM,Oxford Industries Inc. Common Stock,394527737.0,26.34,14978273.993925588,Industrials,Garments and Clothing,,2026-09-24,nasdaq_screener,
OXY,Occidental Petroleum Corporation Common Stock,57339199601.0,57.36,999637371.0076709,Energy,Oil & Gas Production,,2026-09-24,nasdaq_screener,
OYSE,Oyster Enterprises II Acquisition Corp Class A Ordinary Shares,0.0,10.39,,Finance,Blank Checks,2025,2026-09-24,nasdaq_screener,
OZK,Bank OZK Common Stock,5214444324.0,46.09,113136132.00260359,Finance,Major Banks,,2026-09-24,nasdaq_screener,
P,Everpure Inc. Class A common stock,36538368072.0,109.65,333227250.998632,Technology,Electronic Components,2015,2026-09-24,nasdaq_screener,
PAAC,Proem Acquisition Corp I Ordinary Shares,145682690.0,10.07,14467000.0,Finance,Investment Managers,2026,2026-09-24,nasdaq_screener,
PAAI,Paradium.AI Inc. Common Stock,73796512.0,1.55,47610652.9032258,Technology,EDP Services,2022,2026-09-24,nasdaq_screener,
PAAS,Pan American Silver Corp. Common Stock,19947271980.0,48.11,414618000.0,Basic Materials,Precious Metals,,2026-09-24,nasdaq_screener,
PAC,Grupo Aeroportuario Del Pacifico S.A. B. de C.V. Grupo Aeroportuario Del Pacifico S.A. de C.V. (each representing 10 Series B shares),12341272486.0,207.41,59501819.99903573,Consumer Discretionary,Aerospace,2006,2026-09-24,nasdaq_screener,
PACB,Pacific Biosciences of California Inc. Common Stock,438271370.0,1.41,310830758.86524826,Industrials,Biotechnology: Laboratory Analytical Instruments,2010,2026-09-24,nasdaq_screener,
PACH,Pioneer Acquisition I Corp Class A Ordinary Shares,0.0,10.34,,,,2025,2026-09-24,nasdaq_screener,
PACK,Ranpak Holdings Corp Class A Common Stock,358469648.0,4.18,85758288.99521531,Consumer Discretionary,Containers/Packaging,2018,2026-09-24,nasdaq_screener,
PACS,PACS Group Inc. Common Stock,6499676873.0,41.05,158335612.00974423,Health Care,Hospital/Nursing Management,2024,2026-09-24,nasdaq_screener,
PAG,Penske Automotive Group Inc. Common Stock,13766877953.0,209.66,65662872.99914147,Consumer Discretionary,Retail-Auto Dealers and Gas Stations,,2026-09-24,nasdaq_screener,
PAGP,Plains GP Holdings L.P. Class A Units representing Limited Partner Interests,5282061070.0,26.69,197904124.01648557,Energy,Natural Gas Distribution,,2026-09-24,nasdaq_screener,
PAGS,PagSeguro Digital Ltd. Class A Common Shares,2642260375.0,9.09,290677709.0209021,Technology,EDP Services,2018,2026-09-24,nasdaq_screener,
PAHC,Phibro Animal Health Corporation Class A Common Stock,1384514662.0,34.1,40601602.99120235,Health Care,Biotechnology: Pharmaceutical Preparations,2014,2026-09-24,nasdaq_screener,
PAII,Pyrophyte Acquisition Corp. II Class A Ordinary Shares,0.0,10.3,,,,2025,2026-09-24,nasdaq_screener,
PAL,Proficient Auto Logistics Inc. Common Stock,108284283.0,3.86,28052923.05699482,Consumer Discretionary,Transportation Services,2024,2026-09-24,nasdaq_screener,
PALI,Palisade Bio Inc. Common Stock,278832893.0,1.6,174270558.125,Health Care,Biotechnology: Biological Products (No Diagnostic Substances),,2026-09-24,nasdaq_screener,
PALO,Paloma Acquisition Corp I Class A Ordinary Shares,0.0,10.02,,Finance,Blank Checks,2026,2026-09-24,nasdaq_screener,
PAM,Pampa Energia S.A.,4381263669.0,80.33,54540815.00062244,Utilities,Electric Utilities: Central,,2026-09-24,nasdaq_screener,
PAMT,PAMT CORP Common Stock,246280942.0,11.76,20942256.972789116,Industrials,Trucking Freight/Courier Services,,2026-09-24,nasdaq_screener,
PANL,Pangaea Logistics Solutions Ltd. Common Shares,538194406.0,8.22,65473772.01946472,Consumer Discretionary,Marine Transportation,2013,2026-09-24,nasdaq_screener,
PANW,Palo Alto Networks Inc. Common Stock,321719400000.0,393.3,818000000.0,Technology,Computer peripheral equipment,,2026-09-24,nasdaq_screener,
PAPL,Pineapple Financial Inc. Common Stock,23198959.0,0.918,25271197.16775599,Finance,Finance: Consumer Services,,2026-09-24,nasdaq_screener,
PAR,PAR Technology Corporation Common Stock,607204553.0,14.68,41362707.970027246,Miscellaneous,Office Equipment/Supplies/Services,,2026-09-24,nasdaq_screener,
PARA,Banzai International Inc. Class A Common Stock,,0.8853,,Industrials,Broadcasting,2021,2026-09-24,nasdaq_screener,
PARK,Park Dental Partners Inc. Common Stock,95961591.0,20.18,4755282.011892963,Health Care,Misc Health and Biotechnology Services,2025,2026-09-24,nasdaq_screener,
PARR,Par Pacific Holdings Inc.  Common Stock,3856168290.0,76.97,50099626.9975315,Energy,Oil & Gas Production,,2026-09-24,nasdaq_screener,
PASG,Passage Bio Inc. Common Stock,16089050.0,5.0,3217810.0,Health Care,Biotechnology: Biological Products (No Diagnostic Substances),2020,2026-09-24,nasdaq_screener,
PASW,Ping An Biomedical Co. Ltd. Class A Ordinary Shares,15867670.0,0.1274,124549999.99999999,Consumer Discretionary,Apparel,1999,2026-09-24,nasdaq_screener,
PATH,UiPath Inc. Class A Common Stock,6795866533.0,13.04,521155408.9723927,Technology,Computer Software: Prepackaged Software,2021,2026-09-24,nasdaq_screener,
PATK,Patrick Industries Inc. Common Stock,2221941504.0,69.18,32118264.006938417,Consumer Discretionary,Auto Parts:O.E.M.,,2026-09-24,nasdaq_screener,
PAVM,PAVmed Inc. Common Stock,31883723.0,3.9875,7995917.993730408,Health Care,Medical/Dental Instruments,2016,2026-09-24,nasdaq_screener,
PAVS,Paranovus Entertainment Technology Ltd. Class A Ordinary Shares,3643783.0,4.19,869637.9474940334,Technology,EDP Services,2019,2026-09-24,nasdaq_screener,
PAX,Patria Investments Limited Class A Common Shares,1661816023.0,10.24,162286720.99609375,Finance,Investment Managers,2021,2026-09-24,nasdaq_screener,
PAY,Paymentus Holdings Inc. Class A Common Stock,3771892428.0,29.95,125939647.01168615,Consumer Discretionary,Business Services,2021,2026-09-24,nasdaq_screener,
PAYC,Paycom Software Inc. Common Stock,9991476500.0,221.68,45071619.00036088,Technology,Computer Software: Prepackaged Software,2014,2026-09-24,nasdaq_screener,
PAYO,Payoneer Global Inc. Common Stock,2419394969.0,7.14,338850835.99439776,Consumer Discretionary,Business Services,,2026-09-24,nasdaq_screener,
PAYP,PayPay Corporation American Depository Shares,11118690277.0,16.42,677143135.0182704,Consumer Discretionary,Business Services,2026,2026-09-24,nasdaq_screener,
PAYS,Paysign Inc. Common Stock,715375517.0,12.67,56462156.037884764,Technology,EDP Services,,2026-09-24,nasdaq_screener,
PAYX,Paychex Inc. Common Stock,37196399624.0,104.49,355980473.0022012,Industrials,Diversified Commercial Services,1983,2026-09-24,nasdaq_screener,
PB,Prosperity Bancshares Inc. Common Stock,8084291385.0,67.27,120176770.99747288,Finance,Major Banks,,2026-09-24,nasdaq_screener,
PBA,Pembina Pipeline Corp. Ordinary Shares (Canada),26652665650.0,45.83,581555000.0,Energy,Oil & Gas Production,,2026-09-24,nasdaq_screener,
PBAM,Private Bancorp of America Inc. Common Stock,499924003.0,87.25,5729788.0,Finance,Major Banks,,2026-09-24,nasdaq_screener,
PBF,PBF Energy Inc. Class A Common Stock,8353290974.0,70.47,118536838.00198667,Energy,Integrated oil Companies,2012,2026-09-24,nasdaq_screener,
PBFS,Pioneer Bancorp Inc. Common Stock,433487019.0,17.45,24841662.979942694,Finance,Banks,2019,2026-09-24,nasdaq_screener,
PBH,Prestige Consumer Healthcare Inc. Common Stock,2175438050.0,45.92,47374521.994773515,Health Care,Biotechnology: Pharmaceutical Preparations,2005,2026-09-24,nasdaq_screener,
PBHC,Pathfinder Bancorp Inc. Common Stock (MD),89591004.0,18.29,4898359.978130126,Finance,Major Banks,,2026-09-24,nasdaq_screener,
PBI,Pitney Bowes Inc. Common Stock,2230457749.0,16.27,137090211.98524892,Miscellaneous,Office Equipment/Supplies/Services,,2026-09-24,nasdaq_screener,
PBK,PowerBank Corporation Common Stock,12405983.0,0.2642,46956786.52535958,Utilities,Power Generation,,2026-09-24,nasdaq_screener,
PBLS,Parabilis Medicines Inc. Common Stock,4062222119.0,33.31,121952029.9909937,Health Care,Biotechnology: Pharmaceutical Preparations,2026,2026-09-24,nasdaq_screener,
PBM,Psyence Biomedical Ltd. Common Shares,24068410.0,6.31,3814328.050713154,Health Care,Biotechnology: Pharmaceutical Preparations,,2026-09-24,nasdaq_screener,
PBR,Petroleo Brasileiro S.A. Petrobras ADS,136233905294.0,21.14,6444366380.983916,Energy,Oil & Gas Production,,2026-09-24,nasdaq_screener,
PBT,Permian Basin Royalty Trust Common Stock,1543683324.0,33.12,46608796.01449276,Energy,Oil & Gas Production,,2026-09-24,nasdaq_screener,
PBYI,Puma Biotechnology Inc Common Stock,479034212.0,9.28,51620065.948275864,Health Care,Biotechnology: Pharmaceutical Preparations,,2026-09-24,nasdaq_screener,
PCAP,ProCap Acquisition Corp Class A Ordinary Shares,0.0,10.37,,Finance,Blank Checks,2025,2026-09-24,nasdaq_screener,
PCAR,PACCAR Inc. Common Stock,59000247582.0,112.09,526364953.0020519,Industrials,Auto Manufacturing,,2026-09-24,nasdaq_screener,
PCB,PCB Bancorp Common Stock,381451390.0,27.16,14044601.988217967,Finance,Major Banks,2018,2026-09-24,nasdaq_screener,
PCG,Pacific Gas & Electric Co. Common Stock,33260171255.0,12.41,2680110495.970991,Utilities,Power Generation,,2026-09-24,nasdaq_screener,
PCOR,Procore Technologies Inc. Common Stock,7758839558.0,51.06,151955337.99451625,Technology,Computer Software: Prepackaged Software,2021,2026-09-24,nasdaq_screener,
PCRX,Pacira BioSciences Inc. Common Stock,981798252.0,24.63,39861885.99269184,Health Care,Biotechnology: Pharmaceutical Preparations,2011,2026-09-24,nasdaq_screener,
PCSA,Processa Pharmaceuticals Inc. Common Stock,5279500.0,1.89,2793386.2433862435,Health Care,Biotechnology: Pharmaceutical Preparations,,2026-09-24,nasdaq_screener,
PCT,PureCycle Technologies Inc. Common stock,1034659772.0,5.15,200904810.09708735,Industrials,Major Chemicals,,2026-09-24,nasdaq_screener,
PCTY,Paylocity Holding Corporation Common Stock,7617918748.0,143.58,53056963.00320379,Technology,Computer Software: Prepackaged Software,2014,2026-09-24,nasdaq_screener,
PCVX,Vaxcyte Inc. Common Stock,8406754181.0,56.495,148805278.00690326,Health Care,Biotechnology: Biological Products (No Diagnostic Substances),2020,2026-09-24,nasdaq_screener,
PCYO,Pure Cycle Corporation Common Stock,265071070.0,11.0,24097370.0,Utilities,Water Supply,,2026-09-24,nasdaq_screener,
PD,PagerDuty Inc. Common Stock,1166377617.0,14.83,78649873.02764666,Technology,Computer Software: Prepackaged Software,2019,2026-09-24,nasdaq_screener,
PDCC,Pearl Diver Credit Company Inc. Common Stock,0.0,8.6792,,,,2024,2026-09-24,nasdaq_screener,
PDEX,Pro-Dex Inc. Common Stock,230447848.0,71.94,3203334.000556019,Health Care,Medical/Dental Instruments,,2026-09-24,nasdaq_screener,
PDFS,PDF Solutions Inc. Common Stock,2045064071.0,48.43,42227216.0024778,Technology,Computer Software: Prepackaged Software,2001,2026-09-24,nasdaq_screener,
PDLB,Ponce Financial Group Inc. Common Stock,488111842.0,20.18,24187900.991080277,Finance,Savings Institutions,2017,2026-09-24,nasdaq_screener,
PDM,Piedmont Realty Trust Inc. Class A Common Stock,1144965349.0,9.15,125132825.0273224,Real Estate,Building operators,,2026-09-24,nasdaq_screener,
PDS,Precision Drilling Corporation Common Stock,1040606145.0,82.67,12587470.001209628,Energy,Oil & Gas Production,,2026-09-24,nasdaq_screener,
PDSB,PDS Biotechnology Corporation Common Stock,59711500.0,0.8239,72474208.0349557,Health Care,Biotechnology: Pharmaceutical Preparations,2015,2026-09-24,nasdaq_screener,
PDYN,Palladyne AI Corp. Common Stock,268401494.0,5.44,49338509.926470585,Technology,Computer Software: Prepackaged Software,,2026-09-24,nasdaq_screener,
PEB,Pebblebrook Hotel Trust Common Shares of Beneficial Interest,2055994286.0,18.22,112842716.02634469,Real Estate,Real Estate Investment Trusts,2009,2026-09-24,nasdaq_screener,
PEBK,Peoples Bancorp of North Carolina Inc. Common Stock,232987163.0,42.66,5461489.990623536,Finance,Major Banks,,2026-09-24,nasdaq_screener,
PEBO,Peoples Bancorp Inc. Common Stock,1381263165.0,38.43,35942314.9882904,Finance,Major Banks,,2026-09-24,nasdaq_screener,
PECE,Peace Acquisition Corp Ordinary Shares,0.0,10.0,,Finance,Blank Checks,2026,2026-09-24,nasdaq_screener,
PECO,Phillips Edison & Company Inc. Common Stock,4725864000.0,36.72,128700000.0,Real Estate,Real Estate Investment Trusts,2021,2026-09-24,nasdaq_screener,
PED,Pedevco Corp. Common Stock,176252092.0,13.26,13292012.971342383,Energy,Oil & Gas Production,,2026-09-24,nasdaq_screener,
PEG,Public Service Enterprise Group Incorporated Common Stock,33548652219.0,67.31,498420029.995543,Utilities,Power Generation,,2026-09-24,nasdaq_screener,
PEGA,Pegasystems Inc. Common Stock,5783765965.0,35.18,164404944.99715748,Technology,EDP Services,1996,2026-09-24,nasdaq_screener,
PEN,Penumbra Inc. Common Stock,12582556964.0,319.44,39389422.00100175,Health Care,Medical/Dental Instruments,2015,2026-09-24,nasdaq_screener,
PENG,Penguin Solutions Inc. Common Stock,2760956622.0,53.88,51242698.99777283,Technology,Semiconductors,2017,2026-09-24,nasdaq_screener,
PENN,PENN Entertainment Inc. Common Stock,2086076156.0,15.56,134066591.00257069,Consumer Discretionary,Hotels/Resorts,1994,2026-09-24,nasdaq_screener,
PEP,PepsiCo Inc. Common Stock,177681583020.0,130.18,1364891557.99662,Consumer Staples,Beverages (Production/Distribution),,2026-09-24,nasdaq_screener,
PEPG,PepGen Inc. Common Stock,188385886.0,2.72,69259516.9117647,Health Care,Biotechnology: Pharmaceutical Preparations,2022,2026-09-24,nasdaq_screener,
PERF,Perfect Corp. Class A Ordinary Share,195549448.0,1.92,101848670.83333334,Technology,Computer Software: Prepackaged Software,2022,2026-09-24,nasdaq_screener,
PERI,Perion Network Ltd. Ordinary Shares,339813956.0,8.64,39330318.98148148,Technology,EDP Services,2006,2026-09-24,nasdaq_screener,
PESI,Perma-Fix Environmental Services Inc. Common Stock,335037762.0,15.79,21218350.981633946,Industrials,Environmental Services,,2026-09-24,nasdaq_screener,
PETS,PetMed Express Inc. Common Stock,33602317.0,1.55,21678914.193548385,Consumer Staples,Retail-Drug Stores and Proprietary Stores,,2026-09-24,nasdaq_screener,
PETZ,TDH Holdings Inc. Common Shares,13833179.0,1.34,10323267.910447761,Finance,Real Estate,2017,2026-09-24,nasdaq_screener,
PEW,GrabAGun Digital Holdings Inc. Common Stock,63749026.0,2.16,29513437.962962963,Consumer Discretionary,Other Specialty Stores,2025,2026-09-24,nasdaq_screener,
PFAI,Pinnacle Food Group Limited Class A Common Shares,35209740.0,3.0,11736580.0,Consumer Staples,Farming/Seeds/Milling,2025,2026-09-24,nasdaq_screener,
PFE,Pfizer Inc. Common Stock,160616801738.0,28.18,5699673588.99929,Health Care,Biotechnology: Pharmaceutical Preparations,,2026-09-24,nasdaq_screener,
PFG,Principal Financial Group Inc Common Stock,24390800703.0,113.92,214104641.00245786,Finance,Accident &Health Insurance,2001,2026-09-24,nasdaq_screener,
PFGC,Performance Food Group Company Common Stock,14302423975.0,90.79,157533031.99691594,Consumer Discretionary,Food Distributors,2015,2026-09-24,nasdaq_screener,
PFIS,Peoples Financial Services Corp. Common Stock,685810243.0,68.51,10010366.99751861,Finance,Major Banks,,2026-09-24,nasdaq_screener,
PFLT,PennantPark Floating Rate Capital Ltd. Common Stock,696509630.0,7.02,99217896.01139602,Finance,Finance: Consumer Services,2022,2026-09-24,nasdaq_screener,
PFS,Provident Financial Services Inc Common Stock,2924075096.0,22.42,130422618.01962532,Finance,Savings Institutions,2003,2026-09-24,nasdaq_screener,
PFSA,Profusa Inc. Common Stock,1241576.0,2.05,605646.8292682928,Health Care,Medical/Dental Instruments,,2026-09-24,nasdaq_screener,
PFSI,PennyMac Financial Services Inc. Common Stock,3408542639.0,65.61,51951572.001219325,Finance,Finance: Consumer Services,2013,2026-09-24,nasdaq_screener,
PFX,PhenixFIN Corporation Common Stock,90503702.0,46.8622,1931273.0089496437,Finance,Finance: Consumer Services,,2026-09-24,nasdaq_screener,
PG,Procter & Gamble Company (The) Common Stock,342598188713.0,147.39,2324433059.9972863,Consumer Discretionary,Package Goods/Cosmetics,,2026-09-24,nasdaq_screener,
PGAC,Pantages Capital Acquisition Corporation Class A Ordinary Shares,0.0,10.71,,,,2025,2026-09-24,nasdaq_screener,
PGC,Peapack-Gladstone Financial Corporation Common Stock,786766510.0,44.38,17727952.00540784,Finance,Commercial Banks,,2026-09-24,nasdaq_screener,
PGEN,Precigen Inc. Common Stock,2663782238.0,7.44,358035247.0430107,Health Care,Biotechnology: Pharmaceutical Preparations,,2026-09-24,nasdaq_screener,
PGNY,Progyny Inc. Common Stock,1981853192.0,25.83,76726797.98683701,Health Care,Misc Health and Biotechnology Services,2019,2026-09-24,nasdaq_screener,
PGR,Progressive Corporation (The) Common Stock,118094047640.0,203.13,581371769.9995077,Finance,Property-Casualty Insurers,,2026-09-24,nasdaq_screener,
PGY,Pagaya Technologies Ltd. Class A Ordinary Shares,1561731781.0,18.72,83425843.00213675,Finance,Finance: Consumer Services,,2026-09-24,nasdaq_screener,
PH,Parker-Hannifin Corporation Common Stock,122481638572.0,971.21,126112414.99984555,Industrials,Metal Fabrications,,2026-09-24,nasdaq_screener,
PHAR,Pharming Group N.V. ADS each representing 10 ordinary shares,760633727.0,10.77,70625229.99071495,Health Care,Biotechnology: Pharmaceutical Preparations,,2026-09-24,nasdaq_screener,
PHAT,Phathom Pharmaceuticals Inc. Common Stock,565093024.0,6.985,80900934.00143163,Health Care,Biotechnology: Pharmaceutical Preparations,2019,2026-09-24,nasdaq_screener,
PHG,Koninklijke Philips N.V. NY Registry Shares,24031533042.0,24.45,982884786.993865,Health Care,Medical Electronics,,2026-09-24,nasdaq_screener,
PHI,PLDT Inc. Sponsored ADR,3772333832.0,17.46,216055775.02863687,Telecommunications,Telecommunications Equipment,,2026-09-24,nasdaq_screener,
PHIN,PHINIA Inc. Common Stock,2212574134.0,60.39,36638087.99470111,Consumer Discretionary,Auto Parts:O.E.M.,2023,2026-09-24,nasdaq_screener,
PHIO,Phio Pharmaceuticals Corp. Common Stock,11849595.0,1.02,11617250.0,Health Care,Biotechnology: Pharmaceutical Preparations,,2026-09-24,nasdaq_screener,
PHM,PulteGroup Inc. Common Stock,22252491023.0,118.71,187452539.99663046,Consumer Discretionary,Homebuilding,,2026-09-24,nasdaq_screener,
PHOE,Phoenix Asia Holdings Limited Ordinary Shares,427896000.0,19.81,21600000.0,Consumer Discretionary,Engineering & Construction,2025,2026-09-24,nasdaq_screener,
PHR,Phreesia Inc. Common Stock,600846738.0,9.68,62070944.00826447,Consumer Discretionary,Business Services,2019,2026-09-24,nasdaq_screener,
PHUN,Phunware Inc. Common Stock,40516097.0,1.98,20462675.25252525,Technology,EDP Services,2016,2026-09-24,nasdaq_screener,
PHVS,Pharvaris N.V. Ordinary Shares,2303869601.0,33.07,69666453.00876927,Health Care,Biotechnology: Pharmaceutical Preparations,2021,2026-09-24,nasdaq_screener,
PI,Impinj Inc. Common Stock,5414241984.0,177.2,30554413.00225734,Technology,Industrial Machinery/Components,2016,2026-09-24,nasdaq_screener,
PICS,PicS N.V. Class A Common Shares,1205164150.0,9.3,129587543.01075268,Finance,Finance: Consumer Services,2026,2026-09-24,nasdaq_screener,
PII,Polaris Inc. Common Stock,3012472561.0,52.94,56903524.0083113,Consumer Discretionary,Industrial Specialties,,2026-09-24,nasdaq_screener,
PIII,P3 Health Partners Inc. Class A Common Stock,51480362.0,7.09,7260981.946403385,Health Care,Medical/Nursing Services,2021,2026-09-24,nasdaq_screener,
PIM,Franklin Master Intermediate Income Trust Shares of Beneficial Interest,151262716.0,3.01,50253394.01993356,Finance,Finance Companies,1988,2026-09-24,nasdaq_screener,
PINE,Alpine Income Property Trust Inc. Common Stock,297437619.0,16.88,17620712.02606635,Real Estate,Real Estate Investment Trusts,2019,2026-09-24,nasdaq_screener,
PINS,Pinterest Inc. Class A Common Stock,10448475348.0,18.45,566313026.9918699,Technology,Computer Software: Programming Data Processing,2019,2026-09-24,nasdaq_screener,
PIPR,Piper Sandler Companies Common Stock,5117942474.0,72.42,70670290.99696216,Finance,Investment Bankers/Brokers/Service,2026,2026-09-24,nasdaq_screener,
PJT,PJT Partners Inc. Class A Common Stock,6124263572.0,149.33,41011609.0002009,Finance,Investment Managers,2015,2026-09-24,nasdaq_screener,
PK,Park Hotels & Resorts Inc. Common Stock ,3034168633.0,15.07,201338329.9933643,Consumer Discretionary,Hotels/Resorts,2016,2026-09-24,nasdaq_screener,
PKBK,Parke Bancorp Inc. Common Stock,392245025.0,33.35,11761470.014992503,Finance,Major Banks,,2026-09-24,nasdaq_screener,
PKE,Park Aerospace Corp. Common Stock,642748285.0,29.55,21751210.99830795,Industrials,Military/Government/Technical,,2026-09-24,nasdaq_screener,
PKG,Packaging Corporation of America Common Stock,21470908093.0,240.98,89098298.99991702,Consumer Discretionary,Containers/Packaging,2000,2026-09-24,nasdaq_screener,
PKOH,Park-Ohio Holdings Corp. Common Stock,678277368.0,46.81,14490009.997863704,Industrials,Industrial Specialties,,2026-09-24,nasdaq_screener,
PL,Planet Labs PBC Class A Common Stock,5959830060.0,16.38,363847989.010989,Technology,Radio And Television Broadcasting And Communications Equipment,2021,2026-09-24,nasdaq_screener,
PLAB,Photronics Inc. Common Stock,1790564018.0,30.35,58997166.98517298,Technology,Semiconductors,1987,2026-09-24,nasdaq_screener,
PLAG,Planet Green Holdings Corp. Common Stock,10216242.0,0.7178,14232713.847868487,Consumer Staples,Packaged Foods,,2026-09-24,nasdaq_screener,
PLAY,Dave & Buster's Entertainment Inc. Common Stock,237196686.0,6.81,34830644.05286344,Consumer Discretionary,Restaurants,2014,2026-09-24,nasdaq_screener,
PLBC,Plumas Bancorp,424360796.0,60.98,6959016.005247623,Finance,Finance Companies,,2026-09-24,nasdaq_screener,
PLBL,Polibeli Group Ltd Class A Ordinary Shares,2194660945.0,5.99,366387469.94991654,Consumer Discretionary,Consumer Electronics/Appliances,,2026-09-24,nasdaq_screener,
PLBY,Playboy Inc. Common Stock,129392303.0,1.08,119807687.96296296,Consumer Discretionary,Other Specialty Stores,2020,2026-09-24,nasdaq_screener,
PLCE,Children's Place Inc. (The) Common Stock,49143918.0,2.21,22237066.968325794,Consumer Discretionary,Clothing/Shoe/Accessory Stores,1997,2026-09-24,nasdaq_screener,
PLCI,Pelican Acquisition II Corporation Ordinary Shares,0.0,9.8901,,Finance,Blank Checks,2026,2026-09-24,nasdaq_screener,
PLD,Prologis Inc. Common Stock,127004260960.0,133.96,948076000.0,Real Estate,Real Estate Investment Trusts,,2026-09-24,nasdaq_screener,
PLG,Platinum Group Metals Ltd. Ordinary Shares (Canada),173923752.0,1.36,127885111.76470587,Basic Materials,Precious Metals,,2026-09-24,nasdaq_screener,
PLGO,Pelagos Insurance Capital Limited Common Shares,2067740267.0,23.91,86480145.00209117,Finance,Property-Casualty Insurers,2023,2026-09-24,nasdaq_screener,
PLMK,Plum Acquisition Corp. IV Class A Ordinary Shares,0.0,10.72,,,,2025,2026-09-24,nasdaq_screener,
PLMR,Palomar Holdings Inc. Common stock,3347872454.0,127.21,26317682.996619765,Finance,Property-Casualty Insurers,2019,2026-09-24,nasdaq_screener,
PLNT,Planet Fitness Inc. Common Stock,3083895565.0,41.0,75216965.0,Consumer Discretionary,Hotels/Resorts,2015,2026-09-24,nasdaq_screener,
PLOW,Douglas Dynamics Inc. Common Stock,910389465.0,39.45,23077046.00760456,Industrials,Construction/Ag Equipment/Trucks,2010,2026-09-24,nasdaq_screener,
PLPC,Preformed Line Products Company Common Stock,2088844163.0,427.28,4888700.999344693,Industrials,Water Sewer Pipeline Comm & Power Line Construction,,2026-09-24,nasdaq_screener,
PLRX,Pliant Therapeutics Inc. Common Stock,69662134.0,1.125,61921896.88888889,Health Care,Biotechnology: Pharmaceutical Preparations,2020,2026-09-24,nasdaq_screener,
PLRZ,Polyrizon Ltd. Ordinary Shares,26807068.0,11.16,2402067.0250896057,Health Care,Medical/Dental Instruments,2024,2026-09-24,nasdaq_screener,
PLSE,Pulse Biosciences Inc Common Stock (DE),3707349112.0,51.98,71322607.00269336,Health Care,Medical/Dental Instruments,2016,2026-09-24,nasdaq_screener,
PLSM,Pulsenmore Ltd. Ordinary Shares,15866939.0,2.44,6502843.852459016,Health Care,Medical/Dental Instruments,,2026-09-24,nasdaq_screener,
PLTK,Playtika Holding Corp. Common Stock,839120009.0,2.2,381418185.9090909,Technology,EDP Services,2021,2026-09-24,nasdaq_screener,
PLTR,Palantir Technologies Inc. Class A Common Stock,460689836929.0,191.79,2402053479.998957,Technology,Computer Software: Prepackaged Software,,2026-09-24,nasdaq_screener,
PLUG,Plug Power Inc. Common Stock,2850278367.0,2.04,1397195277.9411764,Energy,Industrial Machinery/Components,1999,2026-09-24,nasdaq_screener,
PLUN,Plutonian Acquisition Corp II Class A Ordinary Shares,0.0,10.07,,,,2026,2026-09-24,nasdaq_screener,
PLUR,Pluri Inc. Common Stock,13085420.0,1.06,12344735.849056603,Health Care,Biotechnology: Biological Products (No Diagnostic Substances),,2026-09-24,nasdaq_screener,
PLUS,ePlus inc. Common Stock,2401101169.0,92.03,26090418.00499837,Technology,Retail: Computer Software & Peripheral Equipment,1996,2026-09-24,nasdaq_screener,
PLUT,Plutus Financial Group Limited Ordinary Shares,34844500.0,2.27,15350000.0,Finance,Investment Bankers/Brokers/Service,2025,2026-09-24,nasdaq_screener,
PLX,Protalix BioTherapeutics Inc. (DE) Common Stock,225600598.0,2.8,80571642.14285715,Health Care,Biotechnology: Biological Products (No Diagnostic Substances),,2026-09-24,nasdaq_screener,
PLXS,Plexus Corp. Common Stock,7033488926.0,263.9,26652098.99962107,Technology,Electrical Products,,2026-09-24,nasdaq_screener,
PLYX,Polaryx Therapeutics Inc. Common Stock,106670425.0,2.14,49845992.9906542,Health Care,Biotechnology: Pharmaceutical Preparations,,2026-09-24,nasdaq_screener,
PM,Philip Morris International Inc Common Stock,297445788699.0,190.84,1558613439.0012577,Health Care, Medicinal Chemicals and Botanical Products ,,2026-09-24,nasdaq_screener,
PMA,PMA Graphene Technology Group Inc. Class A Ordinary Shares,211867500.0,1.3,162975000.0,Consumer Discretionary,Engineering & Construction,2024,2026-09-24,nasdaq_screener,
PMAX,Powell Max Limited Class A Ordinary Shares,1792255.0,0.9135,1961964.9698960045,Consumer Discretionary,Other Consumer Services,2024,2026-09-24,nasdaq_screener,
PMCB,PharmaCyte  Biotech Inc. Common Stock,4600226.0,0.4285,10735649.941656943,Health Care,Biotechnology: Biological Products (No Diagnostic Substances),,2026-09-24,nasdaq_screener,
PMEC,Primech Holdings Ltd. Ordinary Shares,22912487.0,0.5964,38417986.25083836,Consumer Discretionary,Diversified Commercial Services,2023,2026-09-24,nasdaq_screener,
PMI,Picard Medical Inc. Common Stock,10640785.0,4.55,2338634.065934066,Health Care,Medical/Dental Instruments,2025,2026-09-24,nasdaq_screener,
PMM,Franklin Managed Municipal Income Trust Shares of Beneficial Interest,274886883.0,5.64,48738809.042553194,Finance,Investment Managers,1989,2026-09-24,nasdaq_screener,
PMN,ProMIS Neurosciences Inc. Common Shares (ON),116041947.0,12.94,8967692.967542505,Health Care,Biotechnology: Pharmaceutical Preparations,,2026-09-24,nasdaq_screener,
PMO,Franklin Municipal Opportunities Trust Shares of Beneficial Interest,320106361.0,9.42,33981566.98513801,Finance,Finance Companies,1993,2026-09-24,nasdaq_screener,
PMT,PennyMac Mortgage Investment Trust Common Shares of Beneficial Interest,761276620.0,8.73,87202361.97021763,Real Estate,Real Estate Investment Trusts,2009,2026-09-24,nasdaq_screener,
PMTR,Perimeter Acquisition Corp. I Class A Ordinary Shares,0.0,10.425,,Finance,Blank Checks,2025,2026-09-24,nasdaq_screener,
PMTS,CPI Card Group Inc. Common Stock,282728441.0,24.39,11591982.000820007,Consumer Discretionary,Publishing,,2026-09-24,nasdaq_screener,
PMVP,PMV Pharmaceuticals Inc. Common Stock,103456142.0,1.37,75515432.11678831,Health Care,Biotechnology: Pharmaceutical Preparations,2020,2026-09-24,nasdaq_screener,
PN,PN Smart Energy Limited Class A Ordinary Shares,41680121.0,2.825,14754025.132743362,Technology,Retail: Computer Software & Peripheral Equipment,2025,2026-09-24,nasdaq_screener,
PNBK,Patriot National Bancorp Inc. Common Stock,111665165.0,0.9404,118742200.12760527,Finance,Major Banks,,2026-09-24,nasdaq_screener,
PNC,PNC Financial Services Group Inc. (The) Common Stock,89375349718.0,224.03,398943666.99995536,Finance,Major Banks,,2026-09-24,nasdaq_screener,
PNFP,Pinnacle Financial Partners Inc. Common stock,14113920576.0,93.4,151112640.0,Finance,Major Banks,,2026-09-24,nasdaq_screener,
PNNT,PennantPark Investment Corporation Common Stock,222659681.0,3.41,65296094.13489736,Finance,Finance: Consumer Services,2022,2026-09-24,nasdaq_screener,
PNR,Pentair plc. Ordinary Share,8819996738.0,55.25,159637950.00904977,Industrials,Industrial Machinery/Components,,2026-09-24,nasdaq_screener,
PNRG,PrimeEnergy Resources Corporation Common Stock,311249942.0,196.67,1582600.0,Energy,Oil & Gas Production,,2026-09-24,nasdaq_screener,
PNTG,The Pennant Group Inc. Common Stock ,1384937784.0,39.65,34929073.997477934,Health Care,Medical/Nursing Services,,2026-09-24,nasdaq_screener,
PNW,Pinnacle West Capital Corporation Common Stock,11156205390.0,92.05,121197234.00325911,Utilities,Electric Utilities: Central,,2026-09-24,nasdaq_screener,
POAS,Phaos Technology Holdings (Cayman) Limited Class A Ordinary Shares,5272524.0,0.167,31572000.0,Industrials,Industrial Machinery/Components,2025,2026-09-24,nasdaq_screener,
POCI,Precision Optics Corporation Inc. Common stock,52042852.0,4.755,10944868.980021032,Health Care,Biotechnology: Electromedical & Electrotherapeutic Apparatus,,2026-09-24,nasdaq_screener,
PODC,PodcastOne Inc. Common Stock,66858458.0,2.21,30252695.92760181,Technology,Computer Software: Programming Data Processing,,2026-09-24,nasdaq_screener,
PODD,Insulet Corporation Common Stock,9466154622.0,136.49,69354199.00359,Health Care,Medical/Dental Instruments,2007,2026-09-24,nasdaq_screener,
POET,POET Technologies Inc. Common Shares,1349853086.0,7.8,173058087.94871795,Technology,Semiconductors,,2026-09-24,nasdaq_screener,
POLA,Polar Power Inc. Common Stock,5688301.0,1.32,4309318.939393939,Miscellaneous,Industrial Machinery/Components,2016,2026-09-24,nasdaq_screener,
POLE,Andretti Acquisition Corp. II Class A Ordinary Shares,0.0,10.73,,,,2024,2026-09-24,nasdaq_screener,
PONO,Pono Capital Four Inc. Class A Ordinary Shares,0.0,10.02,,Finance,Blank Checks,2026,2026-09-24,nasdaq_screener,
POOL,Pool Corporation Common Stock,6054731858.0,166.61,36340747.00198067,Consumer Discretionary,Industrial Specialties,1995,2026-09-24,nasdaq_screener,
POR,Portland General Electric Co Common Stock,5518155161.0,46.92,117607740.00426257,Utilities,Electric Utilities: Central,,2026-09-24,nasdaq_screener,
POST,Post Holdings Inc. Common Stock,3332365387.0,75.81,43956804.99934045,Consumer Staples,Packaged Foods,2012,2026-09-24,nasdaq_screener,
POWI,Power Integrations Inc. Common Stock,2852331863.0,51.05,55873298.00195887,Technology,Semiconductors,1997,2026-09-24,nasdaq_screener,
POWL,Powell Industries Inc. Common Stock,7017640478.0,192.62,36432564.0016613,Energy,Electrical Products,,2026-09-24,nasdaq_screener,
POWW,Outdoor Holding Company Common Stock,266940141.0,2.3,116060930.86956523,Industrials,Ordnance And Accessories,,2026-09-24,nasdaq_screener,
PPC,Pilgrim's Pride Corporation Common Stock,6578938518.0,27.63,238108523.9956569,Consumer Staples,Meat/Poultry/Fish,,2026-09-24,nasdaq_screener,
PPCB,Propanc Biopharma Inc. Common Stock,2200585.0,0.628,3504116.2420382164,Health Care,Biotechnology: Pharmaceutical Preparations,,2026-09-24,nasdaq_screener,
PPG,PPG Industries Inc. Common Stock,23830560000.0,107.2,222300000.0,Consumer Discretionary,Paints/Coatings,,2026-09-24,nasdaq_screener,
PPHC,Public Policy Holding Company Inc. Common Stock,350372787.0,11.72,29895288.99317406,,,2026,2026-09-24,nasdaq_screener,
PPIH,Perma-Pipe International Holdings Inc. Common Stock,252739320.0,30.84,8195178.9883268485,Industrials,Pollution Control Equipment,,2026-09-24,nasdaq_screener,
PPL,PPL Corporation Common Stock,24269571122.0,32.25,752544840.992248,Utilities,Electric Utilities: Central,,2026-09-24,nasdaq_screener,
PPLI,People Incorporated Common Stock,2678467382.0,35.97,74463924.99304977,Technology,Computer Software: Programming Data Processing,,2026-09-24,nasdaq_screener,
PPSI,Pioneer Power Solutions Inc. Common Stock,35961622.0,3.24,11099266.049382715,Miscellaneous,Industrial Machinery/Components,,2026-09-24,nasdaq_screener,
PPT,Franklin Premier Income Trust Shares of Beneficial Interest,325457420.0,3.27,99528262.9969419,Finance,Finance Companies,1988,2026-09-24,nasdaq_screener,
PPTA,Perpetua Resources Corp. Common Shares,2917234126.0,23.32,125095803.00171526,Basic Materials,Precious Metals,,2026-09-24,nasdaq_screener,
PR,Permian Resources Corporation Class A Common Stock,18158236389.0,21.68,837557029.0129151,Energy,Oil & Gas Production,2022,2026-09-24,nasdaq_screener,
PRAA,PRA Group Inc. Common Stock,757101401.0,20.11,37648006.016907014,Finance,Finance Companies,2002,2026-09-24,nasdaq_screener,
PRAX,Praxis Precision Medicines Inc. Common Stock,7876787015.0,282.12,27919988.00155962,Health Care,Biotechnology: Pharmaceutical Preparations,2020,2026-09-24,nasdaq_screener,
PRCH,Porch Group Inc. Common Stock,2189730251.0,16.61,131832044.00963275,Technology,Computer Software: Prepackaged Software,2020,2026-09-24,nasdaq_screener,
PRCT,PROCEPT BioRobotics Corporation Common Stock,1036080491.0,18.09,57273658.98286346,Health Care,Medical/Dental Instruments,2021,2026-09-24,nasdaq_screener,
PRDO,Perdoceo Education Corporation Common Stock,1967422609.0,31.44,62577054.99363867,Real Estate,Other Consumer Services,,2026-09-24,nasdaq_screener,
PRE,Prenetics Global Limited Class A Ordinary Share,384655621.0,22.71,16937719.991193306,Finance,Blank Checks,,2026-09-24,nasdaq_screener,
PRFX,PRF Technologies Ltd. Ordinary Shares,3041830.0,1.0,3041830.0,Health Care,Biotechnology: Pharmaceutical Preparations,2020,2026-09-24,nasdaq_screener,
PRG,PROG Holdings Inc. Common Stock,1285366797.0,32.27,39831633.00278896,Consumer Discretionary,Diversified Commercial Services,,2026-09-24,nasdaq_screener,
PRGO,Perrigo Company plc Ordinary Shares,1920566351.0,13.84,138769245.01445088,Health Care,Biotechnology: Pharmaceutical Preparations,,2026-09-24,nasdaq_screener,
PRGS,Progress Software Corporation Common Stock (DE),1682761010.0,41.03,41012941.99366317,Technology,Computer Software: Prepackaged Software,1991,2026-09-24,nasdaq_screener,
PRHI,Presurance Holdings Inc. Common Stock,28620143.0,7.64,3746092.0157068064,Finance,Property-Casualty Insurers,2015,2026-09-24,nasdaq_screener,
PRI,Primerica Inc. Common Stock,8454845819.0,274.71,30777350.001820102,Finance,Life Insurance,2010,2026-09-24,nasdaq_screener,
PRIM,Primoris Services Corporation Common Stock,3990052077.0,74.12,53832326.99676201,Industrials,Water Sewer Pipeline Comm & Power Line Construction,,2026-09-24,nasdaq_screener,
PRK,Park National Corporation Common Stock,3237458934.0,179.22,18064160.997656513,Finance,Major Banks,1994,2026-09-24,nasdaq_screener,
PRLB,Proto Labs Inc. Common stock,2132158680.0,89.13,23921897.004375633,Industrials,Metal Fabrications,2012,2026-09-24,nasdaq_screener,
PRLD,Prelude Therapeutics Incorporated Common Stock,343953020.0,4.31,79803484.91879351,Health Care,Biotechnology: Pharmaceutical Preparations,2020,2026-09-24,nasdaq_screener,
PRM,Perimeter Solutions SA Common Stock,4629066182.0,28.28,163686922.98444128,Industrials,Major Chemicals,,2026-09-24,nasdaq_screener,
PRMB,Primo Brands Corporation Class A Common Stock,7156492389.0,19.75,362354045.01265824,Consumer Staples,Beverages (Production/Distribution),2024,2026-09-24,nasdaq_screener,
PRME,Prime Medicine Inc. Common Stock,567709559.0,3.13,181376855.91054314,Health Care,Biotechnology: Biological Products (No Diagnostic Substances),2022,2026-09-24,nasdaq_screener,
PROF,Profound Medical Corp. Common Stock,209514427.0,5.735,36532594.07149085,Health Care,Medical/Dental Instruments,,2026-09-24,nasdaq_screener,
PROK,ProKidney Corp. Class A Ordinary Shares,498832381.0,1.65,302322655.1515152,Health Care,Biotechnology: Biological Products (No Diagnostic Substances),2021,2026-09-24,nasdaq_screener,
PROP,Prairie Operating Co. Common Stock,46811174.0,0.415,112798009.63855422,Energy,Oil & Gas Production,,2026-09-24,nasdaq_screener,
PROV,Provident Financial Holdings Inc. Common Stock,114455469.0,18.36,6233958.006535948,Finance,Savings Institutions,,2026-09-24,nasdaq_screener,
PRPL,Purple Innovation Inc. Common Stock,11231021.0,2.58,4353108.9147286825,Consumer Discretionary,Home Furnishings,2015,2026-09-24,nasdaq_screener,
PRPO,Precipio Inc.  Common Stock,42678082.0,23.84,1790188.0033557047,Industrials,Biotechnology: Laboratory Analytical Instruments,,2026-09-24,nasdaq_screener,
PRQR,ProQR Therapeutics N.V. Ordinary Shares,239906509.0,1.7,141121475.88235295,Health Care,Biotechnology: Pharmaceutical Preparations,2014,2026-09-24,nasdaq_screener,
PRSO,Peraso Inc. Common Stock,7438838.0,0.4938,15064475.496152287,Technology,Semiconductors,,2026-09-24,nasdaq_screener,
PRSU,Pursuit Attractions and Hospitality Inc. Common Stock,1310860572.0,48.08,27264154.991680533,Consumer Discretionary,Services-Misc. Amusement & Recreation,,2026-09-24,nasdaq_screener,
PRTA,Prothena Corporation plc Ordinary Shares,445604934.0,8.68,51336973.96313364,Health Care,Biotechnology: Pharmaceutical Preparations,,2026-09-24,nasdaq_screener,
PRTH,Priority Technology Holdings Inc. Common Stock,643034902.0,7.8,82440372.05128205,Consumer Discretionary,Business Services,2016,2026-09-24,nasdaq_screener,
PRTS,CarParts.com Inc. Common Stock,67265703.0,8.34,8065432.01438849,Consumer Discretionary,Auto & Home Supply Stores,2007,2026-09-24,nasdaq_screener,
PRU,Prudential Financial Inc. Common Stock,40568550000.0,117.59,345000000.0,Finance,Life Insurance,2001,2026-09-24,nasdaq_screener,
PRVA,Privia Health Group Inc. Common Stock,2439723354.0,19.1,127734207.01570679,Health Care,Medical/Nursing Services,2021,2026-09-24,nasdaq_screener,
PRZO,ParaZero Technologies Ltd. Ordinary Shares,16521686.0,0.6372,25928571.876961708,Industrials,Military/Government/Technical,2023,2026-09-24,nasdaq_screener,
PS,Pershing Square Inc. Common Stock,19996000000.0,49.99,400000000.0,Finance,Investment Managers,2026,2026-09-24,nasdaq_screener,
PSA,Public Storage Common Stock,50355847752.0,286.73,175621134.00062776,Real Estate,Real Estate Investment Trusts,,2026-09-24,nasdaq_screener,
PSBD,Palmer Square Capital BDC Inc. Common Stock,0.0,10.37,,,,2024,2026-09-24,nasdaq_screener,
PSFE,Paysafe Limited Common Shares,336789794.0,6.45,52215471.9379845,Consumer Discretionary,Business Services,2021,2026-09-24,nasdaq_screener,
PSHG,Performance Shipping Inc. Common Shares,22376624.0,1.8,12431457.777777778,Consumer Discretionary,Marine Transportation,,2026-09-24,nasdaq_screener,
PSIG,PS International Group Ltd. Ordinary Shares,66906576.0,4.35,15380822.068965519,Industrials,Integrated Freight & Logistics,,2026-09-24,nasdaq_screener,
PSIX,Power Solutions International Inc. Common Stock,1081308296.0,46.88,23065450.0,Industrials,Industrial Machinery/Components,,2026-09-24,nasdaq_screener,
PSKY,Paramount Skydance Corporation Class B Common Stock,11174579959.0,9.96,1121945779.0160642,Industrials,Broadcasting,,2026-09-24,nasdaq_screener,
PSMT,PriceSmart Inc. Common Stock,5327760863.0,172.64,30860523.99791474,Consumer Discretionary,Department/Specialty Retail Stores,,2026-09-24,nasdaq_screener,
PSN,Parsons Corporation Common Stock,4680212365.0,43.82,106805393.99817435,Technology,EDP Services,2019,2026-09-24,nasdaq_screener,
PSNL,Personalis Inc. Common Stock,1746177907.0,16.35,106799871.98776758,Health Care,Medical Specialities,2019,2026-09-24,nasdaq_screener,
PSNY,Polestar Automotive Holding UK PLC Class A ADS,1179531326.0,7.18,164280128.96935934,Industrials,Auto Manufacturing,,2026-09-24,nasdaq_screener,
PSO,Pearson Plc Common Stock,9561329100.0,15.89,601719893.0144745,Consumer Discretionary,Books,,2026-09-24,nasdaq_screener,
PSQH,PSQ Holdings Inc. Class A Common Stock,19604904.0,5.26,3727168.060836502,Consumer Discretionary,Advertising,2021,2026-09-24,nasdaq_screener,
PSQL,Pasqal Holding SA Ordinary Share,1585833872.0,7.47,212293691.03078982,Technology,EDP Services,,2026-09-24,nasdaq_screener,
PSTL,Postal Realty Trust Inc. Class A Common Stock,707823628.0,23.4,30248872.991452992,Real Estate,Real Estate Investment Trusts,2019,2026-09-24,nasdaq_screener,
PSUS,Pershing Square USA Ltd. Common Shares,1008082500.0,38.55,26150000.000000004,,,2026,2026-09-24,nasdaq_screener,
PSX,Phillips 66 Common Stock,102340884536.0,256.48,399020916.00124764,Energy,Integrated oil Companies,,2026-09-24,nasdaq_screener,
PTAC,Patriot Acquisition Corp. Class A Ordinary Shares,0.0,10.02,,Finance,Blank Checks,2026,2026-09-24,nasdaq_screener,
PTC,PTC Inc. Common Stock,15234279044.0,140.4,108506260.99715099,Technology,Computer Software: Prepackaged Software,,2026-09-24,nasdaq_screener,
PTCT,PTC Therapeutics Inc. Common Stock,5202946397.0,62.34,83460802.00513314,Health Care,Biotechnology: Pharmaceutical Preparations,2013,2026-09-24,nasdaq_screener,
PTEN,Patterson-UTI Energy Inc. Common Stock,4221930555.0,11.07,381384873.98373985,Energy,Oil & Gas Production,1993,2026-09-24,nasdaq_screener,
PTGX,Protagonist Therapeutics Inc. Common Stock,8975039130.0,138.7,64708285.00360491,Health Care,Biotechnology: Pharmaceutical Preparations,2016,2026-09-24,nasdaq_screener,
PTHS,Pelthos Therapeutics Inc. Common Stock,90045591.0,23.52,3828469.0051020407,Health Care,Biotechnology: Biological Products (No Diagnostic Substances),2024,2026-09-24,nasdaq_screener,
PTLE,PTL LTD Class A Ordinary Shares,45224078.0,7.2,6281121.944444444,Energy,Oil Refining/Marketing,2024,2026-09-24,nasdaq_screener,
PTLO,Portillo's Inc. Class A Common Stock,277192768.0,3.65,75943224.10958904,Consumer Discretionary,Restaurants,2021,2026-09-24,nasdaq_screener,
PTN,Palatin Technologies Inc. Common Stock,18273154.0,10.27,1779274.9756572542,Health Care,Biotechnology: Pharmaceutical Preparations,,2026-09-24,nasdaq_screener,
PTON,Peloton Interactive Inc. Class A Common Stock,2106584645.0,4.8,438871801.0416667,Consumer Discretionary,Recreational Games/Products/Toys,2019,2026-09-24,nasdaq_screener,
PTOR,Praetorian Acquisition Corp. Class A Ordinary Shares,0.0,9.98,,Finance,Blank Checks,2026,2026-09-24,nasdaq_screener,
PTRN,Pattern Group Inc. Series A Common Stock,3434446363.0,19.36,177399088.9979339,Consumer Discretionary,Catalog/Specialty Distribution,2025,2026-09-24,nasdaq_screener,
PUBM,PubMatic Inc. Class A Common Stock,795076315.0,17.455,45550061.0140361,Technology,Computer Software: Programming Data Processing,2020,2026-09-24,nasdaq_screener,
PUK,Prudential Public Limited Company Common Stock,31569893034.0,25.26,1249797823.9904988,Finance,Life Insurance,,2026-09-24,nasdaq_screener,
PULM,Pulmatrix Inc. Common Stock,6154100.0,1.685,3652284.8664688426,Health Care,Biotechnology: Pharmaceutical Preparations,2014,2026-09-24,nasdaq_screener,
PUMP,ProPetro Holding Corp. Common Stock,1203674387.0,9.8,122823917.04081632,Energy,Oilfield Services/Equipment,2017,2026-09-24,nasdaq_screener,
PURR,Hyperliquid Strategies Inc Common Stock,3316594875.0,13.94,237919288.02008608,Finance,Finance: Consumer Services,,2026-09-24,nasdaq_screener,
PUSA,Aureus Greenway Holdings Inc. Common Stock,102281253.0,3.7,27643581.89189189,Consumer Discretionary,Hotels/Resorts,2025,2026-09-24,nasdaq_screener,
PVH,PVH Corp. Common Stock,3478331230.0,75.39,46137833.00172437,Industrials,Garments and Clothing,,2026-09-24,nasdaq_screener,
PVLA,Palvella Therapeutics Inc. Common Stock,2154921351.0,149.56,14408407.000534901,Health Care,Biotechnology: Pharmaceutical Preparations,,2026-09-24,nasdaq_screener,
PW,Power REIT (MD) Common Stock,2518443.0,6.86,367119.97084548103,Real Estate,Real Estate Investment Trusts,1998,2026-09-24,nasdaq_screener,
PWCM,PowerCompute Inc. Common Stock,2663619.0,1.1,2421471.818181818,Finance,Finance: Consumer Services,2015,2026-09-24,nasdaq_screener,
PWP,Perella Weinberg Partners Class A Common Stock,1302998655.0,13.39,97311325.98954444,Finance,Finance: Consumer Services,2020,2026-09-24,nasdaq_screener,
PWR,Quanta Services Inc. Common Stock,93539676687.0,634.9,147329778.9998425,Industrials,Engineering & Construction,,2026-09-24,nasdaq_screener,
PWRL,Powerlaw Corp. Common Stock,0.0,11.41,,,,,2026-09-24,nasdaq_screener,
PXED,Phoenix Education Partners Inc. Common Stock,942638882.0,26.15,36047375.98470364,Real Estate,Other Consumer Services,2025,2026-09-24,nasdaq_screener,
PXLW,Pixelworks Inc.  Common Stock,44463039.0,7.35,6049393.06122449,Technology,Computer Software: Prepackaged Software,2000,2026-09-24,nasdaq_screener,
PXS,Pyxis Tankers Inc. Common Stock,68843431.0,6.7,10275138.95522388,Consumer Discretionary,Marine Transportation,,2026-09-24,nasdaq_screener,
PYPD,PolyPid Ltd. Ordinary Shares,107043007.0,5.27,20311766.0341556,Health Care,Medical/Dental Instruments,2020,2026-09-24,nasdaq_screener,
PYPL,PayPal Holdings Inc. Common Stock,44920250494.0,52.51,855460874.0049515,Industrials,Diversified Commercial Services,,2026-09-24,nasdaq_screener,
PYT,PPlus Tr GSC-2 Tr Ctf Fltg Rate,0.0,23.77,,Finance,Finance: Consumer Services,,2026-09-24,nasdaq_screener,
PYXS,Pyxis Oncology Inc. Common Stock,268573921.0,3.22,83408050.0,Health Care,Biotechnology: Pharmaceutical Preparations,2021,2026-09-24,nasdaq_screener,
PZG,Paramount Gold Nevada Corp. Common Stock,117252918.0,1.36,86215380.88235293,Basic Materials,Metal Mining,2015,2026-09-24,nasdaq_screener,
PZZA,Papa John's International Inc. Common Stock,663371993.0,20.15,32921686.997518614,Consumer Discretionary,Restaurants,1993,2026-09-24,nasdaq_screener,
Q,Qnity Electronics Inc. Common Stock,26046463604.0,124.5,209208543.00401607,Technology,Semiconductors,2025,2026-09-24,nasdaq_screener,
QADR,QDRO Acquisition Corp. Class A Ordinary Shares,0.0,9.98,,Finance,Blank Checks,2026,2026-09-24,nasdaq_screener,
QBTS,D-Wave Quantum Inc. Common Stock,6381523617.0,16.81,379626628.0190363,Technology,EDP Services,,2026-09-24,nasdaq_screener,
QCLS,Q/C Technologies Inc. Common Stock,7202144.0,0.8794,8189838.52626791,Health Care,Biotechnology: In Vitro & In Vivo Diagnostic Substances,2014,2026-09-24,nasdaq_screener,
QCOM,QUALCOMM Incorporated Common Stock,207148138578.0,197.24,1050233920.9997971,Technology,Radio And Television Broadcasting And Communications Equipment,1991,2026-09-24,nasdaq_screener,
QCRH,QCR Holdings Inc. Common Stock,1623969640.0,99.17,16375613.996168196,Finance,Major Banks,,2026-09-24,nasdaq_screener,
QDEL,QuidelOrtho Corporation Common Stock,709069915.0,10.34,68575426.98259188,Health Care,Biotechnology: In Vitro & In Vivo Diagnostic Substances,,2026-09-24,nasdaq_screener,
QETA,Quetta Acquisition Corporation Common Stock,0.0,11.85,,Finance,Blank Checks,2023,2026-09-24,nasdaq_screener,
QGEN,Qiagen N.V. Common Shares,9007527454.0,43.71,206074753.00846487,Health Care,Biotechnology: Biological Products (No Diagnostic Substances),2026,2026-09-24,nasdaq_screener,
QH,Quhuo Limited Class A Ordinary Shares,10910317.0,3.9661,2750893.0687577217,Consumer Discretionary,Business Services,2020,2026-09-24,nasdaq_screener,
QLEP,Quantum Leap Acquisition Corp Class A Ordinary Shares,0.0,10.05,,,,2026,2026-09-24,nasdaq_screener,
QLYS,Qualys Inc. Common Stock,6392810235.0,184.79,34595001.00113643,Technology,Computer Software: Prepackaged Software,2012,2026-09-24,nasdaq_screener,
QMCO,Quantum Corporation Common Stock,1023477726.0,25.97,39410001.00115518,Technology,Electronic Components,,2026-09-24,nasdaq_screener,
QMLS,QumulusAI Inc. Common Stock,238224627.0,7.12,33458515.02808989,Technology,EDP Services,,2026-09-24,nasdaq_screener,
QNBC,QNB Corp. Common Stock,274908370.0,45.45,6048588.998899889,Finance,Major Banks,,2026-09-24,nasdaq_screener,
QNC,Quantum eMotion Corp. Common Shares,445421930.0,2.03,219419669.95073894,,,2026,2026-09-24,nasdaq_screener,
QNCX,Quince Therapeutics Inc. Common Stock,30664449.0,30.15,1017062.9850746269,Health Care,Biotechnology: Biological Products (No Diagnostic Substances),2019,2026-09-24,nasdaq_screener,
QNME,Quanome Technologies Inc. Common Stock,28884722.0,0.839,34427558.99880811,Industrials,Integrated Freight & Logistics,2024,2026-09-24,nasdaq_screener,
QNST,QuinStreet Inc. Common Stock,817150038.0,14.28,57223392.01680672,Consumer Discretionary,Business Services,2010,2026-09-24,nasdaq_screener,
QNT,Quantinuum Inc. Class A Common Stock,13194370996.0,50.11,263308142.00758332,Technology,EDP Services,2026,2026-09-24,nasdaq_screener,
QNTM,Quantum Biopharma Ltd. Class B Subordinate Voting Shares,31379581.0,3.88,8087520.87628866,Health Care,Biotechnology: Pharmaceutical Preparations,,2026-09-24,nasdaq_screener,
QRED,QuasarEdge Acquisition Corporation Ordinary Shares,0.0,10.045,,Finance,Blank Checks,2026,2026-09-24,nasdaq_screener,
QRHC,Quest Resource Holding Corporation Common Stock,29108141.0,1.38,21092855.79710145,Utilities,Environmental Services,,2026-09-24,nasdaq_screener,
QRVO,Qorvo Inc. Common Stock,10550425090.0,119.59,88221632.99606991,Technology,Semiconductors,,2026-09-24,nasdaq_screener,
QS,QuantumScape Corporation Class A Common Stock,3039847319.0,4.91,619113506.9246435,Miscellaneous,Industrial Machinery/Components,,2026-09-24,nasdaq_screener,
QSEA,Quartzsea Acquisition Corporation Ordinary Shares,0.0,10.65,,Finance,Blank Checks,2025,2026-09-24,nasdaq_screener,
QSI,Quantum-Si Incorporated Class A Common Stock,166067224.0,0.7587,218883911.95465928,Industrials,Industrial Machinery/Components,2020,2026-09-24,nasdaq_screener,
QSR,Restaurant Brands International Inc. Common Shares,32570107272.0,71.66,454508892.9946972,Consumer Discretionary,Restaurants,2014,2026-09-24,nasdaq_screener,
QTEX,QTREX Quantum Ltd. Ordinary Shares,43092229.0,0.77,55963933.766233765,Health Care,Medical/Dental Instruments,2021,2026-09-24,nasdaq_screener,
QTI,QT Imaging Holdings Inc. Common Stock,37762232.0,2.58,14636524.031007752,Health Care,Biotechnology: Electromedical & Electrotherapeutic Apparatus,,2026-09-24,nasdaq_screener,
QTRX,Quanterix Corporation Common Stock,149446085.0,3.16,47293064.87341772,Industrials,Biotechnology: Laboratory Analytical Instruments,2017,2026-09-24,nasdaq_screener,
QTTB,Q32 Bio Inc. Common Stock,284596095.0,9.56,29769466.004184097,Health Care,Biotechnology: Pharmaceutical Preparations,2018,2026-09-24,nasdaq_screener,
QTWO,Q2 Holdings Inc. Common Stock,3470662324.0,55.66,62354695.00538987,Technology,Computer Software: Prepackaged Software,2014,2026-09-24,nasdaq_screener,
QUAD,Quad Graphics Inc Class A Common Stock,476017044.0,9.25,51461302.05405405,Consumer Discretionary,Publishing,,2026-09-24,nasdaq_screener,
QUBT,Quantum Computing Inc. Common Stock,2064283372.0,9.12,226346860.9649123,Technology,Computer Software: Prepackaged Software,,2026-09-24,nasdaq_screener,
QUCY,Quantum Cyber N.V. Ordinary Shares,110970013.0,1.32,84068191.66666666,Health Care,Biotechnology: Pharmaceutical Preparations,2021,2026-09-24,nasdaq_screener,
QUIK,QuickLogic Corporation Common Stock,205708231.0,11.23,18317740.961709704,Technology,Semiconductors,1999,2026-09-24,nasdaq_screener,
QUMS,Quantumsphere Acquisition Corp. Ordinary Shares,0.0,10.34,,,,2025,2026-09-24,nasdaq_screener,
QURE,uniQure N.V. Ordinary Shares,2966107777.0,42.76,69366411.99719365,Health Care,Biotechnology: Pharmaceutical Preparations,2014,2026-09-24,nasdaq_screener,
QVCG,QVC Group Inc. Common Stock,751498452.0,15.03,49999897.005988024,Consumer Discretionary,Catalog/Specialty Distribution,,2026-09-24,nasdaq_screener,
QXL,Quantum X Labs Inc. Common Stock,118623043.0,5.5,21567826.0,Technology,Computer Software: Prepackaged Software,,2026-09-24,nasdaq_screener,
QXO,QXO Inc. Common Stock,12740385907.0,12.28,1037490709.039088,Consumer Discretionary,RETAIL: Building Materials,,2026-09-24,nasdaq_screener,
R,Ryder System Inc. Common Stock,9126554584.0,238.0,38346868.0,Consumer Discretionary,Rental/Leasing Companies,,2026-09-24,nasdaq_screener,
RAC,Rithm Acquisition Corp. Class A Ordinary Shares,0.0,10.57,,,,2025,2026-09-24,nasdaq_screener,
RACC,Research Alliance Corporation III Class A Ordinary Shares,0.0,11.06,,Finance,Blank Checks,2026,2026-09-24,nasdaq_screener,
RACD,Research Alliance Corporation IV Class A Ordinary Shares,0.0,12.0,,,,2026,2026-09-24,nasdaq_screener,
RACE,Ferrari N.V. Common Shares,96630789769.0,413.05,233944534.0007263,Industrials,Auto Manufacturing,2015,2026-09-24,nasdaq_screener,
RAIL,FreightCar America Inc. Common Stock,242655472.0,7.4,32791280.0,Industrials,Railroads,2005,2026-09-24,nasdaq_screener,
RAIN,Rain Enhancement Technologies Holdco Inc. Class A Common Stock,11821092.0,1.01,11704051.485148516,Technology,Industrial Machinery/Components,,2026-09-24,nasdaq_screener,
RAL,Ralliant Corporation Common Stock,7743694160.0,69.99,110640008.00114302,Industrials,Industrial Machinery/Components,2025,2026-09-24,nasdaq_screener,
RAMP,LiveRamp Holdings Inc. Common Stock,2276164126.0,37.44,60794981.99786325,Technology,EDP Services,2018,2026-09-24,nasdaq_screener,
RANG,Range Capital Acquisition Corp. Ordinary Shares,0.0,10.8301,,Finance,Blank Checks,2025,2026-09-24,nasdaq_screener,
RANI,Rani Therapeutics Holdings Inc. Class A Common Stock,106916210.0,0.767,139395319.42633638,Health Care,Biotechnology: Pharmaceutical Preparations,2021,2026-09-24,nasdaq_screener,
RAPP,Rapport Therapeutics Inc. Common Stock,1637498901.0,34.13,47978285.99472605,Health Care,Biotechnology: Pharmaceutical Preparations,2024,2026-09-24,nasdaq_screener,
RARE,Ultragenyx Pharmaceutical Inc. Common Stock,1467002430.0,14.88,98588872.98387097,Health Care,Biotechnology: Pharmaceutical Preparations,2014,2026-09-24,nasdaq_screener,
RAVE,Rave Restaurant Group Inc. Common Stock,39081807.0,2.75,14211566.181818182,Consumer Discretionary,Food Distributors,,2026-09-24,nasdaq_screener,
RAYA,Erayak Power Solution Group Inc. Class A Ordinary Shares,2014496.0,1.91,1054709.947643979,Consumer Discretionary,Metal Fabrications,2022,2026-09-24,nasdaq_screener,
RBA,RB Global Inc. Common Stock,15036668543.0,82.83,181536502.99408427,Consumer Discretionary,Business Services,,2026-09-24,nasdaq_screener,
RBB,RBB Bancorp Common Stock,444551534.0,26.28,16915964.00304414,Finance,Major Banks,2017,2026-09-24,nasdaq_screener,
RBBN,Ribbon Communications Inc. Common Stock,321882034.0,1.8,178823352.2222222,Technology,EDP Services,,2026-09-24,nasdaq_screener,
RBC,RBC Bearings Incorporated Common Stock,15837853904.0,500.26,31659245.00059969,Industrials,Metal Fabrications,2022,2026-09-24,nasdaq_screener,
RBCAA,Republic Bancorp Inc. Class A Common Stock,1832455313.0,93.33,19634151.001821496,Finance,Major Banks,1998,2026-09-24,nasdaq_screener,
RBKB,Rhinebeck Bancorp Inc. Common Stock,200296724.0,12.81,15635965.964090554,Finance,Banks,2019,2026-09-24,nasdaq_screener,
RBLX,Roblox Corporation Class A Common Stock,34997277350.0,48.99,714375941.008369,Technology,Computer Software: Prepackaged Software,2021,2026-09-24,nasdaq_screener,
RBNE,Robin Energy Ltd. Common Stock,3157544.0,2.37,1332297.046413502,Consumer Discretionary,Marine Transportation,,2026-09-24,nasdaq_screener,
RBRK,Rubrik Inc. Class A Common Stock,23958173322.0,115.57,207304433.00164405,Technology,Computer Software: Prepackaged Software,2024,2026-09-24,nasdaq_screener,
RC,Ready Capital Corporation Common Stock,241178848.0,1.46,165190991.78082192,Real Estate,Real Estate Investment Trusts,2013,2026-09-24,nasdaq_screener,
RCAT,Red Cat Holdings Inc. Common Stock,1006387646.0,6.59,152714362.06373292,Technology,Computer Software: Prepackaged Software,,2026-09-24,nasdaq_screener,
RCBC,River City Bank Common stock,724468898.0,51.02,14199703.998431986,Finance,Major Banks,,2026-09-24,nasdaq_screener,
RCEL,Avita Medical Inc. Common Stock,338648975.0,10.95,30926847.03196347,Health Care,Medical/Dental Instruments,,2026-09-24,nasdaq_screener,
RCI,Rogers Communication Inc. Common Stock,17978663972.0,33.28,540224278.0048077,Telecommunications,Cable & Other Pay Television Services,,2026-09-24,nasdaq_screener,
RCKT,Rocket Pharmaceuticals Inc. Common Stock,331519283.0,3.02,109774597.01986755,Health Care,Biotechnology: Pharmaceutical Preparations,2015,2026-09-24,nasdaq_screener,
RCKY,Rocky Brands Inc. Common Stock,335787451.0,44.82,7491910.999553771,Consumer Discretionary,Shoe Manufacturing,1993,2026-09-24,nasdaq_screener,
RCL,Royal Caribbean Cruises Ltd. Common Stock,61594214945.0,230.3,267452083.99913156,Consumer Discretionary,Marine Transportation,1993,2026-09-24,nasdaq_screener,
RCMT,RCM Technologies Inc. Common Stock,286776910.0,40.33,7110758.988346145,Consumer Discretionary,Professional Services,,2026-09-24,nasdaq_screener,
RCON,Recon Technology Ltd. Class A Ordinary Shares,28719617.0,1.37,20963224.08759124,Energy,Oilfield Services/Equipment,2009,2026-09-24,nasdaq_screener,
RCT,RedCloud Holdings plc Ordinary Shares,13265839.0,0.194,68380613.40206185,Technology,Computer Software: Programming Data Processing,2025,2026-09-24,nasdaq_screener,
RCUS,Arcus Biosciences Inc. Common Stock,3360327793.0,26.39,127333376.01364152,Health Care,Biotechnology: Pharmaceutical Preparations,2018,2026-09-24,nasdaq_screener,
RDAC,Rising Dragon Acquisition Corp. Ordinary Shares,0.0,5.54,,,,2024,2026-09-24,nasdaq_screener,
RDAG,Republic Digital Acquisition Company Class A Ordinary Shares,0.0,10.42,,Finance,Blank Checks,2025,2026-09-24,nasdaq_screener,
RDCM,Radcom Ltd. Ordinary Shares,171911707.0,10.3,16690456.99029126,Technology,Computer peripheral equipment,1997,2026-09-24,nasdaq_screener,
RDDT,Reddit Inc. Class A Common Stock,29240421590.0,151.98,192396510.00131598,Technology,EDP Services,2024,2026-09-24,nasdaq_screener,
RDGT,Ridgetech Inc. Ordinary Shares,3357687.0,0.9251,3629539.509242244,Consumer Staples,Retail-Drug Stores and Proprietary Stores,,2026-09-24,nasdaq_screener,
RDI,Reading International Inc Class A Common Stock,44177945.0,1.93,22890126.94300518,Consumer Discretionary,Movies/Entertainment,,2026-09-24,nasdaq_screener,
RDIB,Reading International Inc Class B Common Stock,409504372.0,17.89,22890126.998323087,Consumer Discretionary,Movies/Entertainment,,2026-09-24,nasdaq_screener,
RDN,Radian Group Inc. Common Stock,4569687524.0,34.54,132301318.00810654,Finance,Property-Casualty Insurers,,2026-09-24,nasdaq_screener,
RDNT,RadNet Inc. Common Stock,5761426185.0,73.21,78697257.00040978,Health Care,Medical Specialities,,2026-09-24,nasdaq_screener,
RDNW,RideNow Group Inc. Class B Common Stock,236017082.0,6.05,39011087.9338843,Technology,EDP Services,,2026-09-24,nasdaq_screener,
RDVT,Red Violet Inc. Common Stock ,1222779495.0,76.2,16046975.0,Technology,Computer Software: Prepackaged Software,,2026-09-24,nasdaq_screener,
RDW,Redwire Corporation Common Stock,2817416703.0,11.27,249992608.9618456,Industrials,Military/Government/Technical,2021,2026-09-24,nasdaq_screener,
RDWR,Radware Ltd. Ordinary Shares,1287824167.0,30.44,42306970.0065703,Consumer Discretionary,Business Services,1999,2026-09-24,nasdaq_screener,
RDY,Dr. Reddy's Laboratories Ltd Common Stock,10341399858.0,12.39,834656969.9757869,Health Care,Biotechnology: Pharmaceutical Preparations,,2026-09-24,nasdaq_screener,
RDZN,Roadzen Inc. Ordinary Shares,99643124.0,1.17,85165063.24786325,Finance,Specialty Insurers,2022,2026-09-24,nasdaq_screener,
REA,Rare Earths Americas Inc. Common Stock,219093734.0,10.98,19953891.98542805,Basic Materials,Metal Mining,2026,2026-09-24,nasdaq_screener,
REAL,The RealReal Inc. Common Stock,1113899058.0,9.155,121671115.01911524,Consumer Discretionary,Other Specialty Stores,2019,2026-09-24,nasdaq_screener,
REAX,Real REMAX Group Inc. Common Stock,331649600.0,15.13,21920000.0,Finance,Real Estate,,2026-09-24,nasdaq_screener,
REBN,Reborn Coffee Inc. Common Stock,9395933.0,1.09,8620122.018348623,Consumer Discretionary,Restaurants,2022,2026-09-24,nasdaq_screener,
RECT,Rectitude Holdings Ltd Ordinary Shares,19663093.0,1.27,15482750.393700788,Consumer Discretionary,Industrial Machinery/Components,2024,2026-09-24,nasdaq_screener,
REED,Reed's Inc. Common Stock,7439136.0,0.6274,11857086.388269048,Consumer Staples,Beverages (Production/Distribution),2025,2026-09-24,nasdaq_screener,
REF,Reformation Inc. Common Stock,736719120.0,12.47,59079319.967923015,Consumer Discretionary,Apparel,2026,2026-09-24,nasdaq_screener,
REFI,Chicago Atlantic Real Estate Finance Inc. Common Stock,273890051.0,10.69,25621146.0243218,Real Estate,Real Estate Investment Trusts,2021,2026-09-24,nasdaq_screener,
REFR,Research Frontiers Incorporated Common Stock,24888626.0,0.7138,34867786.494816475,Miscellaneous,Multi-Sector Companies,,2026-09-24,nasdaq_screener,
REG,Regency Centers Corporation Common Stock,13318357383.0,72.73,183120546.99573764,Real Estate,Real Estate Investment Trusts,1993,2026-09-24,nasdaq_screener,
REGN,Regeneron Pharmaceuticals Inc. Common Stock,82551368478.0,801.82,102954987.99980044,Health Care,Biotechnology: Pharmaceutical Preparations,1991,2026-09-24,nasdaq_screener,
REI,Ring Energy Inc. Common Stock,346517677.0,1.33,260539606.7669173,Energy,Oil & Gas Production,,2026-09-24,nasdaq_screener,
REKR,Rekor Systems Inc. Common Stock,59032293.0,0.4289,137636495.68664023,Telecommunications,Telecommunications Equipment,,2026-09-24,nasdaq_screener,
RELL,Richardson Electronics Ltd. Common Stock,256556403.0,17.26,14864218.018539976,Technology,Electronic Components,1983,2026-09-24,nasdaq_screener,
RELY,Remitly Global Inc. Common Stock,4273901050.0,20.19,211684053.98712233,Consumer Discretionary,Business Services,2021,2026-09-24,nasdaq_screener,
RENT,Rent the Runway Inc. Class A Common Stock,57416006.0,1.7,33774121.17647059,Consumer Discretionary,Other Specialty Stores,2021,2026-09-24,nasdaq_screener,
RENX,RenX Enterprises Corp. Common Stock,4789638.0,1.81,2646208.8397790054,Utilities,Environmental Services,,2026-09-24,nasdaq_screener,
REPL,Replimune Group Inc. Common Stock,1221086457.0,12.96,94219634.02777778,Health Care,Biotechnology: Biological Products (No Diagnostic Substances),2018,2026-09-24,nasdaq_screener,
REPX,Riley Exploration Permian Inc. Common Stock,909855950.0,41.07,22153785.001217432,Energy,Oil & Gas Production,1999,2026-09-24,nasdaq_screener,
RES,RPC Inc. Common Stock,1296693520.0,5.85,221657011.96581197,Energy,Oilfield Services/Equipment,,2026-09-24,nasdaq_screener,
RETO,ReTo Eco-Solutions Inc. Class A Shares,7696538.0,0.1586,48527982.345523335,Industrials,Industrial Machinery/Components,2017,2026-09-24,nasdaq_screener,
REVB,Revelation Biosciences Inc. Common Stock,3721706.0,0.9343,3983416.461521995,Health Care,Biotechnology: Pharmaceutical Preparations,2020,2026-09-24,nasdaq_screener,
REX,REX American Resources Corporation,1460059916.0,44.01,33175639.99091116,Industrials,Major Chemicals,,2026-09-24,nasdaq_screener,
REXR,Rexford Industrial Realty Inc. Common Stock,8506996931.0,38.15,222988124.01048493,Real Estate,Real Estate Investment Trusts,2013,2026-09-24,nasdaq_screener,
REYN,Reynolds Consumer Products Inc. Common Stock,4624754145.0,21.94,210790981.9963537,Consumer Discretionary,Containers/Packaging,2020,2026-09-24,nasdaq_screener,
REZI,Resideo Technologies Inc. Common Stock ,2836509021.0,18.68,151847377.99785867,Industrials,Wholesale Distributors,2018,2026-09-24,nasdaq_screener,
RF,Regions Financial Corporation Common Stock,23334349169.0,27.39,851929505.9875867,Finance,Major Banks,,2026-09-24,nasdaq_screener,
RFAI,RF Acquisition Corp II Ordinary Shares,0.0,34.225,,,,2024,2026-09-24,nasdaq_screener,
RFAM,RF Acquisition Corp III Ordinary Shares,0.0,10.015,,,,2026,2026-09-24,nasdaq_screener,
RFIL,RF Industries Ltd. Common Stock,90795760.0,8.37,10847761.051373955,Technology,Electrical Products,,2026-09-24,nasdaq_screener,
RFL,Rafael Holdings Inc. Class B Common Stock,105039992.0,2.02,51999996.03960396,Health Care,Biotechnology: Pharmaceutical Preparations,2018,2026-09-24,nasdaq_screener,
RGA,Reinsurance Group of America Incorporated Common Stock,16113185839.0,246.75,65301665.001013175,Finance,Life Insurance,,2026-09-24,nasdaq_screener,
RGC,Regencell Bioscience Holdings Limited Ordinary Shares,2957043670.0,5.98,494488908.0267558,Health Care, Medicinal Chemicals and Botanical Products ,2021,2026-09-24,nasdaq_screener,
RGCO,RGC Resources Inc. Common Stock,215163831.0,20.65,10419555.980629541,Utilities,Oil & Gas Production,,2026-09-24,nasdaq_screener,
RGEN,Repligen Corporation Common Stock,9027822638.0,184.53,48923332.997344606,Health Care,Biotechnology: Biological Products (No Diagnostic Substances),1986,2026-09-24,nasdaq_screener,
RGLD,Royal Gold Inc. Common Stock,21417507692.0,252.78,84727856.99818024,Industrials,Precious Metals,,2026-09-24,nasdaq_screener,
RGNT,Regentis Biomaterials Ltd. Ordinary Shares,14750234.0,2.1,7023920.952380952,Health Care,Industrial Specialties,2025,2026-09-24,nasdaq_screener,
RGNX,REGENXBIO Inc. Common Stock,495098940.0,7.5,66013192.0,Health Care,Biotechnology: Biological Products (No Diagnostic Substances),2015,2026-09-24,nasdaq_screener,
RGP,Resources Connection Inc. Common Stock,134988065.0,3.89,34701302.05655527,Consumer Discretionary,Business Services,,2026-09-24,nasdaq_screener,
RGR,Sturm Ruger & Company Inc. Common Stock,669488926.0,41.9,15978255.990453461,Industrials,Ordnance And Accessories,,2026-09-24,nasdaq_screener,
RGS,Regis Corporation Common Stock,68879325.0,27.55,2500156.9872958255,Consumer Discretionary,Other Consumer Services,1991,2026-09-24,nasdaq_screener,
RGT,Royce Global Trust Inc. Common Stock,90902008.0,14.505,6266942.985177524,Finance,Trusts Except Educational Religious and Charitable,2013,2026-09-24,nasdaq_screener,
RGTI,Rigetti Computing Inc. Common Stock,5341968796.0,16.005,333768747.01655734,Technology,EDP Services,,2026-09-24,nasdaq_screener,
RH,RH Common Stock,2358882280.0,124.59,18933159.001525,Consumer Discretionary,Other Specialty Stores,2012,2026-09-24,nasdaq_screener,
RHI,Robert Half Inc. Common Stock,3824237894.0,37.36,102361827.99785867,Consumer Discretionary,Professional Services,,2026-09-24,nasdaq_screener,
RHLD,Resolute Holdings Management Common Stock ,982062936.0,125.59,7819594.999601879,Finance,Finance: Consumer Services,,2026-09-24,nasdaq_screener,
RHP,Ryman Hospitality Properties Inc. (REIT),8329050283.0,120.74,68983355.00248468,Real Estate,Real Estate Investment Trusts,,2026-09-24,nasdaq_screener,
RIBB,Ribbon Acquisition Corp Class A Ordinary Shares,0.0,8.18,,,,2025,2026-09-24,nasdaq_screener,
RICK,RCI Hospitality Holdings Inc. Common Stock,209535745.0,27.41,7644500.0,Consumer Discretionary,Restaurants,1995,2026-09-24,nasdaq_screener,
RIG,Transocean Ltd (Switzerland) Common Stock,6109334065.0,5.47,1116880085.0091407,Energy,Oil & Gas Production,,2026-09-24,nasdaq_screener,
RIGL,Rigel Pharmaceuticals Inc. Common Stock,899061854.0,48.13,18679863.99335134,Health Care,Biotechnology: Pharmaceutical Preparations,2000,2026-09-24,nasdaq_screener,
RILY,BRC Group Holdings Inc. Common Stock,232354584.0,5.78,40199755.01730104,Finance,Investment Managers,,2026-09-24,nasdaq_screener,
RIME,Algorhythm Holdings Inc. Common Stock,3922572.0,0.1862,21066444.68313641,Technology,EDP Services,,2026-09-24,nasdaq_screener,
RIO,Rio Tinto Plc Common Stock,119637675126.0,95.25,1256038584.0,Basic Materials,Metal Mining,2002,2026-09-24,nasdaq_screener,
RIOT,Riot Platforms Inc. Common Stock ,9265143105.0,24.69,375258934.9939246,Finance,Finance: Consumer Services,,2026-09-24,nasdaq_screener,
RITM,Rithm Capital Corp. Common Stock,5260194232.0,9.42,558407030.9978769,Real Estate,Real Estate Investment Trusts,,2026-09-24,nasdaq_screener,
RIVN,Rivian Automotive Inc. Class A Common Stock,21746866663.0,15.02,1447860630.026631,Industrials,Auto Manufacturing,2021,2026-09-24,nasdaq_screener,
RJET,Republic Airways Holdings Inc. Common Stock,876461040.0,18.72,46819500.0,Consumer Discretionary,Air Freight/Delivery Services,2018,2026-09-24,nasdaq_screener,
RJF,Raymond James Financial Inc. Common Stock,30437393532.0,158.23,192361711.00297037,Finance,Investment Bankers/Brokers/Service,,2026-09-24,nasdaq_screener,
RKDA,Arcadia Biosciences Inc. Common Stock,1026324.0,0.426,2409211.267605634,Energy,Oil & Gas Production,2015,2026-09-24,nasdaq_screener,
RKLB,Rocket Lab Corporation Common Stock,44137787249.0,70.31,627759738.9987199,Industrials,Military/Government/Technical,2020,2026-09-24,nasdaq_screener,
RKT,Rocket Companies Inc. Class A Common Stock,34404455415.0,12.15,2831642420.987654,Finance,Finance: Consumer Services,2020,2026-09-24,nasdaq_screener,
RKTO,Rocket One Inc. Common Stock,18725471.0,0.7521,24897581.43863848,Health Care,Biotechnology: Pharmaceutical Preparations,2019,2026-09-24,nasdaq_screener,
RL,Ralph Lauren Corporation Common Stock,20107218195.0,337.47,59582238.99902213,Industrials,Garments and Clothing,1997,2026-09-24,nasdaq_screener,
RLAY,Relay Therapeutics Inc. Common Stock,3951123607.0,18.03,219141631.0038824,Health Care,Biotechnology: Biological Products (No Diagnostic Substances),2020,2026-09-24,nasdaq_screener,
RLGT,Radiant Logistics Inc. Common Stock,406573321.0,8.67,46894270.01153403,Industrials,Integrated Freight & Logistics,,2026-09-24,nasdaq_screener,
RLI,RLI Corp. Common Stock (DE),5217293345.0,56.85,91772970.00879507,Finance,Property-Casualty Insurers,,2026-09-24,nasdaq_screener,
RLJ,RLJ Lodging Trust Common Shares of Beneficial Interest $0.01 par value,1662420764.0,10.91,152375872.04399633,Real Estate,Real Estate Investment Trusts,2011,2026-09-24,nasdaq_screener,
RLMD,Relmada Therapeutics Inc. Common Stock,403212018.0,3.78,106669846.03174603,Health Care,Biotechnology: Pharmaceutical Preparations,,2026-09-24,nasdaq_screener,
RLYB,Rallybio Corporation Common Stock,89535013.0,16.86,5310498.991696323,Health Care,Biotechnology: Pharmaceutical Preparations,2021,2026-09-24,nasdaq_screener,
RM,Regional Management Corp. Common Stock,283416392.0,30.72,9225794.010416668,Finance,Finance: Consumer Services,2012,2026-09-24,nasdaq_screener,
RMBI,Richmond Mutual Bancorporation Inc. Common Stock,252056052.0,15.04,16759046.010638298,Finance,Major Banks,2019,2026-09-24,nasdaq_screener,
RMBS,Rambus Inc. Common Stock,11222522062.0,103.47,108461602.9960375,Technology,Semiconductors,1997,2026-09-24,nasdaq_screener,
RMCF,Rocky Mountain Chocolate Factory Inc. Common Stock,8023649.0,0.85,9439587.05882353,Consumer Staples,Specialty Foods,,2026-09-24,nasdaq_screener,
RMCO,Royalty Management Holding Corporation Class A Common Stock,39752495.0,2.62,15172708.015267175,Miscellaneous,Multi-Sector Companies,2023,2026-09-24,nasdaq_screener,
RMD,ResMed Inc. Common Stock,32067287624.0,222.3,144252306.00089967,Health Care,Medical/Dental Instruments,,2026-09-24,nasdaq_screener,
RMIX,Suncrete Inc. Class A Common Stock,935474667.0,12.73,73485834.01413983,Industrials,Building Materials,,2026-09-24,nasdaq_screener,
RMNI,Rimini Street Inc. (DE) Common Stock,401430800.0,4.3,93356000.0,Consumer Discretionary,Business Services,2015,2026-09-24,nasdaq_screener,
RMR,The RMR Group Inc. Class A Common Stock,603749853.0,18.82,32080225.98299681,Consumer Discretionary,Professional Services,,2026-09-24,nasdaq_screener,
RMSG,Real Messenger Corporation Ordinary Shares,5125468.0,0.317,16168668.769716088,Technology,Computer Software: Programming Data Processing,,2026-09-24,nasdaq_screener,
RMT,Royce Micro-Cap Trust Inc. Common Stock,625558327.0,13.52,46269107.02662722,Finance,Investment Managers,,2026-09-24,nasdaq_screener,
RMTI,Rockwell Medical Inc. Common Stock,34541085.0,8.57,4030464.9941656943,Health Care,Biotechnology: Pharmaceutical Preparations,1998,2026-09-24,nasdaq_screener,
RNA,Atrium Therapeutics Inc. Common Stock,142490006.0,8.33,17105642.977190875,Health Care,Biotechnology: Pharmaceutical Preparations,,2026-09-24,nasdaq_screener,
RNAC,Cartesian Therapeutics Inc. Common Stock,238109620.0,7.87,30255351.969504446,Health Care,Biotechnology: Pharmaceutical Preparations,2016,2026-09-24,nasdaq_screener,
RNAQ,Rainier Acquisition Corporation Class A Ordinary Shares,0.0,10.07,,Finance,Blank Checks,2026,2026-09-24,nasdaq_screener,
RNAZ,TransCode Therapeutics Inc. Common Stock,28443642.0,1.68,16930739.285714287,Health Care,Biotechnology: Pharmaceutical Preparations,2021,2026-09-24,nasdaq_screener,
RNG,RingCentral Inc. Class A Common Stock,6616193215.0,79.23,83506161.9967184,Technology,EDP Services,2013,2026-09-24,nasdaq_screener,
RNGR,Ranger Energy Services Inc. Class A Common Stock,366241660.0,15.65,23402023.003194887,Energy,Oilfield Services/Equipment,2017,2026-09-24,nasdaq_screener,
RNGT,Range Capital Acquisition Corp II Class A Ordinary Shares,0.0,10.17,,Finance,Blank Checks,2025,2026-09-24,nasdaq_screener,
RNR,RenaissanceRe Holdings Ltd. Common Stock,13662262418.0,328.8,41551892.998783454,Finance,Property-Casualty Insurers,,2026-09-24,nasdaq_screener,
RNST,Renasant Corporation Common Stock,3628757261.0,39.7,91404465.01259445,Finance,Major Banks,2023,2026-09-24,nasdaq_screener,
RNTX,Rein Therapeutics Inc. Common Stock,66451495.0,0.7703,86267032.32506816,Health Care,Biotechnology: Pharmaceutical Preparations,2017,2026-09-24,nasdaq_screener,
RNW,ReNew Energy Global plc Class A Ordinary Shares,2492514386.0,6.84,364402688.0116959,Utilities,Electric Utilities: Central,,2026-09-24,nasdaq_screener,
RNXT,RenovoRx Inc. Common Stock,73561098.0,1.63,45129507.97546013,Health Care,Biotechnology: Pharmaceutical Preparations,2021,2026-09-24,nasdaq_screener,
ROAD,Construction Partners Inc. Class A Common Stock,5361078419.0,93.44,57374554.99785959,Industrials,Military/Government/Technical,2018,2026-09-24,nasdaq_screener,
ROC,Rank One Computing Corporation Common stock,79754931.0,4.18,19080127.033492826,Technology,Computer Software: Prepackaged Software,2026,2026-09-24,nasdaq_screener,
ROCK,Gibraltar Industries Inc. Common Stock,1194479693.0,40.24,29683888.991053678,Industrials,Steel/Iron Ore,1993,2026-09-24,nasdaq_screener,
ROG,Rogers Corporation Common Stock,2491560632.0,139.44,17868334.99713138,Industrials,Major Chemicals,1960,2026-09-24,nasdaq_screener,
ROIV,Roivant Sciences Ltd. Common Shares,26595933412.0,36.82,722323014.9918523,Health Care,Biotechnology: Pharmaceutical Preparations,,2026-09-24,nasdaq_screener,
ROK,Rockwell Automation Inc. Common Stock,48169381514.0,432.89,111273952.9996073,Industrials,Industrial Machinery/Components,,2026-09-24,nasdaq_screener,
ROKU,Roku Inc. Class A Common Stock,22780827552.0,153.49,148418969.00123787,Telecommunications,Cable & Other Pay Television Services,2017,2026-09-24,nasdaq_screener,
ROL,Rollins Inc. Common Stock,15632414176.0,32.49,481145404.00123113,Consumer Discretionary,Diversified Commercial Services,,2026-09-24,nasdaq_screener,
ROLR,High Roller Technologies Inc. Common Stock,66286171.0,6.01,11029312.978369385,Consumer Discretionary,Services-Misc. Amusement & Recreation,2024,2026-09-24,nasdaq_screener,
ROMA,Roma Green Finance Limited Class A Ordinary Shares,531315973.0,8.92,59564570.96412556,Consumer Discretionary,Professional Services,2024,2026-09-24,nasdaq_screener,
ROOT,Root Inc. Class A Common Stock,724464464.0,46.76,15493252.010265185,Finance,Property-Casualty Insurers,2020,2026-09-24,nasdaq_screener,
ROP,Roper Technologies Inc. Common Stock,36233324199.0,366.36,98900874.00098264,Industrials,Industrial Machinery/Components,1992,2026-09-24,nasdaq_screener,
ROST,Ross Stores Inc. Common Stock,74745638678.0,233.98,319453110.0008548,Consumer Discretionary,Clothing/Shoe/Accessory Stores,1985,2026-09-24,nasdaq_screener,
RPAY,Repay Holdings Corporation Class A Common Stock,341470459.0,3.8,89860647.10526316,Consumer Discretionary,Business Services,2018,2026-09-24,nasdaq_screener,
RPC,Ridgepost Capital Inc. Class A Common Stock,851040757.0,7.72,110238440.02590674,Finance,Investment Managers,2021,2026-09-24,nasdaq_screener,
RPD,Rapid7 Inc. Common Stock,882274378.0,13.09,67400640.03055768,Technology,Computer Software: Prepackaged Software,2015,2026-09-24,nasdaq_screener,
RPGL,Republic Power Group Limited Class A Ordinary Shares,16207636.0,1.0037,16147888.811397828,Technology,Computer Software: Prepackaged Software,2025,2026-09-24,nasdaq_screener,
RPID,Rapid Micro Biosystems Inc. Class A Common Stock,55677107.0,1.11,50159555.85585585,Industrials,Biotechnology: Laboratory Analytical Instruments,2021,2026-09-24,nasdaq_screener,
RPM,RPM International Inc. Common Stock,12781805685.0,100.06,127741412.00279832,Consumer Discretionary,Paints/Coatings,,2026-09-24,nasdaq_screener,
RPRX,Royalty Pharma plc Class A Ordinary Shares ,33148819411.0,57.65,575001204.0069385,Health Care,Biotechnology: Pharmaceutical Preparations,2020,2026-09-24,nasdaq_screener,
RPT,Rithm Property Trust Inc. Common stock,86508637.0,11.13,7772563.971248876,Real Estate,Real Estate Investment Trusts,2015,2026-09-24,nasdaq_screener,
RR,Richtech Robotics Inc. Class B Common Stock,371418206.0,1.65,225101943.03030303,Industrials,Industrial Machinery/Components,2023,2026-09-24,nasdaq_screener,
RRBI,Red River Bancshares Inc. Common Stock,662064779.0,100.555,6584106.001690617,Finance,Major Banks,2019,2026-09-24,nasdaq_screener,
RRC,Range Resources Corporation Common Stock,9059754797.0,38.77,233679515.0116069,Energy,Oil & Gas Production,,2026-09-24,nasdaq_screener,
RREV,RRE Ventures Acquisition Corp. Class A Ordinary Shares,0.0,9.91,,Finance,Blank Checks,2026,2026-09-24,nasdaq_screener,
RRGB,Red Robin Gourmet Burgers Inc. Common Stock,146126003.0,7.73,18903752.005174644,Consumer Discretionary,Restaurants,2002,2026-09-24,nasdaq_screener,
RRR,Red Rock Resorts Inc. Class A Common Stock,5345324020.0,50.9,105016188.99803537,Consumer Discretionary,Hotels/Resorts,2016,2026-09-24,nasdaq_screener,
RRX,Regal Rexnord Corporation Common Stock,10149932368.0,152.42,66591866.99908149,Industrials,Industrial Machinery/Components,1976,2026-09-24,nasdaq_screener,
RS,Reliance Inc. Common Stock,19637113490.0,384.63,51054555.00090997,Industrials,Metal Fabrications,1994,2026-09-24,nasdaq_screener,
RSG,Republic Services Inc. Common Stock,65253985612.0,213.1,306212978.00093853,Utilities,Environmental Services,1998,2026-09-24,nasdaq_screener,
RSI,Rush Street Interactive Inc. Class A Common Stock,4765260240.0,20.56,231773357.97665372,Consumer Discretionary,Services-Misc. Amusement & Recreation,2020,2026-09-24,nasdaq_screener,
RSKD,Riskified Ltd. Class A Ordinary Shares,970798725.0,7.14,135966207.98319328,Consumer Discretionary,Business Services,2021,2026-09-24,nasdaq_screener,
RSSS,Research Solutions Inc Common Stock,71576858.0,2.12,33762668.86792453,Technology,EDP Services,,2026-09-24,nasdaq_screener,
RSVR,Reservoir Media Inc. Common Stock,630297903.0,9.56,65930742.9916318,Consumer Discretionary,Services-Misc. Amusement & Recreation,2021,2026-09-24,nasdaq_screener,
RTAC,Renatus Tactical Acquisition Corp I Class A Ordinary Shares,0.0,10.43,,Finance,Blank Checks,2025,2026-09-24,nasdaq_screener,
RTB,RTB Digital Inc. Common Stock,147193352.0,9.84,14958673.983739838,Consumer Discretionary,Professional Services,,2026-09-24,nasdaq_screener,
RTX,RTX Corporation Common Stock,259025637695.0,192.19,1347758143.998127,Industrials,Aerospace,,2026-09-24,nasdaq_screener,
RUBI,Rubico Inc. Common Stock,2548113.0,1.15,2215750.434782609,Consumer Discretionary,Marine Transportation,,2026-09-24,nasdaq_screener,
RUM,RUM Group Inc. Class A Common Stock,4100350304.0,8.27,495810193.95405084,Technology,Computer Software: Programming Data Processing,2021,2026-09-24,nasdaq_screener,
RUN,Sunrun Inc. Common Stock,2011072300.0,8.35,240846982.03592816,Miscellaneous,Industrial Machinery/Components,2015,2026-09-24,nasdaq_screener,
RUSHA,Rush Enterprises Inc. Common Stock Cl A,5607726350.0,48.04,116730356.99417153,Consumer Discretionary,Retail-Auto Dealers and Gas Stations,,2026-09-24,nasdaq_screener,
RUSHB,Rush Enterprises Inc. Class B,6399158171.0,54.82,116730357.0047428,Consumer Discretionary,Retail-Auto Dealers and Gas Stations,,2026-09-24,nasdaq_screener,
RVLV,Revolve Group Inc. Class A Common Stock,1472889902.0,20.72,71085419.98069498,Consumer Discretionary,Catalog/Specialty Distribution,2019,2026-09-24,nasdaq_screener,
RVMD,Revolution Medicines Inc. Common Stock,40882528369.0,190.74,214336417.9983223,Health Care,Biotechnology: Biological Products (No Diagnostic Substances),2020,2026-09-24,nasdaq_screener,
RVP,Retractable Technologies Inc. Common Stock,20797344.0,0.6947,29937158.485677272,Health Care,Medical/Dental Instruments,2001,2026-09-24,nasdaq_screener,
RVSB,Riverview Bancorp Inc Common Stock,119149223.0,5.91,20160613.028764807,Finance,Savings Institutions,,2026-09-24,nasdaq_screener,
RVSN,Rail Vision Ltd. Ordinary Share,8220698.0,3.75,2192186.1333333333,Industrials,Railroads,2022,2026-09-24,nasdaq_screener,
RVT,Royce Small-Cap Trust Inc. Common Stock,1869810304.0,17.32,107956715.01154734,Finance,Trusts Except Educational Religious and Charitable,1986,2026-09-24,nasdaq_screener,
RVTY,Revvity Inc. Common Stock,15857543446.0,142.11,111586400.99922594,Industrials,Biotechnology: Laboratory Analytical Instruments,,2026-09-24,nasdaq_screener,
RWAY,Runway Growth Finance Corp. Common Stock,282472753.0,6.74,41909904.005934715,Finance,Finance: Consumer Services,2021,2026-09-24,nasdaq_screener,
RWT,Redwood Trust Inc. Common Stock,467278247.0,3.72,125612431.9892473,Real Estate,Real Estate Investment Trusts,1995,2026-09-24,nasdaq_screener,
RXO,RXO Inc. Common Stock,3278731425.0,19.88,164926128.01810867,Consumer Discretionary,Transportation Services,2022,2026-09-24,nasdaq_screener,
RXRX,Recursion Pharmaceuticals Inc. Class A Common Stock,1980766029.0,3.7,535342170.0,Health Care,Biotechnology: Biological Products (No Diagnostic Substances),2021,2026-09-24,nasdaq_screener,
RXST,RxSight Inc. Common Stock,201727292.0,4.85,41593256.08247423,Health Care,Ophthalmic Goods,2021,2026-09-24,nasdaq_screener,
RXT,Rackspace Technology Inc. Common Stock,1032235043.0,4.05,254872850.1234568,Technology,Computer Software: Programming Data Processing,2020,2026-09-24,nasdaq_screener,
RY,Royal Bank Of Canada Common Stock,276124523411.0,199.45,1384429799.0022564,Finance,Commercial Banks,,2026-09-24,nasdaq_screener,
RYAM,Rayonier Advanced Materials Inc. Common Stock,618268061.0,9.14,67644207.9868709,Basic Materials,Paper,2014,2026-09-24,nasdaq_screener,
RYAN,Ryan Specialty Holdings Inc. Class A Common Stock,9252820773.0,36.17,255814784.98755875,Finance,Specialty Insurers,2021,2026-09-24,nasdaq_screener,
RYDE,Ryde Group Ltd. Class A Ordinary Shares,138774256.0,0.77,180226306.4935065,Consumer Discretionary,Business Services,2024,2026-09-24,nasdaq_screener,
RYET,Ruanyun Edai Technology Inc. Ordinary shares,32332947.0,0.8673,37280003.45901073,Technology,Computer Software: Prepackaged Software,2025,2026-09-24,nasdaq_screener,
RYM,RYTHM Inc. Common Stock,50622000.0,23.01,2200000.0,Consumer Staples,Farming/Seeds/Milling,2021,2026-09-24,nasdaq_screener,
RYN,Rayonier Inc. REIT Common Stock,5909686399.0,19.86,297567290.9869084,Real Estate,Real Estate Investment Trusts,,2026-09-24,nasdaq_screener,
RYOJ,rYojbaba Co. Ltd. Common Shares,42850500.0,3.71,11550000.0,Consumer Discretionary,Professional Services,2025,2026-09-24,nasdaq_screener,
RYTM,Rhythm Pharmaceuticals Inc. Common Stock,6764028536.0,98.24,68852082.00325733,Health Care,Biotechnology: Pharmaceutical Preparations,2017,2026-09-24,nasdaq_screener,
RYZ,Ryerson Holding Corporation Common Stock,1234668955.0,23.79,51898653.00546448,Industrials,Metal Fabrications,2014,2026-09-24,nasdaq_screener,
RZLT,Rezolute Inc. Common Stock (NV),385169324.0,4.0,96292331.0,Health Care,Biotechnology: Pharmaceutical Preparations,,2026-09-24,nasdaq_screener,
RZLV,Rezolve AI PLC Ordinary Shares,912893226.0,2.28,400391765.7894737,Technology,Computer Software: Programming Data Processing,,2026-09-24,nasdaq_screener,
S,SentinelOne Inc. Class A Common Stock,8387983720.0,24.1,348049117.01244813,Technology,Computer Software: Prepackaged Software,2021,2026-09-24,nasdaq_screener,
SA,Seabridge Gold Inc. Common Shares New,3365581939.0,31.2,107871215.99358974,Basic Materials,Precious Metals,2026,2026-09-24,nasdaq_screener,
SAAQ,Space Asset Acquisition Corp. Class A Ordinary Shares,0.0,10.07,,Finance,Blank Checks,2026,2026-09-24,nasdaq_screener,
SABR,Sabre Corporation Common Stock,883847239.0,2.19,403583214.15525115,Technology,Computer Software: Programming Data Processing,2014,2026-09-24,nasdaq_screener,
SABS,SAB Biotherapeutics Inc. Common Stock,308443788.0,3.39,90986368.14159292,Health Care,Biotechnology: Biological Products (No Diagnostic Substances),2021,2026-09-24,nasdaq_screener,
SAC,Safeguard Acquisition Corp. Class A Ordinary Shares,0.0,10.09,,Finance,Blank Checks,2026,2026-09-24,nasdaq_screener,
SACH,Sachem Capital Corp. Common Shares,43811352.0,0.9136,47954632.22416813,Real Estate,Real Estate Investment Trusts,2017,2026-09-24,nasdaq_screener,
SAFE,Safehold Inc. New Common Stock ,914238175.0,12.91,70816280.01549187,Real Estate,Real Estate Investment Trusts,2023,2026-09-24,nasdaq_screener,
SAFT,Safety Insurance Group Inc. Common Stock,1519576692.0,103.51,14680482.001738962,Finance,Property-Casualty Insurers,2002,2026-09-24,nasdaq_screener,
SAFX,XCF Global Inc. Class A Common Stock,176625770.0,0.4253,415296896.30848813,Industrials,Major Chemicals,,2026-09-24,nasdaq_screener,
SAGT,SAGTEC GLOBAL LIMITED Class A Ordinary shares,12158900.0,0.611,19900000.0,Technology,Computer Software: Prepackaged Software,2025,2026-09-24,nasdaq_screener,
SAGU,Shreya Acquisition Group Class A Ordinary Shares,0.0,10.02,,Finance,Blank Checks,2026,2026-09-24,nasdaq_screener,
SAH,Sonic Automotive Inc. Common Stock,1971815201.0,62.37,31614802.00416867,Consumer Discretionary,Retail-Auto Dealers and Gas Stations,1997,2026-09-24,nasdaq_screener,
SAIA,Saia Inc. Common Stock,9172078403.0,343.85,26674650.001454122,Industrials,Trucking Freight/Courier Services,,2026-09-24,nasdaq_screener,
SAIC,Science Applications International Corporation Common Stock,5570709550.0,132.96,41897635.00300842,Technology,EDP Services,,2026-09-24,nasdaq_screener,
SAIH,SAIHEAT Limited Class A Ordinary Shares,53840106.0,29.74,1810359.986550101,Technology,EDP Services,2021,2026-09-24,nasdaq_screener,
SAIL,SailPoint Inc. Common Stock,12223218063.0,21.41,570911633.0219524,Technology,Computer Software: Prepackaged Software,2025,2026-09-24,nasdaq_screener,
SAM,Boston Beer Company Inc. (The) Common Stock,1725811987.0,167.69,10291681.000655973,Consumer Staples,Beverages (Production/Distribution),,2026-09-24,nasdaq_screener,
SAMG,Silvercrest Asset Management Group Inc. Class A Common Stock,116108117.0,9.8,11847767.040816326,Finance,Investment Managers,2013,2026-09-24,nasdaq_screener,
SAMO,Samos Energy Acquisition Corporation Class A Ordinary Shares,0.0,9.81,,,,2026,2026-09-24,nasdaq_screener,
SAN,Banco Santander S.A. Sponsored ADR (Spain),205540859777.0,14.2,14474708435.0,Finance,Commercial Banks,,2026-09-24,nasdaq_screener,
SANA,Sana Biotechnology Inc. Common Stock,922030762.0,3.08,299360637.012987,Health Care,Biotechnology: Biological Products (No Diagnostic Substances),2021,2026-09-24,nasdaq_screener,
SANG,Sangoma Technologies Corporation Common Shares,117307735.0,3.525,33278790.070921987,Technology,Computer Software: Programming Data Processing,,2026-09-24,nasdaq_screener,
SANM,Sanmina Corporation Common Stock,11892717323.0,221.89,53597356.00072108,Technology,Electrical Products,1993,2026-09-24,nasdaq_screener,
SAP,SAP  SE ADS,258747561344.0,210.62,1228504232.0007596,Technology,Computer Software: Prepackaged Software,,2026-09-24,nasdaq_screener,
SAR,Saratoga Investment Corp New,280772793.0,17.46,16080915.979381442,Finance,Investment Managers,,2026-09-24,nasdaq_screener,
SARO,StandardAero Inc. Common Stock,7472160752.0,22.58,330919431.0008858,Industrials,Aerospace,2024,2026-09-24,nasdaq_screener,
SATL,Satellogic Inc. Class A Common Stock,847106910.0,5.51,153739911.0707804,Technology,Radio And Television Broadcasting And Communications Equipment,,2026-09-24,nasdaq_screener,
SB,Safe Bulkers Inc Common Stock ($0.001 par value),956228825.0,8.37,114244781.95937875,Consumer Discretionary,Marine Transportation,2008,2026-09-24,nasdaq_screener,
SBAC,SBA Communications Corporation Class A Common Stock,18091205398.0,170.53,106088109.99824078,Real Estate,Real Estate Investment Trusts,1999,2026-09-24,nasdaq_screener,
SBC,SBC Medical Group Holdings Incorporated Common Stock,498807674.0,4.85,102846943.09278351,Health Care,Medical/Nursing Services,2022,2026-09-24,nasdaq_screener,
SBCF,Seacoast Banking Corporation of Florida Common Stock,3138995144.0,32.42,96822799.01295497,Finance,Major Banks,,2026-09-24,nasdaq_screener,
SBET,Sharplink Inc. Common Stock,2130963555.0,9.81,217223603.97553515,Technology,Computer Software: Prepackaged Software,,2026-09-24,nasdaq_screener,
SBFG,SB Financial Group Inc. Common Stock,188340119.0,30.12,6252991.998671979,Finance,Major Banks,,2026-09-24,nasdaq_screener,
SBFM,Sunshine Biopharma Inc. Common Stock,3774962.0,0.8758,4310301.438684631,Health Care,Biotechnology: Pharmaceutical Preparations,,2026-09-24,nasdaq_screener,
SBGI,Sinclair Inc. Class A Common Stock,930733432.0,12.87,72318059.98446,Industrials,Broadcasting,1995,2026-09-24,nasdaq_screener,
SBH,Sally Beauty Holdings Inc. (Name to be changed from Sally Holdings Inc.) Common Stock,1568173391.0,16.75,93622292.0,Consumer Discretionary,Other Specialty Stores,,2026-09-24,nasdaq_screener,
SBLK,Star Bulk Carriers Corp. Common Shares,3390516560.0,30.4,111530150.0,Consumer Discretionary,Marine Transportation,,2026-09-24,nasdaq_screener,
SBMT,Silver Bow Mining Corp. Common Shares,243314840.0,8.24,29528500.0,Basic Materials,Precious Metals,2026,2026-09-24,nasdaq_screener,
SBR,Sabine Royalty Trust Common Stock,1054524024.0,72.33,14579345.002073828,Energy,Oil & Gas Production,,2026-09-24,nasdaq_screener,
SBRA,Sabra Health Care REIT Inc. Common Stock,5030061666.0,19.69,255462756.01828337,Real Estate,Real Estate Investment Trusts,,2026-09-24,nasdaq_screener,
SBSI,Southside Bancshares Inc. Common Stock,915403066.0,30.71,29807980.006512538,Finance,Major Banks,,2026-09-24,nasdaq_screener,
SBSW,D/B/A Sibanye-Stillwater Limited ADS,7465621159.0,10.55,707641816.0189573,Basic Materials,Precious Metals,,2026-09-24,nasdaq_screener,
SBUX,Starbucks Corporation Common Stock,107319600000.0,94.14,1140000000.0,Consumer Discretionary,Restaurants,1992,2026-09-24,nasdaq_screener,
SBXD,SilverBox Corp IV Class A Ordinary Shares,0.0,11.29,,,,2024,2026-09-24,nasdaq_screener,
SBXE,SilverBox Corp V Class A Ordinary Shares,0.0,10.1,,,,2026,2026-09-24,nasdaq_screener,
SCCO,Southern Copper Corporation Common Stock,168484944710.0,201.94,834331706.0017828,Basic Materials,Metal Mining,,2026-09-24,nasdaq_screener,
SCHL,Scholastic Corporation Common Stock,670594055.0,35.36,18964763.99886878,Consumer Discretionary,Books,1992,2026-09-24,nasdaq_screener,
SCHW,Charles Schwab Corporation (The) Common Stock,172068903543.0,99.5,1729335714.0,Finance,Investment Bankers/Brokers/Service,,2026-09-24,nasdaq_screener,
SCI,Service Corporation International Common Stock,10635826051.0,77.85,136619474.00128454,Consumer Discretionary,Other Consumer Services,,2026-09-24,nasdaq_screener,
SCII,SC II Acquisition Corp. Class A ordinary share,0.0,10.15,,,,2026,2026-09-24,nasdaq_screener,
SCKT,Socket Mobile Inc. Common Stock,4257778.0,0.5135,8291680.623174295,Technology,Computer Manufacturing,,2026-09-24,nasdaq_screener,
SCL,Stepan Company Common Stock,1474659870.0,64.87,22732540.003083088,Consumer Discretionary,Package Goods/Cosmetics,,2026-09-24,nasdaq_screener,
SCLX,Scilex Holding Company Common Stock,43314300.0,5.1,8493000.0,Health Care,Biotechnology: Biological Products (No Diagnostic Substances),2021,2026-09-24,nasdaq_screener,
SCM,Stellus Capital Investment Corporation Common Stock,222428308.0,7.81,28479937.00384123,Finance,Finance/Investors Services,2012,2026-09-24,nasdaq_screener,
SCNX,Scienture Holdings Inc. Common Stock,11896283.0,0.2897,41064145.66793234,Health Care,Biotechnology: Pharmaceutical Preparations,,2026-09-24,nasdaq_screener,
SCOR,comScore Inc. Common Stock,75010570.0,4.94,15184325.910931174,Consumer Discretionary,Business Services,2018,2026-09-24,nasdaq_screener,
SCPQ,Social Commerce Partners Corporation Class A Ordinary Shares,0.0,10.05,,,,2026,2026-09-24,nasdaq_screener,
SCSC,ScanSource Inc. Common Stock,1178052360.0,58.485,20142812.003077712,Technology,Retail: Computer Software & Peripheral Equipment,,2026-09-24,nasdaq_screener,
SCTX,Scribe Therapeutics Inc. Common Stock,502257470.0,26.53,18931679.98492273,Health Care,Biotechnology: Biological Products (No Diagnostic Substances),2026,2026-09-24,nasdaq_screener,
SCWO,374Water Inc. Common Stock,54394754.0,3.07,17718160.912052117,Consumer Discretionary,Metal Fabrications,,2026-09-24,nasdaq_screener,
SCYX,SCYNEXIS Inc. Common Stock,46116438.0,4.635,9949609.061488673,Health Care,Biotechnology: Pharmaceutical Preparations,2014,2026-09-24,nasdaq_screener,
SCZM,Santacruz Silver Mining Ltd. Common Shares,825753722.0,8.88,92990284.009009,Basic Materials,Precious Metals,,2026-09-24,nasdaq_screener,
SD,SandRidge Energy Inc. Common Stock,520166403.0,14.03,37075296.0085531,Energy,Oil & Gas Production,2016,2026-09-24,nasdaq_screener,
SDA,SunCar Technology Group Inc. Class A Ordinary Shares,47150665.0,0.4463,105647916.19986556,Consumer Discretionary,Automotive Aftermarket,2021,2026-09-24,nasdaq_screener,
SDEV,Stablecoin Development Corporation Common Stock,56689289.0,1.12,50615436.60714285,Health Care,Biotechnology: Pharmaceutical Preparations,,2026-09-24,nasdaq_screener,
SDGR,Schrodinger Inc. Common Stock,2186568506.0,29.23,74805627.98494697,Health Care,Biotechnology: Pharmaceutical Preparations,2020,2026-09-24,nasdaq_screener,
SDHC,Smith Douglas Homes Corp. Class A Common Stock,524548892.0,10.32,50828381.007751934,Consumer Discretionary,Homebuilding,2024,2026-09-24,nasdaq_screener,
SDHI,Siddhi Acquisition Corp Class A Common stock,0.0,10.53,,Finance,Blank Checks,2025,2026-09-24,nasdaq_screener,
SDOT,Sadot Group Inc. Common Stock,16134043.0,11.09,1454828.0432822362,Consumer Discretionary,Restaurants,2020,2026-09-24,nasdaq_screener,
SDRL,Seadrill Limited Common Shares,2903799198.0,46.43,62541442.989446476,Energy,Oil & Gas Production,2022,2026-09-24,nasdaq_screener,
SDST,Stardust Power Inc. Common Stock,4694761.0,0.1157,40577018.15038894,Industrials,Major Chemicals,2021,2026-09-24,nasdaq_screener,
SEAT,Vivid Seats Inc. Class A Common Stock,45677412.0,3.9,11712156.923076924,Consumer Discretionary,Services-Misc. Amusement & Recreation,,2026-09-24,nasdaq_screener,
SEB,Seaboard Corporation Common Stock,3806321246.0,3974.05,957794.0000754897,Industrials,Farming/Seeds/Milling,1996,2026-09-24,nasdaq_screener,
SECZ,Securitize Corp. Common Stock,2344495237.0,14.36,163265685.02785516,Finance,Finance: Consumer Services,2026,2026-09-24,nasdaq_screener,
SEDG,SolarEdge Technologies Inc. Common Stock,2051883696.0,33.35,61525748.005997,Technology,Semiconductors,2015,2026-09-24,nasdaq_screener,
SEED,Origin Agritech Limited Common Stock,11172044.0,0.92,12143526.086956521,Consumer Staples,Farming/Seeds/Milling,,2026-09-24,nasdaq_screener,
SEER,Seer Inc. Class A Common Stock,99669627.0,1.8,55372015.0,Industrials,Biotechnology: Laboratory Analytical Instruments,2020,2026-09-24,nasdaq_screener,
SEG,Seaport Entertainment Group Inc. Common Stock,305251243.0,23.83,12809536.00503567,Consumer Discretionary,Services-Misc. Amusement & Recreation,2024,2026-09-24,nasdaq_screener,
SEGG,Sports Entertainment Gaming Global Corporation Common Stock,9354728.0,2.87,3259487.1080139372,Technology,Computer Software: Prepackaged Software,2023,2026-09-24,nasdaq_screener,
SEI,Solaris Energy Infrastructure Inc. Class A Common Stock,5162871813.0,67.43,76566392.00652528,Consumer Discretionary,Oil and Gas Field Machinery,2017,2026-09-24,nasdaq_screener,
SEIC,SEI Investments Company Common Stock,12581610849.0,104.83,120019181.99942765,Finance,Investment Bankers/Brokers/Service,1981,2026-09-24,nasdaq_screener,
SELF,Global Self Storage Inc. Common Stock,57221314.0,5.01,11421419.960079841,Real Estate,Real Estate Investment Trusts,,2026-09-24,nasdaq_screener,
SENEA,Seneca Foods Corp. Class A Common Stock,1212794801.0,179.15,6769717.002511862,Consumer Staples,Packaged Foods,,2026-09-24,nasdaq_screener,
SENEB,Seneca Foods Corp. Class B Common Stock,1268780360.0,187.42,6769716.999253015,Consumer Staples,Packaged Foods,,2026-09-24,nasdaq_screener,
SENS,Senseonics Holdings Inc. Common Stock,527418679.0,9.975,52874053.032581456,Health Care,Medical/Dental Instruments,,2026-09-24,nasdaq_screener,
SEPN,Septerna Inc. Common Stock,1794728612.0,38.45,46676946.996098824,Health Care,Biotechnology: Pharmaceutical Preparations,2024,2026-09-24,nasdaq_screener,
SER,Serina Therapeutics Inc. Common Stock,55627036.0,2.19,25400473.05936073,Health Care,Biotechnology: Pharmaceutical Preparations,2018,2026-09-24,nasdaq_screener,
SERA,Sera Prognostics Inc. Class A Common Stock,81265900.0,2.06,39449466.01941747,Health Care,Medical Specialities,2021,2026-09-24,nasdaq_screener,
SERV,Serve Robotics Inc. Common Stock,373709355.0,4.31,86707506.96055685,Industrials,Industrial Machinery/Components,,2026-09-24,nasdaq_screener,
SES,SES AI Corporation Class A Common Stock,194257568.0,0.5232,371287400.6116208,Miscellaneous,Industrial Machinery/Components,2021,2026-09-24,nasdaq_screener,
SEV,Aptera Motors Corp. Class B Common Stock,79464525.0,1.96,40543125.0,Industrials,Auto Manufacturing,,2026-09-24,nasdaq_screener,
SEVN,Seven Hills Realty Trust Common Stock,164260394.0,7.25,22656606.068965517,Real Estate,Real Estate Investment Trusts,,2026-09-24,nasdaq_screener,
SEZL,Sezzle Inc. Common Stock,3599522246.0,106.89,33675013.99569651,Finance,Finance: Consumer Services,,2026-09-24,nasdaq_screener,
SF,Stifel Financial Corporation Common Stock,10861554727.0,71.93,151001734.0052829,Finance,Investment Bankers/Brokers/Service,,2026-09-24,nasdaq_screener,
SFBC,Sound Financial Bancorp Inc. Common Stock,121725238.0,47.4,2568042.995780591,Finance,Savings Institutions,,2026-09-24,nasdaq_screener,
SFBS,ServisFirst Bancshares Inc. Common Stock,4501734473.0,41.17,109345019.99028419,Finance,Major Banks,,2026-09-24,nasdaq_screener,
SFD,Smithfield Foods Inc. Common Stock,7454017469.0,18.93,393767431.00898045,Consumer Staples,Meat/Poultry/Fish,2025,2026-09-24,nasdaq_screener,
SFHG,Samfine Creation Holdings Group Limited Class A Ordinary Share,9094400.0,2.24,4059999.9999999995,Consumer Discretionary,Publishing,2024,2026-09-24,nasdaq_screener,
SFIX,Stitch Fix Inc. Class A Common Stock,376260914.0,2.82,133425856.0283688,Consumer Discretionary,Catalog/Specialty Distribution,2017,2026-09-24,nasdaq_screener,
SFL,SFL Corporation Ltd,1691668212.0,12.72,132992783.96226415,Consumer Discretionary,Marine Transportation,,2026-09-24,nasdaq_screener,
SFM,Sprouts Farmers Market Inc. Common Stock,6160870584.0,66.07,93247625.00378388,Consumer Staples,Food Chains,2013,2026-09-24,nasdaq_screener,
SFNC,Simmons First National Corporation Class A Common Stock,3307920630.0,22.89,144513788.99082568,Finance,Major Banks,,2026-09-24,nasdaq_screener,
SFST,Southern First Bancshares Inc. Common Stock,566884537.0,59.85,9471755.004177108,Finance,Major Banks,,2026-09-24,nasdaq_screener,
SFWL,Shengfeng Development Limited Class A Ordinary Shares,46638592.0,8.48,5499833.96226415,Industrials,Trucking Freight/Courier Services,2023,2026-09-24,nasdaq_screener,
SG,Sweetgreen Inc. Class A Common Stock,917808539.0,7.71,119041315.0453956,Consumer Discretionary,Restaurants,2021,2026-09-24,nasdaq_screener,
SGA,Saga Communications Inc. Class A Common Stock (FL),55250916.0,8.69,6357988.032220944,Consumer Discretionary,Broadcasting,,2026-09-24,nasdaq_screener,
SGC,Superior Group of Companies Inc. Common Stock,199793369.0,12.53,15945201.037509976,Consumer Discretionary,Apparel,,2026-09-24,nasdaq_screener,
SGHC,Super Group (SGHC) Limited Ordinary Shares,6112163760.0,12.03,508076788.0299252,Consumer Discretionary,Services-Misc. Amusement & Recreation,2022,2026-09-24,nasdaq_screener,
SGHT,Sight Sciences Inc. Common Stock,468247915.0,8.5,55087990.0,Health Care,Medical/Dental Instruments,2021,2026-09-24,nasdaq_screener,
SGI,Somnigroup International Inc. Common Stock,14475137875.0,62.87,230239189.99522826,Consumer Discretionary,Home Furnishings,,2026-09-24,nasdaq_screener,
SGLD,Scorpio Gold Corporation American Depositary Shares ,69405922.0,4.01,17308209.975062344,,,,2026-09-24,nasdaq_screener,
SGLY,Singularity Future Technology Ltd. Common Stock,5619940.0,1.04,5403788.461538461,Industrials,Integrated Freight & Logistics,2008,2026-09-24,nasdaq_screener,
SGML,Sigma Lithium Corporation Common Shares,1141442694.0,10.14,112568313.01775147,Basic Materials,Metal Mining,,2026-09-24,nasdaq_screener,
SGMT,Sagimet Biosciences Inc. Series A Common Stock,641779877.0,10.42,61591159.02111325,Health Care,Biotechnology: Pharmaceutical Preparations,2023,2026-09-24,nasdaq_screener,
SGP,SpyGlass Pharma Inc. Common Stock,941895089.0,28.16,33447979.01278409,Health Care,Medical/Dental Instruments,2026,2026-09-24,nasdaq_screener,
SGRX,SANGRIX INC. Class A Ordinary Shares,3131737.0,1.59,1969645.9119496855,Finance,Finance: Consumer Services,2019,2026-09-24,nasdaq_screener,
SGRY,Surgery Partners Inc. Common Stock,1906169866.0,14.56,130918260.02747253,Health Care,Hospital/Nursing Management,2015,2026-09-24,nasdaq_screener,
SGU,Star Group L.P. Common Stock,419655453.0,12.79,32811216.028146993,Consumer Discretionary,Other Specialty Stores,,2026-09-24,nasdaq_screener,
SHAK,Shake Shack Inc. Class A Common Stock,2502453905.0,58.47,42798938.00239439,Consumer Discretionary,Restaurants,2015,2026-09-24,nasdaq_screener,
SHAZ,SharonAI Holdings Inc. Class A Common Stock,2066936344.0,57.73,35803505.00606271,Technology,EDP Services,,2026-09-24,nasdaq_screener,
SHBI,Shore Bancshares Inc Common Stock,758885556.0,22.74,33372275.989445914,Finance,Major Banks,,2026-09-24,nasdaq_screener,
SHC,Sotera Health Company Common Stock,5219505001.0,18.29,285374795.0246036,Health Care,Misc Health and Biotechnology Services,2020,2026-09-24,nasdaq_screener,
SHEN,Shenandoah Telecommunications Co Common Stock,645178981.0,12.09,53364679.9834574,Telecommunications,Telecommunications Equipment,,2026-09-24,nasdaq_screener,
SHFS,SHF Holdings Inc. Class A Common Stock,2044804.0,0.1658,12332955.367913147,Finance,Finance: Consumer Services,2021,2026-09-24,nasdaq_screener,
SHIM,Shimmick Corporation Common Stock,141368515.0,3.42,41335823.099415205,Industrials,Military/Government/Technical,2023,2026-09-24,nasdaq_screener,
SHIP,Seanergy Maritime Holdings Corp. Common Stock,380493557.0,17.56,21668198.006833714,Consumer Discretionary,Marine Transportation,,2026-09-24,nasdaq_screener,
SHLS,Shoals Technologies Group Inc. Class A Common Stock,1297592615.0,7.71,168299950.06485084,Technology,Semiconductors,2021,2026-09-24,nasdaq_screener,
SHMD,SCHMID Group N.V. Class A Ordinary Shares,224328763.0,3.68,60958902.98913043,Technology,Industrial Machinery/Components,,2026-09-24,nasdaq_screener,
SHO,Sunstone Hotel Investors Inc. Sunstone Hotel Investors Inc. Common Shares,2050961669.0,11.03,185943940.9791478,Consumer Discretionary,Hotels/Resorts,2004,2026-09-24,nasdaq_screener,
SHOE,Shoe Station Group Inc. Common Stock,356379815.0,13.11,27183815.026697177,Consumer Discretionary,Clothing/Shoe/Accessory Stores,,2026-09-24,nasdaq_screener,
SHOO,Steven Madden Ltd. Common Stock,3175885923.0,43.4,73177095.0,Consumer Discretionary,Shoe Manufacturing,1993,2026-09-24,nasdaq_screener,
SHOP,Shopify Inc. Class A Subordinate Voting Shares,184445741299.0,142.34,1295811025.0035126,Technology,Computer Software: Prepackaged Software,,2026-09-24,nasdaq_screener,
SHOT,RMG ML Sports Holdings Class A Ordinary Shares,0.0,9.8501,,,,2026,2026-09-24,nasdaq_screener,
SHPH,Shuttle Pharmaceuticals Holdings Inc. Common Stock,3687698.0,3.59,1027213.9275766017,Health Care,Biotechnology: Pharmaceutical Preparations,2022,2026-09-24,nasdaq_screener,
SHW,Sherwin-Williams Company (The) Common Stock,79250825975.0,326.46,242758150.99859095,Consumer Discretionary,RETAIL: Building Materials,,2026-09-24,nasdaq_screener,
SI,Shoulder Innovations Inc. Common Stock,361625283.0,17.37,20818956.99481865,Health Care,Medical/Dental Instruments,2025,2026-09-24,nasdaq_screener,
SIBN,SI-BONE Inc. Common Stock,833625495.0,18.6,44818575.0,Health Care,Medical/Dental Instruments,2018,2026-09-24,nasdaq_screener,
SID,Companhia Siderurgica Nacional S.A. Common Stock,1511747100.0,1.14,1326093947.368421,Industrials,Steel/Iron Ore,,2026-09-24,nasdaq_screener,
SIDU,Sidus Space Inc. Class A Common Stock,203462905.0,2.01,101225325.87064677,Telecommunications,Telecommunications Equipment,2021,2026-09-24,nasdaq_screener,
SIEB,Siebert Financial Corp. Common Stock,89600040.0,2.18,41100935.77981651,Finance,Investment Bankers/Brokers/Service,,2026-09-24,nasdaq_screener,
SIF,SIFCO Industries Inc. Common Stock,134213587.0,21.46,6254128.005591799,Industrials,Aerospace,1969,2026-09-24,nasdaq_screener,
SIFY,Sify Technologies Limited American Depositary Shares,994527264.0,13.73,72434615.00364166,Technology,Computer Software: Programming Data Processing,,2026-09-24,nasdaq_screener,
SIG,Signet Jewelers Limited Common Shares,3836322369.0,100.12,38317242.99840192,Consumer Discretionary,Consumer Specialties,,2026-09-24,nasdaq_screener,
SIGA,SIGA Technologies Inc. Common Stock,227763600.0,3.17,71849716.08832808,Health Care,Biotechnology: Pharmaceutical Preparations,,2026-09-24,nasdaq_screener,
SIGI,Selective Insurance Group Inc. Common Stock,5142602043.0,86.33,59569118.99687247,Finance,Property-Casualty Insurers,,2026-09-24,nasdaq_screener,
SII,Sprott Inc. Common Shares,3233772000.0,125.34,25800000.0,Finance,Finance: Consumer Services,2020,2026-09-24,nasdaq_screener,
SILC,Silicom Ltd Ordinary Shares,279218942.0,48.58,5747610.9921778515,Telecommunications,Computer Communications Equipment,,2026-09-24,nasdaq_screener,
SILO,Silo Pharma Inc. Common Stock,3103253.0,1.77,1753250.2824858758,Health Care,Biotechnology: Pharmaceutical Preparations,,2026-09-24,nasdaq_screener,
SIMA,SIM Acquisition Corp. I Class A Ordinary Shares,0.0,10.93,,Miscellaneous,Industrial Machinery/Components,2024,2026-09-24,nasdaq_screener,
SIND,Sinda Ltd. Common Stock,2264358020.0,14.26,158790884.9929874,Basic Materials,Precious Metals,2026,2026-09-24,nasdaq_screener,
SINT,SiNtx Technologies Inc. Common Stock,11862871.0,1.78,6664534.269662921,Health Care,Medical/Dental Instruments,2014,2026-09-24,nasdaq_screener,
SION,Sionna Therapeutics Inc. Common Stock,249120318.0,5.51,45212398.91107078,Health Care,Biotechnology: Pharmaceutical Preparations,2025,2026-09-24,nasdaq_screener,
SIRI,SiriusXM Holdings Inc. Common Stock,8858117895.0,26.28,337066890.98173517,Consumer Discretionary,Broadcasting,,2026-09-24,nasdaq_screener,
SITC,SITE Centers Corp. Common Stock,155851757.0,2.97,52475339.057239056,Real Estate,Real Estate Investment Trusts,,2026-09-24,nasdaq_screener,
SITE,SiteOne Landscape Supply Inc. Common Stock,4093565920.0,93.77,43655389.99680068,Consumer Discretionary,Professional and commerical equipment,2016,2026-09-24,nasdaq_screener,
SITM,SiTime Corporation Common Stock,18310554531.0,608.91,30071036.000394147,Technology,Semiconductors,2019,2026-09-24,nasdaq_screener,
SJ,Scienjoy Holding Corporation Class A Ordinary Shares ,28874682.0,0.68,42462767.64705882,Technology,EDP Services,2019,2026-09-24,nasdaq_screener,
SJM,The J.M. Smucker Company Common Stock,13076225831.0,122.41,106823182.99975492,Consumer Staples,Packaged Foods,,2026-09-24,nasdaq_screener,
SJT,San Juan Basin Royalty Trust Common Stock,140758564.0,3.02,46608796.02649006,Energy,Oil & Gas Production,,2026-09-24,nasdaq_screener,
SKE,Skeena Resources Limited Common Shares,3955839089.0,31.53,125462705.01110053,Basic Materials,Precious Metals,2021,2026-09-24,nasdaq_screener,
SKIL,Skillsoft Corp. Class A Common Stock,53874628.0,5.92,9100443.918918919,Technology,Computer Software: Prepackaged Software,2019,2026-09-24,nasdaq_screener,
SKIN,SkinHealth Systems Inc. Class A Common Stock,88066254.0,0.6767,130140762.52401361,Health Care,Medical/Dental Instruments,2020,2026-09-24,nasdaq_screener,
SKK,SKK Holdings Limited Class A Ordinary Shares,13240973.0,4.15,3190595.9036144577,Industrials,Water Sewer Pipeline Comm & Power Line Construction,2024,2026-09-24,nasdaq_screener,
SKM,SK Telecom Co. Ltd. Common Stock,13751343000.0,35.85,383580000.0,Telecommunications,Telecommunications Equipment,,2026-09-24,nasdaq_screener,
SKT,Tanger Inc. Common Stock,4035698884.0,35.13,114878989.01224025,Real Estate,Real Estate Investment Trusts,1993,2026-09-24,nasdaq_screener,
SKWD,Skyward Specialty Insurance Group Inc. Common Stock,2434703676.0,54.84,44396492.99781182,Finance,Property-Casualty Insurers,2023,2026-09-24,nasdaq_screener,
SKY,Champion Homes Inc. Common Stock,4638780252.0,85.46,54280134.0042125,Consumer Discretionary,Homebuilding,,2026-09-24,nasdaq_screener,
SKYA,SkyAI Inc. Common Stock,78277986.0,1.81,43247506.07734807,Health Care,Medical/Dental Instruments,2022,2026-09-24,nasdaq_screener,
SKYE,Skye Bioscience Inc. Common Stock,7969819.0,1.8,4427677.222222222,Health Care,Biotechnology: Pharmaceutical Preparations,,2026-09-24,nasdaq_screener,
SKYH,Sky Harbour Group Corporation Class A Common Stock,812213605.0,9.95,81629508.04020101,Finance,Real Estate,2022,2026-09-24,nasdaq_screener,
SKYQ,Sky Quarry Inc. Common Stock,22436811.0,2.54,8833390.157480314,Industrials,Environmental Services,2024,2026-09-24,nasdaq_screener,
SKYW,SkyWest Inc. Common Stock,3854487823.0,99.27,38828325.002518386,Consumer Discretionary,Air Freight/Delivery Services,1986,2026-09-24,nasdaq_screener,
SKYX,SKYX Platforms Corp. Common Stock,167934433.0,1.24,135430994.3548387,Consumer Discretionary,Building Products,2022,2026-09-24,nasdaq_screener,
SLAB,Silicon Laboratories Inc. Common Stock,7382395871.0,221.25,33366760.998870056,Technology,Semiconductors,2000,2026-09-24,nasdaq_screener,
SLB,SLB Limited Common Shares,76982509392.0,51.87,1484143231.0005784,Energy,Oilfield Services/Equipment,,2026-09-24,nasdaq_screener,
SLBT,SL Science Holding Limited Ordinary Shares,930861197.0,1.66,560759757.2289157,Health Care,Biotechnology: Biological Products (No Diagnostic Substances),,2026-09-24,nasdaq_screener,
SLDB,Solid Biosciences Inc. Common Stock,859946409.0,8.02,107225238.0299252,Health Care,Biotechnology: Biological Products (No Diagnostic Substances),2018,2026-09-24,nasdaq_screener,
SLDE,Slide Insurance Holdings Inc. Common Stock,2681997068.0,22.96,116811718.98954703,Finance,Property-Casualty Insurers,2025,2026-09-24,nasdaq_screener,
SLDP,Solid Power Inc. Class A Common Stock,536225848.0,2.35,228181211.9148936,Miscellaneous,Industrial Machinery/Components,2021,2026-09-24,nasdaq_screener,
SLE,Super League Enterprise Inc. Common Stock,13008879.0,5.26,2473170.9125475287,Technology,EDP Services,2019,2026-09-24,nasdaq_screener,
SLF,Sun Life Financial Inc. Common Stock,44526909728.0,79.96,556864804.002001,Finance,Life Insurance,,2026-09-24,nasdaq_screener,
SLG,SL Green Realty Corp Common Stock,3541078352.0,49.98,70849907.00280112,Real Estate,Real Estate Investment Trusts,1997,2026-09-24,nasdaq_screener,
SLGB,Smart Logistics Global Limited Class A Ordinary Shares,13738500.0,0.3053,45000000.0,Industrials,Integrated Freight & Logistics,2025,2026-09-24,nasdaq_screener,
SLGL,Sol-Gel Technologies Ltd. Ordinary Shares,195490480.0,59.71,3273998.995143192,Health Care,Biotechnology: Pharmaceutical Preparations,2018,2026-09-24,nasdaq_screener,
SLGN,Silgan Holdings Inc. Common Stock,3926087043.0,37.15,105682020.0,Industrials,Containers/Packaging,2022,2026-09-24,nasdaq_screener,
SLI,Standard Lithium Ltd. Common Shares,528118107.0,2.14,246784162.1495327,Industrials,Major Chemicals,2021,2026-09-24,nasdaq_screener,
SLM,SLM Corporation Common Stock,4437427678.0,23.61,187946957.98390514,Finance,Finance: Consumer Services,,2026-09-24,nasdaq_screener,
SLMT,Brera Holdings PLC Class B Ordinary Shares,42605968.0,3.87,11009294.056847544,Consumer Discretionary,Services-Misc. Amusement & Recreation,2023,2026-09-24,nasdaq_screener,
SLN,Silence Therapeutics Plc American Depository Share,538668000.0,11.51,46800000.0,Health Care,Biotechnology: Pharmaceutical Preparations,,2026-09-24,nasdaq_screener,
SLND,Southland Holdings Inc. Common Stock,33216394.0,0.6102,54435257.292690925,Industrials,Military/Government/Technical,,2026-09-24,nasdaq_screener,
SLNG,Stabilis Solutions Inc. Common Stock,97444617.0,5.24,18596300.954198472,Utilities,Oil/Gas Transmission,,2026-09-24,nasdaq_screener,
SLNH,Soluna Holdings Inc. Common Stock,305910538.0,1.24,246702046.77419356,Technology,EDP Services,,2026-09-24,nasdaq_screener,
SLP,Simulations Plus Inc. Common Stock,372541516.0,18.42,20224838.00217155,Technology,EDP Services,,2026-09-24,nasdaq_screener,
SLQT,SelectQuote Inc. Common Stock,77602434.0,0.4329,179261801.8018018,Finance,Specialty Insurers,2020,2026-09-24,nasdaq_screener,
SLS,SELLAS Life Sciences Group Inc. Common Stock,2326414568.0,11.52,201945709.0277778,Health Care,Biotechnology: Pharmaceutical Preparations,,2026-09-24,nasdaq_screener,
SLSN,Solesence Inc. Common Stock,57930577.0,0.82,70647045.12195122,Consumer Discretionary,Package Goods/Cosmetics,,2026-09-24,nasdaq_screener,
SLSR,Solaris Resources Inc. Common Shares,1205995068.0,7.22,167035327.97783935,,,2024,2026-09-24,nasdaq_screener,
SLVM,Sylvamo Corporation Common Stock,1456815304.0,36.64,39760243.01310044,Basic Materials,Paper,2021,2026-09-24,nasdaq_screener,
SLXN,Silexion Therapeutics Corp Ordinary Shares,1814826.0,0.3153,5755870.599429115,Health Care,Biotechnology: Biological Products (No Diagnostic Substances),,2026-09-24,nasdaq_screener,
SM,SM Energy Company Common Stock,8160773073.0,34.31,237854067.9976683,Energy,Oil & Gas Production,,2026-09-24,nasdaq_screener,
SMA,SmartStop Self Storage REIT Inc. Common Stock,1754086847.0,31.68,55368902.99873737,Real Estate,Real Estate Investment Trusts,2025,2026-09-24,nasdaq_screener,
SMBC,Southern Missouri Bancorp Inc. Common Stock,785577191.0,71.33,11013278.999018647,Finance,Banks,,2026-09-24,nasdaq_screener,
SMBK,SmartFinancial Inc. Common Stock,853555772.0,49.92,17098472.996794872,Finance,Major Banks,,2026-09-24,nasdaq_screener,
SMC,Summit Midstream Corporation Common Stock,636658465.0,31.35,20308085.00797448,Utilities,Natural Gas Distribution,2012,2026-09-24,nasdaq_screener,
SMCI,Super Micro Computer Inc. Common Stock,27224645513.0,41.44,656965384.0009652,Technology,Computer Manufacturing,2020,2026-09-24,nasdaq_screener,
SMG,Scotts Miracle-Gro Company (The) Common Stock,3075777075.0,52.83,58220273.99204998,Industrials,Agricultural Chemicals,1992,2026-09-24,nasdaq_screener,
SMHI,SEACOR Marine Holdings Inc. Common Stock ,239582854.0,8.83,27132826.047565117,Consumer Discretionary,Marine Transportation,2017,2026-09-24,nasdaq_screener,
SMID,Smith-Midland Corporation Common Stock,128212327.0,24.17,5304605.999172527,Industrials,Building Materials,,2026-09-24,nasdaq_screener,
SMJF,SMJ International Holdings Inc. Class A Ordinary Shares,44328000.0,1.6,27705000.0,Consumer Discretionary,RETAIL: Building Materials,2025,2026-09-24,nasdaq_screener,
SMMT,Summit Therapeutics Inc. Common Stock ,13122980953.0,16.45,797749602.0060791,Health Care,Biotechnology: Pharmaceutical Preparations,2015,2026-09-24,nasdaq_screener,
SMP,Standard Motor Products Inc. Common Stock,833516332.0,37.31,22340293.004556417,Consumer Discretionary,Auto Parts:O.E.M.,,2026-09-24,nasdaq_screener,
SMPL,The Simply Good Foods Company Common Stock,848336627.0,9.59,88460545.04692388,Consumer Staples,Packaged Foods,,2026-09-24,nasdaq_screener,
SMR,NuScale Power Corporation Class A Common Stock,3729998001.0,8.68,429723272.00460833,Industrials,Metal Fabrications,2022,2026-09-24,nasdaq_screener,
SMRT,SmartRent Inc. Class A Common Stock,222269687.0,1.16,191611799.13793105,Technology,EDP Services,,2026-09-24,nasdaq_screener,
SMSI,Smith Micro Software Inc. Common Stock,14924980.0,2.67,5589880.149812735,Technology,Computer Software: Prepackaged Software,1995,2026-09-24,nasdaq_screener,
SMTC,Semtech Corporation Common Stock,15802828251.0,169.33,93325626.00248036,Technology,Semiconductors,,2026-09-24,nasdaq_screener,
SMTI,Sanara MedTech Inc. Common Stock,322959430.0,35.15,9188034.992887625,Health Care,Industrial Specialties,,2026-09-24,nasdaq_screener,
SMTK,SmartKem Inc. Common Stock,1740142.0,1.68,1035798.8095238096,Technology,Semiconductors,,2026-09-24,nasdaq_screener,
SMWB,Similarweb Ltd. Ordinary Shares,746172158.0,8.58,86966451.98135199,Technology,Computer Software: Programming Data Processing,2021,2026-09-24,nasdaq_screener,
SMX,SMX (Security Matters) Public Limited Company Ordinary Shares,10494181.0,9.64,1088607.9875518673,Technology,Industrial Machinery/Components,,2026-09-24,nasdaq_screener,
SMXT,Solarmax Technology Inc. Common Stock,11571005.0,2.44,4742215.163934426,Consumer Discretionary,Engineering & Construction,2024,2026-09-24,nasdaq_screener,
SN,SharkNinja Inc. Ordinary Shares,23735447796.0,168.49,140871551.99715117,Consumer Discretionary,Consumer Electronics/Appliances,2023,2026-09-24,nasdaq_screener,
SNA,Snap-On Incorporated Common Stock,19151967661.0,370.25,51727124.0,Consumer Discretionary,Industrial Machinery/Components,,2026-09-24,nasdaq_screener,
SNAL,Snail Inc. Class A Common Stock,23822457.0,2.66,8955810.90225564,Technology,Computer Software: Prepackaged Software,2022,2026-09-24,nasdaq_screener,
SNAP,Snap Inc. Class A Common Stock,8946435896.0,5.29,1691197711.9092627,Technology,Computer Software: Programming Data Processing,2017,2026-09-24,nasdaq_screener,
SND,Smart Sand Inc. Common Stock,214963239.0,5.07,42399060.94674556,Industrials,Mining & Quarrying of Nonmetallic Minerals (No Fuels),2016,2026-09-24,nasdaq_screener,
SNDA,Sonida Senior Living Inc. Common Stock,1814772582.0,37.77,48047989.99205718,Health Care,Hospital/Nursing Management,,2026-09-24,nasdaq_screener,
SNDK,Sandisk Corporation Common Stock,265980364647.0,1816.57,146419001.00023672,Technology,Electronic Components,,2026-09-24,nasdaq_screener,
SNDL,SNDL Inc. Common Shares,344569180.0,1.4,246120842.85714287,Health Care, Medicinal Chemicals and Botanical Products ,2019,2026-09-24,nasdaq_screener,
SNDR,Schneider National Inc. Common Stock,5648194966.0,32.22,175300899.00682807,Industrials,Trucking Freight/Courier Services,2017,2026-09-24,nasdaq_screener,
SNDX,Syndax Pharmaceuticals Inc. Common Stock,1575200597.0,17.64,89297085.99773243,Health Care,Biotechnology: Pharmaceutical Preparations,2016,2026-09-24,nasdaq_screener,
SNES,SenesTech Inc. Common Stock,4227109.0,0.7794,5423542.468565564,Industrials,Agricultural Chemicals,2016,2026-09-24,nasdaq_screener,
SNEX,StoneX Group Inc. Common Stock,8175402298.0,67.78,120616734.99557391,Finance,Investment Bankers/Brokers/Service,,2026-09-24,nasdaq_screener,
SNFCA,Security National Financial Corporation Class A Common Stock,235992231.0,8.62,27377288.979118332,Finance,Finance: Consumer Services,,2026-09-24,nasdaq_screener,
SNGX,Soligenix Inc. Common Stock,8381886.0,0.3851,21765479.096338615,Health Care,Biotechnology: Pharmaceutical Preparations,,2026-09-24,nasdaq_screener,
SNN,Smith & Nephew SNATS Inc. Common Stock,11229763686.0,26.82,418708563.98210293,Health Care,Industrial Specialties,,2026-09-24,nasdaq_screener,
SNOA,Sonoma Pharmaceuticals Inc. Common Stock,5985531.0,1.25,4788424.8,Health Care,Medical/Dental Instruments,2007,2026-09-24,nasdaq_screener,
SNOW,Snowflake Inc. Common Stock,118120968000.0,334.81,352800000.0,Technology,Computer Software: Prepackaged Software,2020,2026-09-24,nasdaq_screener,
SNPS,Synopsys Inc. Common Stock,79157432997.0,413.06,191636646.00058103,Technology,Computer Software: Prepackaged Software,1992,2026-09-24,nasdaq_screener,
SNSC,SunScout Holding Limited Class A Ordinary Shares,48006000.0,1.26,38100000.0,Technology,Semiconductors,2026,2026-09-24,nasdaq_screener,
SNT,Senstar Technologies Corporation Common Shares,35872416.0,1.5375,23331652.682926826,Telecommunications,Telecommunications Equipment,,2026-09-24,nasdaq_screener,
SNTG,Sentage Holdings Inc. Class A Ordinary Shares,4740999.0,1.69,2805324.852071006,Finance,Finance: Consumer Services,2021,2026-09-24,nasdaq_screener,
SNTI,Senti Biosciences Holdings Inc. Common Stock,10526927.0,0.338,31144754.43786982,Health Care,Biotechnology: Biological Products (No Diagnostic Substances),2021,2026-09-24,nasdaq_screener,
SNWV,SANUWAVE Health Inc. Common Stock,40473864.0,4.705,8602309.032943677,Health Care,Medical/Dental Instruments,,2026-09-24,nasdaq_screener,
SNX,TD SYNNEX Corporation Common Stock,23019325113.0,287.89,79958751.99902742,Technology,Retail: Computer Software & Peripheral Equipment,2003,2026-09-24,nasdaq_screener,
SO,Southern Company (The) Common Stock,96020796772.0,83.47,1150362965.9997604,Utilities,Electric Utilities: Central,,2026-09-24,nasdaq_screener,
SOAR,Volato Group Inc. Class A Common Stock,9836338.0,0.1834,53633249.727371864,Consumer Discretionary,Transportation Services,2022,2026-09-24,nasdaq_screener,
SOBO,South Bow Corporation Common Shares,7171139476.0,34.38,208584626.99243745,Energy,Natural Gas Distribution,2024,2026-09-24,nasdaq_screener,
SOC,Sable Offshore Corp. Common Stock,796258724.0,4.15,191869572.04819277,Energy,Oil & Gas Production,2021,2026-09-24,nasdaq_screener,
SOCA,Solarius Capital Acquisition Corp. Class A Ordinary Share,0.0,10.35,,,,2025,2026-09-24,nasdaq_screener,
SOFI,SoFi Technologies Inc. Common Stock  ,21375488862.0,16.55,1291570323.9879153,Finance,Finance: Consumer Services,,2026-09-24,nasdaq_screener,
SOLS,Solstice Advanced Materials Inc. Common Stock ,9209970455.0,57.98,158847369.006554,Industrials,Major Chemicals,,2026-09-24,nasdaq_screener,
SOLV,Solventum Corporation Common Stock,15042670932.0,88.37,170223729.00305533,Health Care,Medical/Dental Instruments,2024,2026-09-24,nasdaq_screener,
SON,Sonoco Products Company Common Stock,5006041402.0,50.63,98875003.00217262,Consumer Discretionary,Containers/Packaging,,2026-09-24,nasdaq_screener,
SONM,DNA X Inc. Common Stock,5372796.0,3.6101,1488267.9150162046,Utilities,Telecommunications Equipment,2019,2026-09-24,nasdaq_screener,
SONO,Sonos Inc. Common Stock,2022827041.0,17.1,118293979.00584795,Consumer Staples,Consumer Electronics/Appliances,2018,2026-09-24,nasdaq_screener,
SOPH,SOPHiA GENETICS SA Ordinary Shares,687832826.0,8.08,85127825.0,Technology,EDP Services,2021,2026-09-24,nasdaq_screener,
SOR,Source Capital Inc. Cmn Shs of BI,380591870.0,45.61,8344483.008112256,Finance,Investment Managers,,2026-09-24,nasdaq_screener,
SORA,AsiaStrategy Ordinary Shares,55695360.0,2.24,24863999.999999996,Industrials,Other Specialty Stores,2025,2026-09-24,nasdaq_screener,
SORN,Soren Acquisition Corp. Class A Ordinary Shares,0.0,10.01,,Finance,Blank Checks,2026,2026-09-24,nasdaq_screener,
SOS,SOS Limited Class A Ordinary Shares,6257858.0,0.3444,18170319.396051105,Finance,Investment Bankers/Brokers/Service,,2026-09-24,nasdaq_screener,
SOTK,Sono-Tek Corporation Common Stock,76383274.0,4.86,15716723.045267489,Technology,Industrial Machinery/Components,,2026-09-24,nasdaq_screener,
SOUL,Soulpower Acquisition Corporation Class A Ordinary Shares,0.0,10.47,,Consumer Discretionary,Publishing,2025,2026-09-24,nasdaq_screener,
SOUN,SoundHound AI Inc Class A Common Stock,2890838145.0,6.01,481004683.0282862,Technology,Computer Software: Prepackaged Software,,2026-09-24,nasdaq_screener,
SOWG,Sow Good Inc. Common Stock,50249733.0,2.5,20099893.2,Consumer Staples,Packaged Foods,,2026-09-24,nasdaq_screener,
SPAI,Safe Pro Group Inc. Common Stock,92243765.0,4.53,20362862.030905075,Technology,Computer Software: Prepackaged Software,2024,2026-09-24,nasdaq_screener,
SPB,Spectrum Brands Holdings Inc. Common Stock,1988659142.0,86.48,22995595.99907493,Miscellaneous,Industrial Machinery/Components,,2026-09-24,nasdaq_screener,
SPCB,SuperCom Ltd. Ordinary Shares (Israel),60229535.0,9.59,6280452.033368092,Technology,Semiconductors,,2026-09-24,nasdaq_screener,
SPCE,Virgin Galactic Holdings Inc. Common Stock,472979217.0,3.12,151595902.8846154,Consumer Discretionary,Transportation Services,2017,2026-09-24,nasdaq_screener,
SPCX,Space Exploration Technologies Corp. Class A Common Stock,2013663816285.0,148.36,13572821624.999998,Technology,Computer Software: Programming Data Processing,2026,2026-09-24,nasdaq_screener,
SPEG,Silver Pegasus Acquisition Corp Class A Ordinary Shares,0.0,10.39,,,,2025,2026-09-24,nasdaq_screener,
SPFI,South Plains Financial Inc. Common Stock,811965426.0,43.1,18839105.011600927,Finance,Major Banks,2019,2026-09-24,nasdaq_screener,
SPG,Simon Property Group Inc. Common Stock,66056277302.0,204.16,323551514.99804074,Real Estate,Real Estate Investment Trusts,,2026-09-24,nasdaq_screener,
SPGI,S&P Global Inc. Common Stock,119836200000.0,406.5,294800000.0,Finance,Finance: Consumer Services,,2026-09-24,nasdaq_screener,
SPH,Suburban Propane Partners L.P. Common Stock,1105424253.0,16.57,66712387.02474351,Consumer Discretionary,Other Specialty Stores,1996,2026-09-24,nasdaq_screener,
SPHL,Springview Holdings Ltd Class A Ordinary Shares,28276126.0,2.306,12261980.052038161,Consumer Discretionary,Homebuilding,2024,2026-09-24,nasdaq_screener,
SPHR,Sphere Entertainment Co. Class A Common Stock,4880300055.0,135.89,35913606.99830746,Consumer Discretionary,Services-Misc. Amusement & Recreation,2020,2026-09-24,nasdaq_screener,
SPIR,Spire Global Inc. Class A Common Stock,495999150.0,12.21,40622371.007371,Consumer Discretionary,Telecommunications Equipment,2020,2026-09-24,nasdaq_screener,
SPKL,Spark I Acquisition Corp. Class A Ordinary Share,0.0,11.605,,,,2023,2026-09-24,nasdaq_screener,
SPMC,Sound Point Meridian Capital Inc. Common Stock,0.0,8.4001,,,,2024,2026-09-24,nasdaq_screener,
SPNT,SiriusPoint Ltd. Common Shares,2952914707.0,25.42,116165016.01101494,Finance,Property-Casualty Insurers,2013,2026-09-24,nasdaq_screener,
SPOK,Spok Holdings Inc. Common Stock,217548625.0,10.4,20918137.019230768,Telecommunications,Telecommunications Equipment,,2026-09-24,nasdaq_screener,
SPOT,Spotify Technology S.A. Ordinary Shares,105056921781.0,510.4,205832527.00039187,Consumer Discretionary,Broadcasting,2018,2026-09-24,nasdaq_screener,
SPPL,SIMPPLE LTD. Ordinary Shares,21236019.0,2.17,9786183.870967742,Consumer Discretionary,Diversified Commercial Services,2023,2026-09-24,nasdaq_screener,
SPRB,Spruce Biosciences Inc. Common Stock,142019352.0,49.415,2874012.992006476,Health Care,Biotechnology: Pharmaceutical Preparations,2020,2026-09-24,nasdaq_screener,
SPRC,SciSparc Ltd. Ordinary Shares,2910675.0,5.01,580973.0538922156,Health Care,Biotechnology: Pharmaceutical Preparations,,2026-09-24,nasdaq_screener,
SPRO,Spero Therapeutics Inc. Common Stock,73375882.0,1.26,58234826.984126985,Health Care,Biotechnology: Pharmaceutical Preparations,2017,2026-09-24,nasdaq_screener,
SPRU,Spruce Power Holding Corporation Class A Common Stock,36964197.0,1.92,19252185.9375,Utilities,Electric Utilities: Central,2019,2026-09-24,nasdaq_screener,
SPRY,ARS Pharmaceuticals Inc. Common Stock,415689894.0,4.18,99447343.06220096,Health Care,Biotechnology: Pharmaceutical Preparations,2020,2026-09-24,nasdaq_screener,
SPSC,SPS Commerce Inc. Common Stock,2926454144.0,81.29,36000173.99434125,Technology,Computer Software: Prepackaged Software,2010,2026-09-24,nasdaq_screener,
SPT,Sprout Social Inc Class A Common Stock,603195470.0,9.955,60592211.953792065,Technology,Computer Software: Prepackaged Software,2019,2026-09-24,nasdaq_screener,
SPTX,Seaport Therapeutics Inc. Common Stock,1139665410.0,21.29,53530550.023485206,Health Care,Biotechnology: Pharmaceutical Preparations,2026,2026-09-24,nasdaq_screener,
SPWH,Sportsman's Warehouse Holdings Inc. Common Stock,48535417.0,1.24,39141465.32258064,Consumer Discretionary,Other Specialty Stores,2014,2026-09-24,nasdaq_screener,
SPWR,SunPower Inc. Common Stock,96090104.0,0.3,320300346.6666667,Technology,Semiconductors,,2026-09-24,nasdaq_screener,
SPXC,SPX Technologies Inc. Common Stock,8694905296.0,173.6,50085860.0,Industrials,Industrial Machinery/Components,,2026-09-24,nasdaq_screener,
SQFT,Presidio Property Trust Inc. Class A Common Stock,1965172.0,1.37,1434432.116788321,Real Estate,Real Estate Investment Trusts,2020,2026-09-24,nasdaq_screener,
SQM,Sociedad Quimica y Minera S.A. Common Stock,19731859777.0,69.08,285637808.00521135,Industrials,Mining & Quarrying of Nonmetallic Minerals (No Fuels),1993,2026-09-24,nasdaq_screener,
SR,Spire Inc. Common Stock,4574740134.0,77.39,59112807.003488824,Utilities,Oil/Gas Transmission,,2026-09-24,nasdaq_screener,
SRAD,Sportradar Group AG Class A Ordinary Shares,4105844484.0,13.17,311757364.00911164,Technology,Computer Software: Programming Data Processing,2021,2026-09-24,nasdaq_screener,
SRBK,SR Bancorp Inc. Common stock,152657009.0,19.24,7934355.977130977,Finance,Banks,2023,2026-09-24,nasdaq_screener,
SRCE,1st Source Corporation Common Stock,2032024478.0,84.38,24081826.00142214,Finance,Major Banks,,2026-09-24,nasdaq_screener,
SRE,DBA Sempra Common Stock,51658127492.0,79.0,653900348.0,Utilities,Natural Gas Distribution,,2026-09-24,nasdaq_screener,
SRFM,Surf Air Mobility Inc. Common Stock,109289146.0,0.8839,123644242.56137572,Consumer Discretionary,Transportation Services,2023,2026-09-24,nasdaq_screener,
SRG,Seritage Growth Properties Class A Common Stock,104200523.0,1.85,56324607.027027026,Finance,Real Estate,2015,2026-09-24,nasdaq_screener,
SRI,Stoneridge Inc. Common Stock,199660118.0,7.0,28522874.0,Consumer Discretionary,Auto Parts:O.E.M.,1997,2026-09-24,nasdaq_screener,
SRL,Scully Royalty Ltd.,79633816.0,5.23,15226351.051625237,Industrials,Precious Metals,,2026-09-24,nasdaq_screener,
SRPT,Sarepta Therapeutics Inc. Common Stock (DE),2001632048.0,18.95,105627021.00263853,Health Care,Biotechnology: Pharmaceutical Preparations,,2026-09-24,nasdaq_screener,
SRRK,Scholar Rock Holding Corporation Common Stock,6070996308.0,49.85,121785282.00601806,Health Care,Biotechnology: Biological Products (No Diagnostic Substances),2018,2026-09-24,nasdaq_screener,
SRTA,Strata Critical Medical Inc. Class A Common Stock,475951416.0,5.38,88466805.94795538,Health Care,Medical/Nursing Services,2019,2026-09-24,nasdaq_screener,
SRTS,Sensus Healthcare Inc. Common Stock,49880039.0,3.03,16462059.075907592,Health Care,Medical/Dental Instruments,2016,2026-09-24,nasdaq_screener,
SRXH,SRX Global Inc. Common Stock,34451165.0,1.7,20265391.17647059,Consumer Staples,Beverages (Production/Distribution),2021,2026-09-24,nasdaq_screener,
SRZN,Surrozen Inc. Common Stock,189937497.0,16.16,11753557.982673267,Health Care,Biotechnology: Biological Products (No Diagnostic Substances),,2026-09-24,nasdaq_screener,
SSAC,SPACSphere Acquisition Corp. Class A Ordinary Shares,0.0,10.11,,Finance,Blank Checks,2026,2026-09-24,nasdaq_screener,
SSB,SouthState Bank Corporation Common Stock,9854552145.0,101.62,96974533.99921274,Finance,Major Banks,,2026-09-24,nasdaq_screener,
SSBI,Summit State Bank Common Stock,82337082.0,12.3386,6673130.014750458,Finance,Major Banks,2006,2026-09-24,nasdaq_screener,
SSD,Simpson Manufacturing Company Inc. Common Stock,7173139044.0,175.02,40984682.002056904,Consumer Discretionary,Industrial Machinery/Components,,2026-09-24,nasdaq_screener,
SSEA,Starry Sea Acquisition Corp	Ordinary Shares,0.0,10.39,,Finance,Blank Checks,2025,2026-09-24,nasdaq_screener,
SSII,SS Innovations International Inc. Common Stock,623198703.0,3.11,200385435.0482315,Health Care,Medical/Dental Instruments,,2026-09-24,nasdaq_screener,
SSM,Sono Group N.V. Ordinary Shares,1667056.0,1.17,1424834.1880341882,Technology,Semiconductors,,2026-09-24,nasdaq_screener,
SSMR,Sunshine Silver Mining & Refining Company Common Stock,2260819465.0,15.73,143726602.98792118,Basic Materials,Precious Metals,2026,2026-09-24,nasdaq_screener,
SSNC,SS&C Technologies Holdings Inc. Common Stock,18706696281.0,79.72,234654995.99849474,Technology,Computer Software: Prepackaged Software,2010,2026-09-24,nasdaq_screener,
SSP,E.W. Scripps Company (The) Class A Common Stock,279860353.0,3.02,92668991.05960265,Industrials,Broadcasting,,2026-09-24,nasdaq_screener,
SSRM,SSR Mining Inc. Common Stock,7401908026.0,36.3,203909312.0110193,Industrials,Precious Metals,,2026-09-24,nasdaq_screener,
SST,System1 Inc. Class A Common Stock,32934358.0,3.14,10488649.044585986,Technology,Computer Software: Programming Data Processing,2020,2026-09-24,nasdaq_screener,
SSTI,SoundThinking Inc. Common Stock,74770327.0,5.68,13163789.964788733,Technology,Computer Software: Prepackaged Software,2017,2026-09-24,nasdaq_screener,
SSTK,Shutterstock Inc. Common Stock,158875041.0,4.3,36947683.95348837,Technology,EDP Services,2012,2026-09-24,nasdaq_screener,
SSYS,Stratasys Ltd. Ordinary Shares (Israel),691965488.0,8.03,86172538.9788294,Technology,Computer peripheral equipment,1994,2026-09-24,nasdaq_screener,
ST,Sensata Technologies Holding plc Ordinary Shares,6041193632.0,41.51,145535862.00915444,Industrials,Industrial Machinery/Components,2010,2026-09-24,nasdaq_screener,
STAA,STAAR Surgical Company Common Stock,992850883.0,19.8,50143983.98989899,Health Care,Ophthalmic Goods,,2026-09-24,nasdaq_screener,
STAG,Stag Industrial Inc. Common Stock,7101130757.0,36.83,192808328.9980994,Real Estate,Real Estate Investment Trusts,2011,2026-09-24,nasdaq_screener,
STAK,STAK Inc. Class A Ordinary Shares,18057728.0,0.94,19210348.936170213,Consumer Discretionary,Oil and Gas Field Machinery,2025,2026-09-24,nasdaq_screener,
STBA,S&T Bancorp Inc. Common Stock,1731535657.0,49.1,35265491.99592668,Finance,Major Banks,,2026-09-24,nasdaq_screener,
STC,Stewart Information Services Corporation Common Stock,1891765894.0,61.98,30522198.999677315,Finance,Specialty Insurers,,2026-09-24,nasdaq_screener,
STDN,Standard Nuclear Inc. Class A Common Stock,2011677202.0,12.85,156550755.01945525,Basic Materials,Major Chemicals,2026,2026-09-24,nasdaq_screener,
STE,STERIS plc (Ireland) Ordinary Shares,20473073098.0,209.98,97500110.00095248,Health Care,Industrial Specialties,,2026-09-24,nasdaq_screener,
STEM,Stem Inc. Class A Common Stock,36774162.0,3.82,9626743.979057591,Technology,EDP Services,2020,2026-09-24,nasdaq_screener,
STEP,StepStone Group Inc. Class A Common Stock,5434070360.0,45.03,120676667.9991117,Finance,Investment Managers,2020,2026-09-24,nasdaq_screener,
STEX,Streamex Corp. Common Stock,97120511.0,0.8339,116465416.7166327,Finance,Finance: Consumer Services,,2026-09-24,nasdaq_screener,
STFS,Star Fashion Culture Holdings Limited Class A Ordinary Shares,10890776.0,3.41,3193775.953079179,Consumer Discretionary,Advertising,2024,2026-09-24,nasdaq_screener,
STGW,Stagwell Inc. Class A Common Stock,2073151824.0,8.48,244475450.9433962,Consumer Discretionary,Advertising,,2026-09-24,nasdaq_screener,
STHO,Star Holdings Shares of Beneficial Interest,108611184.0,8.99,12081333.036707452,Real Estate,Real Estate,,2026-09-24,nasdaq_screener,
STI,Solidion Technology Inc. Common Stock,57376077.0,6.74,8512771.068249257,Miscellaneous,Industrial Machinery/Components,2022,2026-09-24,nasdaq_screener,
STIM,Neuronetics Inc. Common Stock,219447999.0,2.88,76197221.875,Health Care,Medical/Dental Instruments,2018,2026-09-24,nasdaq_screener,
STKE,Sol Strategies Inc. Common Shares,60414925.0,1.53,39486879.08496732,,,,2026-09-24,nasdaq_screener,
STKS,The ONE Group Hospitality Inc. Common Stock,51969999.0,1.64,31689023.780487806,Consumer Discretionary,Restaurants,,2026-09-24,nasdaq_screener,
STLA,Stellantis N.V. Common Shares,13386372366.0,4.62,2897483196.103896,Industrials,Auto Manufacturing,2014,2026-09-24,nasdaq_screener,
STLD,Steel Dynamics Inc.,33580337738.0,234.29,143328088.00204876,Industrials,Steel/Iron Ore,1996,2026-09-24,nasdaq_screener,
STLN,Starling Oncology Inc. Common Stock,695067904.0,6.82,101916114.95601173,Health Care,Medical/Nursing Services,2020,2026-09-24,nasdaq_screener,
STM,STMicroelectronics N.V. Common Stock,46822921559.0,52.46,892545206.9958063,Technology,Semiconductors,,2026-09-24,nasdaq_screener,
STN,Stantec Inc Common Stock,7944411008.0,70.68,112399702.99943405,Consumer Discretionary,Military/Government/Technical,,2026-09-24,nasdaq_screener,
STNE,StoneCo Ltd. Class A Common Shares,2341322190.0,9.49,246714667.01791358,Technology,EDP Services,2018,2026-09-24,nasdaq_screener,
STNG,Scorpio Tankers Inc. Common Shares,4205726688.0,81.25,51762790.006153844,Consumer Discretionary,Marine Transportation,2010,2026-09-24,nasdaq_screener,
STOK,Stoke Therapeutics Inc. Common Stock,1684780179.0,26.11,64526242.014553815,Health Care,Biotechnology: Pharmaceutical Preparations,2019,2026-09-24,nasdaq_screener,
STRA,Strategic Education Inc. Common Stock,1737519416.0,78.24,22207558.997955013,Real Estate,Other Consumer Services,1996,2026-09-24,nasdaq_screener,
STRL,Sterling Infrastructure Inc. Common Stock,15661321216.0,512.0,30588518.0,Industrials,Military/Government/Technical,,2026-09-24,nasdaq_screener,
STRO,Sutro Biopharma Inc. Common Stock,260821820.0,15.73,16581171.010807374,Health Care,Biotechnology: Biological Products (No Diagnostic Substances),2018,2026-09-24,nasdaq_screener,
STRR,Star Equity Holdings Inc. Common Stock,38093086.0,10.325,3689403.002421308,Consumer Discretionary,Professional Services,,2026-09-24,nasdaq_screener,
STRT,STRATTEC SECURITY CORPORATION Common Stock,266916171.0,66.98,3985013.0038817553,Consumer Discretionary,Auto Parts:O.E.M.,,2026-09-24,nasdaq_screener,
STRW,Strawberry Fields REIT Inc. Common Stock,192539770.0,13.6,14157336.029411765,Real Estate,Real Estate Investment Trusts,2023,2026-09-24,nasdaq_screener,
STRZ,Starz Entertainment Corp. Common Shares,400876843.0,23.41,17124170.995301154,Consumer Discretionary,Movies/Entertainment,,2026-09-24,nasdaq_screener,
STT,State Street Corporation Common Stock,49432582612.0,179.95,274701765.00138927,Finance,Major Banks,,2026-09-24,nasdaq_screener,
STTK,Shattuck Labs Inc. Common Stock,638310289.0,6.36,100363252.98742138,Health Care,Biotechnology: Pharmaceutical Preparations,2020,2026-09-24,nasdaq_screener,
STUB,StubHub Holdings Inc. Class A Common Stock,2028897719.0,5.31,382089965.913371,Consumer Discretionary,Services-Misc. Amusement & Recreation,2025,2026-09-24,nasdaq_screener,
STVN,Stevanato Group S.p.A. Ordinary Shares,5921450123.0,21.69,273003694.0064546,Health Care,Medical/Dental Instruments,2021,2026-09-24,nasdaq_screener,
STWD,STARWOOD PROPERTY TRUST INC. Starwood Property Trust Inc.,5441483565.0,14.7,370168950.0,Real Estate,Real Estate Investment Trusts,2009,2026-09-24,nasdaq_screener,
STX,Seagate Technology Holdings PLC Ordinary Shares (Ireland),211303920527.0,923.86,228718551.00015154,Technology,Electronic Components,2002,2026-09-24,nasdaq_screener,
STXS,Stereotaxis Inc. Common Stock,132266875.0,1.32,100202178.03030303,Health Care,Biotechnology: Electromedical & Electrotherapeutic Apparatus,,2026-09-24,nasdaq_screener,
STZ,Constellation Brands Inc. Common Stock,19907642051.0,116.57,170778433.99674016,Consumer Staples,Beverages (Production/Distribution),,2026-09-24,nasdaq_screener,
SU,Suncor Energy  Inc. Common Stock,79511421024.0,67.98,1169629612.0035303,Energy,Integrated oil Companies,,2026-09-24,nasdaq_screener,
SUGP,SU Group Holdings Limited Class A Ordinary Shares,1115556.0,0.4795,2326498.4358706987,Consumer Discretionary,Diversified Commercial Services,2024,2026-09-24,nasdaq_screener,
SUI,Sun Communities Inc. Common Stock,13680683490.0,112.32,121800956.99786325,Real Estate,Real Estate Investment Trusts,1993,2026-09-24,nasdaq_screener,
SUIG,Sui Group Holdings Limited Common Stock,112900222.0,1.47,76802872.10884354,Finance,Finance: Consumer Services,,2026-09-24,nasdaq_screener,
SUJA,Suja Life Inc. Class A Common Stock,311703847.0,8.07,38625012.01982652,Consumer Staples,Beverages (Production/Distribution),2026,2026-09-24,nasdaq_screener,
SUMA,SUMA Acquisition Corporation Class A Ordinary Shares,0.0,9.95,,,,2026,2026-09-24,nasdaq_screener,
SUNB,Sunbelt Rentals Holdings Inc. Common Stock,30232454101.0,73.78,409764897.0046083,Consumer Discretionary,Diversified Commercial Services,2026,2026-09-24,nasdaq_screener,
SUNE,SUNation Energy Inc. Common Stock,16738688.0,2.57,6513108.171206226,Consumer Discretionary,Engineering & Construction,,2026-09-24,nasdaq_screener,
SUNS,Sunrise Realty Trust Inc. Common Stock,99341505.0,7.35,13515851.020408165,Real Estate,Real Estate Investment Trusts,,2026-09-24,nasdaq_screener,
SUPN,Supernus Pharmaceuticals Inc. Common Stock,2522131094.0,43.39,58127012.998386726,Health Care,Biotechnology: Pharmaceutical Preparations,2012,2026-09-24,nasdaq_screener,
SUPX,SuperX AI Technology Limited Ordinary Shares,315048540.0,7.29,43216534.979423866,,,2024,2026-09-24,nasdaq_screener,
SURG,SurgePays Inc. Common Stock,7978590.0,0.1508,52908421.75066313,Consumer Discretionary,Advertising,,2026-09-24,nasdaq_screener,
SVAQ,Silicon Valley Acquisition Corp. Class A Ordinary Shares,0.0,10.1,,Finance,Blank Checks,2026,2026-09-24,nasdaq_screener,
SVC,Service Properties Trust Common Shares of Beneficial Interest,848287146.0,6.55,129509487.9389313,Real Estate,Real Estate Investment Trusts,,2026-09-24,nasdaq_screener,
SVCC,Stellar V Capital Corp. Class A Ordinary Shares,0.0,10.66,,,,2025,2026-09-24,nasdaq_screener,
SVCO,Silvaco Group Inc. Common Stock,279896361.0,8.26,33885757.990314774,Technology,Computer Software: Prepackaged Software,2024,2026-09-24,nasdaq_screener,
SVIA,Silvia Inc. Common Stock,339771073.0,4.03,84310439.9503722,Finance,Finance: Consumer Services,2025,2026-09-24,nasdaq_screener,
SVIV,Spring Valley Acquisition Corp. IV Class A Ordinary Shares,0.0,10.15,,Finance,Blank Checks,2026,2026-09-24,nasdaq_screener,
SVM,Silvercorp Metals Inc. Common Shares,2546180529.0,11.51,221214641.96351,Basic Materials,Precious Metals,,2026-09-24,nasdaq_screener,
SVRA,Savara Inc. Common Stock,1027300075.0,5.0,205460015.0,Health Care,Biotechnology: Pharmaceutical Preparations,,2026-09-24,nasdaq_screener,
SVRN,SVRN Inc. Common Stock,61057811.0,32.55,1875816.0061443935,Consumer Discretionary,Marine Transportation,,2026-09-24,nasdaq_screener,
SVV,Savers Value Village Inc. Common Stock,1389847776.0,9.01,154256134.96115428,Consumer Discretionary,Other Specialty Stores,2023,2026-09-24,nasdaq_screener,
SW,Smurfit WestRock plc Ordinary Shares,24385069993.0,46.49,524522908.0017208,Consumer Discretionary,Containers/Packaging,2024,2026-09-24,nasdaq_screener,
SWAG,Stran & Company Inc. Common Stock,28704967.0,1.54,18639588.961038962,Consumer Discretionary,Advertising,2021,2026-09-24,nasdaq_screener,
SWBI,Smith & Wesson Brands Inc. Common Stock,626858726.0,13.98,44839679.97138769,Industrials,Ordnance And Accessories,,2026-09-24,nasdaq_screener,
SWIM,Latham Group Inc. Common Stock,745876185.0,6.34,117646085.96214512,Industrials,Plastic Products,2021,2026-09-24,nasdaq_screener,
SWK,Stanley Black & Decker Inc. Common Stock,13857286978.0,91.76,151016640.99825633,Consumer Discretionary,Industrial Machinery/Components,,2026-09-24,nasdaq_screener,
SWKS,Skyworks Solutions Inc. Common Stock,13760735914.0,91.45,150472782.00109348,Technology,Semiconductors,,2026-09-24,nasdaq_screener,
SWMR,Swarmer Inc Common Stock,362406948.0,22.74,15936981.002638524,Technology,Computer Software: Prepackaged Software,2026,2026-09-24,nasdaq_screener,
SWRD,Stewards Inc Common Stock,510982910.0,2.42,211149962.80991736,Finance,Finance Companies,,2026-09-24,nasdaq_screener,
SWVL,Swvl Holdings Corp Class A Common Shares,114899127.0,3.83,29999772.062663186,Consumer Discretionary,Business Services,,2026-09-24,nasdaq_screener,
SWX,Southwest Gas Holdings Inc. Common Stock (DE),5965191536.0,82.34,72445852.9997571,Utilities,Oil & Gas Production,,2026-09-24,nasdaq_screener,
SXC,SunCoke Energy Inc. Common Stock,844504758.0,9.95,84874850.05025126,Industrials,Steel/Iron Ore,2011,2026-09-24,nasdaq_screener,
SXI,Standex International Corporation Common Stock,3400860473.0,276.91,12281464.999458307,Industrials,Industrial Machinery/Components,,2026-09-24,nasdaq_screener,
SXT,Sensient Technologies Corporation Common Stock,5484218197.0,128.85,42562810.99728367,Industrials,Major Chemicals,,2026-09-24,nasdaq_screener,
SXTC,China SXT Pharmaceuticals Inc. Class A Ordinary Shares,3316905.0,2.51,1321476.09561753,Health Care,Biotechnology: Pharmaceutical Preparations,2019,2026-09-24,nasdaq_screener,
SXTP,60 Degrees Pharmaceuticals Inc. Common Stock,4079706.0,1.16,3516987.931034483,Health Care,Biotechnology: Pharmaceutical Preparations,2023,2026-09-24,nasdaq_screener,
SY,So-Young International Inc. American Depository Shares,284858166.0,2.84,100302171.12676057,Technology,EDP Services,2019,2026-09-24,nasdaq_screener,
SYBT,Stock Yards Bancorp Inc. Common Stock,2398966172.0,77.22,31066642.994042996,Finance,Major Banks,,2026-09-24,nasdaq_screener,
SYF,Synchrony Financial Common Stock,26293306917.0,70.67,372057547.9977359,Finance,Finance: Consumer Services,2014,2026-09-24,nasdaq_screener,
SYK,Stryker Corporation Common Stock,104868870776.0,273.4,383573045.99853694,Health Care,Medical/Dental Instruments,,2026-09-24,nasdaq_screener,
SYM,Symbotic Inc. Class A Common Stock,26423786623.0,43.69,604801708.0109866,Industrials,Industrial Machinery/Components,2021,2026-09-24,nasdaq_screener,
SYNA,Synaptics Incorporated Common Stock $0.001 Par Value,3893825715.0,98.1,39692412.9969419,Technology,Semiconductors,2002,2026-09-24,nasdaq_screener,
SYNX,Silynxcom Ltd. Ordinary Shares,6236374.0,0.94,6634440.425531915,Consumer Staples,Consumer Electronics/Appliances,2024,2026-09-24,nasdaq_screener,
SYPR,Sypris Solutions Inc. Common Stock,40756786.0,1.77,23026432.768361583,Industrials,Industrial Machinery/Components,,2026-09-24,nasdaq_screener,
SYRE,Spyre Therapeutics Inc. Common Stock,7774280596.0,88.17,88173762.0052172,Health Care,Biotechnology: Pharmaceutical Preparations,2016,2026-09-24,nasdaq_screener,
SYY,Sysco Corporation Common Stock,37946242874.0,77.14,491913959.99481463,Consumer Discretionary,Food Distributors,,2026-09-24,nasdaq_screener,
SZZL,Sizzle Acquisition Corp. II Class A ordinary shares,0.0,10.48,,Finance,Blank Checks,2025,2026-09-24,nasdaq_screener,
T,AT&T Inc.,173365356945.0,25.3,6852385650.0,Telecommunications,Telecommunications Equipment,,2026-09-24,nasdaq_screener,
TAC,TransAlta Corporation Ordinary Shares,3776200000.0,11.95,316000000.0,Utilities,Electric Utilities: Central,,2026-09-24,nasdaq_screener,
TACH,Titan Acquisition Corp. Class A Ordinary Shares,0.0,10.51,,Finance,Blank Checks,2025,2026-09-24,nasdaq_screener,
TACO,Berto Acquisition Corp. Ordinary Shares,380821324.0,10.45,36442231.96172249,Finance,Blank Checks,2025,2026-09-24,nasdaq_screener,
TACT,TransAct Technologies Incorporated Common Stock,51725600.0,5.01,10324471.057884231,Technology,Computer peripheral equipment,1996,2026-09-24,nasdaq_screener,
TALO,Talos Energy Inc. Common Stock,2764948150.0,16.56,166965467.9951691,Energy,Oil & Gas Production,2018,2026-09-24,nasdaq_screener,
TANH,Tantech Holdings Ltd. Class A Common Shares,9647499.0,14.45,667646.9896193772,Industrials,Major Chemicals,2015,2026-09-24,nasdaq_screener,
TAOP,Taoping Inc. Ordinary Shares ,6086078.0,0.6371,9552782.922618113,Technology,Computer Software: Prepackaged Software,,2026-09-24,nasdaq_screener,
TAOX,Tao Synergies Inc. Common Stock,32365022.0,4.325,7483242.080924856,Finance,Finance: Consumer Services,,2026-09-24,nasdaq_screener,
TAP,Molson Coors Beverage Company Class B Common Stock,6827943026.0,36.62,186453932.98743856,Consumer Staples,Beverages (Production/Distribution),,2026-09-24,nasdaq_screener,
TARA,Protara Therapeutics Inc.  Common Stock,209198028.0,3.54,59095488.13559322,Health Care,Biotechnology: Biological Products (No Diagnostic Substances),2014,2026-09-24,nasdaq_screener,
TARS,Tarsus Pharmaceuticals Inc. Common Stock,3476154502.0,74.29,46791688.00646116,Health Care,Biotechnology: Biological Products (No Diagnostic Substances),2020,2026-09-24,nasdaq_screener,
TASK,TaskUs Inc. Class A Common Stock,771087847.0,8.41,91687021.04637337,Technology,EDP Services,2021,2026-09-24,nasdaq_screener,
TATT,TAT Technologies Ltd. Ordinary Shares,495566339.0,38.17,12983136.99240241,Industrials,Aerospace,,2026-09-24,nasdaq_screener,
TAVI,Tavia Acquisition Corp. Ordinary Shares,0.0,10.76,,Finance,Blank Checks,2024,2026-09-24,nasdaq_screener,
TAYD,Taylor Devices Inc. Common Stock,202810951.0,62.88,3225364.9968193383,Industrials,Industrial Machinery/Components,,2026-09-24,nasdaq_screener,
TBBB,BBB Foods Inc. Class A Common Shares,6096750318.0,51.73,117857149.00444616,Consumer Staples,Food Chains,2024,2026-09-24,nasdaq_screener,
TBBK,The Bancorp Inc Common Stock,2020578518.0,49.54,40786809.002826,Finance,Major Banks,2004,2026-09-24,nasdaq_screener,
TBCH,Turtle Beach Corporation Common Stock,228707009.0,12.77,17909710.96319499,Telecommunications,Telecommunications Equipment,,2026-09-24,nasdaq_screener,
TBI,TrueBlue Inc. Common Stock,298659015.0,9.81,30444344.036697246,Consumer Discretionary,Professional Services,,2026-09-24,nasdaq_screener,
TBLA,Taboola.com Ltd. Ordinary Shares,857193564.0,3.4,252115754.11764705,Technology,Computer Software: Programming Data Processing,,2026-09-24,nasdaq_screener,
TBN,Tamboran Resources Corporation Common stock,1246465293.0,35.76,34856411.996644296,Energy,Oil & Gas Production,2024,2026-09-24,nasdaq_screener,
TCBI,Texas Capital Bancshares Inc. Common Stock,4093981329.0,94.17,43474369.002867155,Finance,Major Banks,2003,2026-09-24,nasdaq_screener,
TCBK,TriCo Bancshares Common Stock,1644363447.0,51.44,31966629.996111978,Finance,Major Banks,,2026-09-24,nasdaq_screener,
TCBS,Texas Community Bancshares Inc. Common Stock,48836646.0,17.0001,2872726.983958918,Finance,Banks,2021,2026-09-24,nasdaq_screener,
TCBX,Third Coast Bancshares Inc. Common Stock,714997862.0,42.93,16654969.997670626,Finance,Banks,,2026-09-24,nasdaq_screener,
TCGX,TCGX Acquisition Corp. Class A Ordinary Shares,0.0,14.73,,,,2026,2026-09-24,nasdaq_screener,
TCI,Transcontinental Realty Investors Inc. Common Stock,364645985.0,41.56,8773964.99037536,Real Estate,Real Estate Investment Trusts,,2026-09-24,nasdaq_screener,
TCMD,Tactile Systems Technology Inc. Common Stock,508090775.0,22.43,22652286.000891663,Health Care,Medical/Dental Instruments,2016,2026-09-24,nasdaq_screener,
TCRT,Alaunos Therapeutics Inc. Common Stock,2928666.0,1.15,2546666.086956522,Health Care,Biotechnology: Pharmaceutical Preparations,,2026-09-24,nasdaq_screener,
TCRX,TScan Therapeutics Inc. Common Stock,23114971.0,0.364,63502667.582417585,Health Care,Biotechnology: Biological Products (No Diagnostic Substances),2021,2026-09-24,nasdaq_screener,
TCX,Tucows Inc. Class A Common Stock,117300355.0,10.49,11182112.011439467,Technology,EDP Services,,2026-09-24,nasdaq_screener,
TD,Toronto Dominion Bank (The) Common Stock,195640985770.0,119.41,1638397000.0,Finance,Commercial Banks,,2026-09-24,nasdaq_screener,
TDAC,Translational Development Acquisition Corp. Ordinary Shares,0.0,10.88,,,,2025,2026-09-24,nasdaq_screener,
TDAY,USA TODAY Co. Inc. Common Stock,938166643.0,6.39,146817941.00156495,Consumer Discretionary,Newspapers/Magazines,2014,2026-09-24,nasdaq_screener,
TDC,Teradata Corporation Common Stock,2716530000.0,29.21,93000000.0,Technology,Computer Software: Prepackaged Software,,2026-09-24,nasdaq_screener,
TDG,Transdigm Group Incorporated Common Stock,61096037552.0,1105.28,55276525.0,Industrials,Military/Government/Technical,2006,2026-09-24,nasdaq_screener,
TDIC,Dreamland Limited Class A Ordinary Shares,6692319.0,1.92,3485582.8125,Consumer Discretionary,Other Consumer Services,2025,2026-09-24,nasdaq_screener,
TDOC,Teladoc Health Inc. Common Stock,1113723049.0,6.13,181684021.0440457,Health Care,Medical/Nursing Services,2015,2026-09-24,nasdaq_screener,
TDS,Telephone and Data Systems Inc. Common Shares,4193093000.0,36.43,115100000.0,Telecommunications,Telecommunications Equipment,,2026-09-24,nasdaq_screener,
TDTH,Trident Digital Tech Holdings Ltd Class B Ordinary Shares,16150724.0,1.87,8636750.802139036,Consumer Discretionary,Business Services,2024,2026-09-24,nasdaq_screener,
TDUP,ThredUp Inc. Class A Common Stock,299440722.0,2.28,131333650.00000001,Consumer Discretionary,Catalog/Specialty Distribution,2021,2026-09-24,nasdaq_screener,
TDW,Tidewater Inc. Common Stock,4274557805.0,85.91,49756230.99755558,Consumer Discretionary,Marine Transportation,2017,2026-09-24,nasdaq_screener,
TDWD,Tailwind 2.0 Acquisition Corp. Class A Ordinary Shares,0.0,10.13,,Finance,Blank Checks,2025,2026-09-24,nasdaq_screener,
TDY,Teledyne Technologies Incorporated Common Stock,28789190717.0,621.05,46355673.00056356,Industrials,Industrial Machinery/Components,,2026-09-24,nasdaq_screener,
TE,T1 Energy Inc. Common Stock,1189685161.0,4.04,294476525.0,Technology,Semiconductors,2021,2026-09-24,nasdaq_screener,
TEAD,Teads Holding Co. Common Stock,44256808.0,0.4513,98065162.86284068,Technology,Computer Software: Programming Data Processing,2021,2026-09-24,nasdaq_screener,
TEAM,Atlassian Corporation Class A Common Stock,49382320030.0,195.08,253138814.99897477,Technology,Computer Software: Prepackaged Software,2015,2026-09-24,nasdaq_screener,
TECH,Bio-Techne Corp Common Stock,11372458620.0,72.52,156818238.00330943,Health Care,Biotechnology: Biological Products (No Diagnostic Substances),,2026-09-24,nasdaq_screener,
TECK,Teck Resources Ltd Ordinary Shares,32701461044.0,66.8,489542830.0,Industrials,Mining & Quarrying of Nonmetallic Minerals (No Fuels),,2026-09-24,nasdaq_screener,
TECX,Tectonic Therapeutic Inc. Common Stock,488343163.0,24.98,19549366.01281025,Health Care,Biotechnology: Biological Products (No Diagnostic Substances),2018,2026-09-24,nasdaq_screener,
TEL,TE Connectivity plc Ordinary Shares,62068740951.0,214.39,289513228.0003732,Technology,Electronic Components,,2026-09-24,nasdaq_screener,
TELA,TELA Bio Inc. Common Stock,58686433.0,1.3,45143410.0,Health Care,Medical/Dental Instruments,2019,2026-09-24,nasdaq_screener,
TELO,Telomir Pharmaceuticals Inc. Common Stock,83905446.0,1.22,68774955.73770492,Health Care,Biotechnology: Pharmaceutical Preparations,2024,2026-09-24,nasdaq_screener,
TEM,Tempus AI Inc. Class A Common Stock,13905385911.0,76.59,181556154.99412456,Technology,Computer Software: Programming Data Processing,2024,2026-09-24,nasdaq_screener,
TEN,Tsakos Energy Navigation Ltd Common Shares,1415997341.0,47.0,30127603.0,Consumer Discretionary,Marine Transportation,,2026-09-24,nasdaq_screener,
TENB,Tenable Holdings Inc. Common Stock,3990371584.0,36.23,110139982.99751589,Technology,Computer Software: Prepackaged Software,2018,2026-09-24,nasdaq_screener,
TENX,Tenax Therapeutics Inc. Common Stock,71105442.0,1.9,37423916.84210526,Health Care,Biotechnology: Pharmaceutical Preparations,,2026-09-24,nasdaq_screener,
TEO,Telecom Argentina SA,6021711676.0,13.98,430737602.0028612,Telecommunications,Telecommunications Equipment,,2026-09-24,nasdaq_screener,
TER,Teradyne Inc. Common Stock,60838439455.0,389.14,156340750.0,Industrials,Electrical Products,,2026-09-24,nasdaq_screener,
TEVA,Teva Pharmaceutical Industries Limited Ordinary Shares,45458200237.0,39.01,1165296084.0041015,Health Care,Biotechnology: Pharmaceutical Preparations,,2026-09-24,nasdaq_screener,
TEX,Terex Corporation Common Stock,6653403000.0,58.21,114300000.0,Industrials,Construction/Ag Equipment/Trucks,,2026-09-24,nasdaq_screener,
TFC,Truist Financial Corporation Common Stock,57416430836.0,47.0,1221626188.0,Finance,Major Banks,,2026-09-24,nasdaq_screener,
TFII,TFI International Inc. Common Shares,10270466274.0,124.96,82190031.00192063,Industrials,Trucking Freight/Courier Services,,2026-09-24,nasdaq_screener,
TFIN,Triumph Financial Inc. Common Stock,1466407736.0,61.37,23894537.00505133,Finance,Major Banks,,2026-09-24,nasdaq_screener,
TFPM,Triple Flag Precious Metals Corp. Common Shares,6718759218.0,32.52,206603911.9926199,Industrials,Precious Metals,2022,2026-09-24,nasdaq_screener,
TFSL,TFS Financial Corporation Common Stock,4627305458.0,16.5,280442755.030303,Finance,Savings Institutions,2007,2026-09-24,nasdaq_screener,
TFX,Teleflex Incorporated Common Stock,5158839335.0,121.75,42372397.00205339,Health Care,Medical/Dental Instruments,,2026-09-24,nasdaq_screener,
TG,Tredegar Corporation Common Stock,244958590.0,7.01,34944164.051355205,Industrials,Metal Fabrications,,2026-09-24,nasdaq_screener,
TGB,Trekor Metals Limited Common Shares,3316171261.0,9.06,366023317.9911699,Basic Materials,Precious Metals,,2026-09-24,nasdaq_screener,
TGE,The Generation Essentials Group Class A Ordinary Shares,42062585.0,0.8629,48745607.83404798,Consumer Discretionary,Newspapers/Magazines,2025,2026-09-24,nasdaq_screener,
TGEN,Tecogen Inc. Common Stock,95091639.0,3.15,30187821.904761907,Industrials,Industrial Machinery/Components,2025,2026-09-24,nasdaq_screener,
TGHL,The GrowHub Limited Class A Ordinary Shares,20890053.0,0.8257,25299809.858302046,Technology,EDP Services,2025,2026-09-24,nasdaq_screener,
TGL,Treasure Global Inc. Common Stock,3987857.0,2.04,1954831.862745098,Consumer Discretionary,Business Services,2022,2026-09-24,nasdaq_screener,
TGLS,Tecnoglass Holdings Inc. Common Stock,1563409068.0,35.24,44364616.004540294,Consumer Discretionary,Electronic Components,2022,2026-09-24,nasdaq_screener,
TGS,Transportadora de Gas del Sur SA TGS Common Stock,4126636131.0,27.41,150552212.00291863,Utilities,Natural Gas Distribution,,2026-09-24,nasdaq_screener,
TGT,Target Corporation Common Stock,70988407967.0,156.26,454296735.99769616,Consumer Discretionary,Department/Specialty Retail Stores,,2026-09-24,nasdaq_screener,
TGTX,TG Therapeutics Inc. Common Stock,8571866968.0,56.0,153069053.0,Health Care,Biotechnology: Pharmaceutical Preparations,,2026-09-24,nasdaq_screener,
TH,Target Hospitality Corp. Common Stock,2112016568.0,21.2,99623423.01886792,Consumer Discretionary,Hotels/Resorts,2018,2026-09-24,nasdaq_screener,
THC,Tenet Healthcare Corporation Common Stock,20648292360.0,256.44,80519000.0,Health Care,Hospital/Nursing Management,,2026-09-24,nasdaq_screener,
THCH,TH International Limited Ordinary shares,42884221.0,1.29,33243582.170542635,Consumer Discretionary,Restaurants,,2026-09-24,nasdaq_screener,
THEO,BOA Acquisition Corp. II Class A Ordinary Shares,0.0,9.895,,Finance,Blank Checks,2026,2026-09-24,nasdaq_screener,
THFF,First Financial Corporation Common Stock,885946252.0,74.5,11891896.0,Finance,Major Banks,,2026-09-24,nasdaq_screener,
THG,Hanover Insurance Group Inc,7575835483.0,217.57,34820221.00013789,Finance,Property-Casualty Insurers,,2026-09-24,nasdaq_screener,
THH,TryHard Holdings Limited Ordinary Shares,7707123.0,1.54,5004625.324675324,Consumer Discretionary,Services-Misc. Amusement & Recreation,2025,2026-09-24,nasdaq_screener,
THM,International Tower Hill Mines Ltd. Ordinary Shares (Canada),735201299.0,2.81,261637472.95373666,Basic Materials,Metal Mining,,2026-09-24,nasdaq_screener,
THO,Thor Industries Inc. Common Stock,3732234444.0,72.31,51614361.00124464,Industrials,Homebuilding,,2026-09-24,nasdaq_screener,
THRM,Gentherm Inc Common Stock,1082362424.0,35.25,30705316.9929078,Consumer Discretionary,Auto Parts:O.E.M.,,2026-09-24,nasdaq_screener,
THRY,Thryv Holdings Inc. Common Stock,81767964.0,1.84,44439110.86956522,Consumer Discretionary,Advertising,,2026-09-24,nasdaq_screener,
TIC,TIC Solutions Inc. Common Stock,1948707779.0,8.93,218220355.99104145,Consumer Discretionary,Business Services,2025,2026-09-24,nasdaq_screener,
TIGO,Millicom International Cellular S.A. Common Stock,15397002185.0,91.9,167540828.99891186,Telecommunications,Telecommunications Equipment,,2026-09-24,nasdaq_screener,
TII,Titan Mining Corporation Common Shares,315747240.0,3.19,98980326.01880878,,,2025,2026-09-24,nasdaq_screener,
TIL,Instil Bio Inc. Common Stock,49067596.0,7.235,6781975.95024188,Health Care,Biotechnology: Biological Products (No Diagnostic Substances),2021,2026-09-24,nasdaq_screener,
TILE,Interface Inc. Common Stock,2019548072.0,34.94,57800459.98855181,Consumer Discretionary,Home Furnishings,,2026-09-24,nasdaq_screener,
TIPT,Tiptree Inc. Common Stock,644991465.0,17.32,37239691.974595845,Finance,Property-Casualty Insurers,,2026-09-24,nasdaq_screener,
TISI,Team Inc. Common Stock,132454740.0,28.9,4583208.996539793,Consumer Discretionary,Other Consumer Services,,2026-09-24,nasdaq_screener,
TITN,Titan Machinery Inc. Common Stock,569966765.0,24.22,23532896.985962015,Consumer Discretionary,Other Specialty Stores,2007,2026-09-24,nasdaq_screener,
TJGC,TJGC Group Limited Class A Ordinary Shares,235128535.0,23.28,10100022.981099656,Consumer Discretionary,Advertising,2025,2026-09-24,nasdaq_screener,
TJX,TJX Companies Inc. (The) Common Stock,144745586687.0,131.59,1099974061.000076,Consumer Discretionary,Clothing/Shoe/Accessory Stores,,2026-09-24,nasdaq_screener,
TK,Teekay Corporation Ltd. Common Stock,1173245753.0,13.52,86778532.02662723,Consumer Discretionary,Marine Transportation,,2026-09-24,nasdaq_screener,
TKC,Turkcell Iletisim Hizmetleri AS Common Stock,4540800000.0,5.16,880000000.0,Telecommunications,Telecommunications Equipment,,2026-09-24,nasdaq_screener,
TKNO,Alpha Teknova Inc. Common Stock,479436037.0,8.93,53688246.02463606,Health Care,Biotechnology: In Vitro & In Vivo Diagnostic Substances,2021,2026-09-24,nasdaq_screener,
TKO,TKO Group Holdings Inc. Class A Common Stock,35787117334.0,189.08,189269712.99978843,Consumer Discretionary,Services-Misc. Amusement & Recreation,2023,2026-09-24,nasdaq_screener,
TKR,Timken Company (The) Common Stock,8152080140.0,117.64,69296839.00034001,Industrials,Metal Fabrications,,2026-09-24,nasdaq_screener,
TLAC,Three Lions Acquisition Corp. Ordinary Shares,0.0,9.86,,,,2026,2026-09-24,nasdaq_screener,
TLF,Tandy Leather Factory Inc. Common Stock,21381316.0,2.61,8192075.095785441,Consumer Discretionary,Apparel,,2026-09-24,nasdaq_screener,
TLIH,Ten-League International Holdings Limited Ordinary Shares,16907501.0,5.75,2940434.9565217393,Consumer Discretionary,Industrial Specialties,2025,2026-09-24,nasdaq_screener,
TLK,PT Telekomunikasi Indonesia Tbk,13343680576.0,13.47,990622165.9985151,Telecommunications,Telecommunications Equipment,,2026-09-24,nasdaq_screener,
TLN,Talen Energy Corporation Common Stock,14390568548.0,300.34,47914258.99980023,Utilities,Electric Utilities: Central,,2026-09-24,nasdaq_screener,
TLNC,Talon Capital Corp. Class A Ordinary Shares,0.0,10.21,,Finance,Blank Checks,2025,2026-09-24,nasdaq_screener,
TLPH,Talphera Inc. Common Stock,60210723.0,1.16,51905795.68965518,Health Care,Biotechnology: Pharmaceutical Preparations,2011,2026-09-24,nasdaq_screener,
TLRY,Tilray Brands Inc. Common Stock ,607384600.0,4.11,147782141.1192214,Health Care, Medicinal Chemicals and Botanical Products ,2018,2026-09-24,nasdaq_screener,
TLS,Telos Corporation Common Stock,305673467.0,4.09,74736788.99755502,Technology,EDP Services,2020,2026-09-24,nasdaq_screener,
TLSA,Tiziana Life Sciences Ltd. Common Shares,133622088.0,1.05,127259131.42857142,Health Care,Biotechnology: Pharmaceutical Preparations,2018,2026-09-24,nasdaq_screener,
TLSI,TriSalus Life Sciences Inc. Common Stock,307873000.0,5.0,61574600.0,Health Care,Medical Specialities,2021,2026-09-24,nasdaq_screener,
TLYS,Tilly's Inc. Common Stock,126325404.0,4.13,30587264.891041163,Consumer Discretionary,Clothing/Shoe/Accessory Stores,2012,2026-09-24,nasdaq_screener,
TM,Toyota Motor Corporation Common Stock,248113928981.0,190.36,1303393197.00042,Industrials,Auto Manufacturing,,2026-09-24,nasdaq_screener,
TMC,TMC the metals company Inc. Common Stock,1793215734.0,4.065,441135481.9188191,Basic Materials,Metal Mining,,2026-09-24,nasdaq_screener,
TMCI,Treace Medical Concepts Inc. Common Stock,293305830.0,4.51,65034552.10643016,Health Care,Medical/Dental Instruments,2021,2026-09-24,nasdaq_screener,
TMCR,The Metals Royalty Company Inc. Common Stock,278676328.0,4.42,63048942.98642534,Basic Materials,Precious Metals,,2026-09-24,nasdaq_screener,
TMDE,TMD Energy Limited Ordinary Shares,16497857.0,0.7001,23565000.71418369,Energy,Oil Refining/Marketing,2025,2026-09-24,nasdaq_screener,
TMDX,TransMedics Group Inc. Common Stock,3016737615.0,87.0,34675145.0,Health Care,Biotechnology: Electromedical & Electrotherapeutic Apparatus,2019,2026-09-24,nasdaq_screener,
TMO,Thermo Fisher Scientific Inc Common Stock,245992869376.0,665.3,369747286.00030065,Industrials,Industrial Machinery/Components,,2026-09-24,nasdaq_screener,
TMP,Tompkins Financial Corporation Common Stock,1390683084.0,96.69,14382904.995345952,Finance,Major Banks,1997,2026-09-24,nasdaq_screener,
TMQ,Trilogy Metals Inc. Common Stock,571788065.0,3.31,172745638.97280967,Basic Materials,Precious Metals,,2026-09-24,nasdaq_screener,
TMS,Teamshares Inc. Common Stock,626114386.0,8.5,73660516.0,,,2025,2026-09-24,nasdaq_screener,
TMTS,Spartacus Acquisition Corp. II Class A Ordinary Shares,0.0,10.025,,,,2026,2026-09-24,nasdaq_screener,
TMUS,T-Mobile US Inc. Common Stock,177698779410.0,165.66,1072671613.0025353,Telecommunications,Telecommunications Equipment,,2026-09-24,nasdaq_screener,
TNC,Tennant Company Common Stock,1124401533.0,65.95,17049303.00227445,Industrials,Industrial Machinery/Components,,2026-09-24,nasdaq_screener,
TNDM,Tandem Diabetes Care Inc. Common Stock,1139699221.0,16.38,69578707.02075702,Health Care,Medical/Dental Instruments,2013,2026-09-24,nasdaq_screener,
TNET,TriNet Group Inc. Common Stock,2994825107.0,65.24,45904737.99816064,Consumer Discretionary,Business Services,2014,2026-09-24,nasdaq_screener,
TNGX,Tango Therapeutics Inc.,4122523473.0,24.45,168610366.99386504,Health Care,Biotechnology: Pharmaceutical Preparations,2020,2026-09-24,nasdaq_screener,
TNK,Teekay Tankers Ltd.,3275230335.0,94.54,34643857.99661519,Consumer Discretionary,Marine Transportation,2007,2026-09-24,nasdaq_screener,
TNL,Travel   Leisure Co. Common  Stock,3861374997.0,63.09,61204232.001902044,Consumer Discretionary,Hotels/Resorts,,2026-09-24,nasdaq_screener,
TNMG,TNL Mediagene Ordinary Shares,3453001.0,4.54,760572.9074889867,Consumer Discretionary,Advertising,,2026-09-24,nasdaq_screener,
TNON,Tenon Medical Inc. Common Stock,3376530.0,3.27,1032577.9816513761,Health Care,Medical/Dental Instruments,2022,2026-09-24,nasdaq_screener,
TNXP,Tonix Pharmaceuticals Holding Corp. Common Stock,175626486.0,10.24,17151024.0234375,Health Care,Biotechnology: Pharmaceutical Preparations,,2026-09-24,nasdaq_screener,
TNYA,Tenaya Therapeutics Inc. Common Stock,148283307.0,0.6613,224230012.09738395,Health Care,Biotechnology: Biological Products (No Diagnostic Substances),2021,2026-09-24,nasdaq_screener,
TOL,Toll Brothers Inc. Common Stock,12464724690.0,135.27,92147000.0,Consumer Discretionary,Homebuilding,,2026-09-24,nasdaq_screener,
TOMZ,TOMI Environmental Solutions Inc. Common Stock,14137528.0,1.4437,9792566.32264321,Industrials,Major Chemicals,,2026-09-24,nasdaq_screener,
TONT,Graf Global Corp. Class A ordinary shares,0.0,10.905,,,,2024,2026-09-24,nasdaq_screener,
TONX,TON Strategy Company Common Stock,222490836.0,4.04,55071989.10891089,Finance,Finance: Consumer Services,,2026-09-24,nasdaq_screener,
TOON,Kartoon Studios Inc. Common Stock,36084601.0,0.5801,62204104.464747466,Consumer Discretionary,Movies/Entertainment,,2026-09-24,nasdaq_screener,
TOP,TOP Financial Group Limited Class A Ordinary Shares,1885582695.0,15.0,125705513.0,Finance,Investment Bankers/Brokers/Service,2022,2026-09-24,nasdaq_screener,
TOPP,Toppoint Holdings Inc. Common Stock,3507400.0,0.142,24700000.000000004,Industrials,Trucking Freight/Courier Services,2025,2026-09-24,nasdaq_screener,
TOPS,TOP Ships Inc. Common Stock,3931261.0,0.7094,5541670.425711869,Consumer Discretionary,Marine Transportation,,2026-09-24,nasdaq_screener,
TORO,Toro Corp. Common Stock,198370554.0,5.74,34559329.96515679,Consumer Discretionary,Marine Transportation,,2026-09-24,nasdaq_screener,
TOST,Toast Inc. Class A Common Stock,17230180000.0,29.81,578000000.0,Technology,EDP Services,2021,2026-09-24,nasdaq_screener,
TOVX,Theriva Biologics Inc. Common Stock,10771009.0,0.2347,45892667.23476779,Health Care,Biotechnology: Pharmaceutical Preparations,,2026-09-24,nasdaq_screener,
TOWN,TowneBank Common Stock,2691447093.0,36.07,74617329.99722761,Finance,Major Banks,,2026-09-24,nasdaq_screener,
TOYO,TOYO Co. Ltd Ordinary Shares,165672955.0,4.34,38173491.93548387,Consumer Discretionary,Miscellaneous manufacturing industries,,2026-09-24,nasdaq_screener,
TP,Ticketplus Ltd. Ordinary Shares,105161919.0,8.23,12777875.941676792,Consumer Discretionary,Services-Misc. Amusement & Recreation,2026,2026-09-24,nasdaq_screener,
TPB,Turning Point Brands Inc. Common Stock,1212959781.0,60.5,20048922.0,Consumer Discretionary,Tobacco,2016,2026-09-24,nasdaq_screener,
TPC,Tutor Perini Corporation Common Stock,4434730710.0,84.36,52569116.99857753,Consumer Discretionary,General Bldg Contractors - Nonresidential Bldgs,1970,2026-09-24,nasdaq_screener,
TPCS,TechPrecision Corporation Common stock,53604951.0,5.29,10133261.058601134,Industrials,Metal Fabrications,,2026-09-24,nasdaq_screener,
TPET,Trio Petroleum Corp. Common Stock,9370076.0,1.76,5323906.818181818,Energy,Oil & Gas Production,2023,2026-09-24,nasdaq_screener,
TPG,TPG Inc. Class A Common Stock,16979890156.0,44.93,377918765.9915424,Finance,Investment Managers,2022,2026-09-24,nasdaq_screener,
TPL,Texas Pacific Land Corporation Common Stock,23157560070.0,335.74,68974682.99874903,Energy,Oil & Gas Production,,2026-09-24,nasdaq_screener,
TPR,Tapestry Inc. Common Stock,22034774336.0,110.51,199391678.00199077,Consumer Discretionary,Apparel,,2026-09-24,nasdaq_screener,
TPST,Tempest Therapeutics Inc. Common Stock,15249665.0,0.922,16539766.811279826,Health Care,Biotechnology: Pharmaceutical Preparations,,2026-09-24,nasdaq_screener,
TPVG,TriplePoint Venture Growth BDC Corp. Common Stock,200291837.0,4.92,40709722.967479676,Consumer Discretionary,Other Consumer Services,2014,2026-09-24,nasdaq_screener,
TR,Tootsie Roll Industries Inc. Common Stock,2850470475.0,37.97,75071648.0115881,Consumer Staples,Specialty Foods,,2026-09-24,nasdaq_screener,
TRAD,APEX Tech Acquisition Inc. Ordinary Shares,0.0,10.05,,Finance,Investment Bankers/Brokers/Service,2026,2026-09-24,nasdaq_screener,
TRAK,ReposiTrak Inc. Common Stock,148659762.0,8.18,18173565.036674816,Technology,EDP Services,,2026-09-24,nasdaq_screener,
TRAW,Traws Pharma Inc. Common Stock,7739464.0,0.5036,15368276.409849085,Health Care,Biotechnology: Pharmaceutical Preparations,2013,2026-09-24,nasdaq_screener,
TRAX,First Tracks Biotherapeutics Inc. Ordinary Shares ,1309892704.0,36.66,35730842.989634484,Health Care,Biotechnology: Pharmaceutical Preparations,,2026-09-24,nasdaq_screener,
TRBG,TurboGen Ltd. Ordinary Shares,95205403.0,3.74,25455990.10695187,Utilities,Power Generation,,2026-09-24,nasdaq_screener,
TRC,Tejon Ranch Co Common Stock,439368679.0,16.26,27021443.972939726,Finance,Real Estate,2000,2026-09-24,nasdaq_screener,
TRDA,Entrada Therapeutics Inc. Common Stock,253088349.0,6.5,38936669.07692308,Health Care,Biotechnology: Pharmaceutical Preparations,2021,2026-09-24,nasdaq_screener,
TREE,LendingTree Inc. Common Stock,336949464.0,24.0,14039561.0,Finance,Finance: Consumer Services,,2026-09-24,nasdaq_screener,
TREO,Tactical Resources Corp. Common Shares,54175895.0,3.98,13612033.91959799,Basic Materials,Metal Mining,,2026-09-24,nasdaq_screener,
TREX,Trex Company Inc. Common Stock,4443359588.0,43.62,101865190.00458506,Basic Materials,Forest Products,,2026-09-24,nasdaq_screener,
TRGP,Targa Resources Inc. Common Stock,60686123253.0,283.01,214431020.99925798,Utilities,Natural Gas Distribution,2010,2026-09-24,nasdaq_screener,
TRGS,TRG Latin America Acquisitions Corp. Class A Ordinary Shares,0.0,9.96,,Finance,Blank Checks,2026,2026-09-24,nasdaq_screener,
TRI,Thomson Reuters Corporation Common Shares,42648540000.0,98.45,433200000.0,Consumer Discretionary,Publishing,,2026-09-24,nasdaq_screener,
TRIN,Trinity Capital Inc. Common Stock,1661872224.0,17.55,94693574.01709402,Finance,Finance: Consumer Services,,2026-09-24,nasdaq_screener,
TRIP,TripAdvisor Inc. Common Stock,942282710.0,8.04,117199342.039801,Technology,Computer Software: Programming Data Processing,,2026-09-24,nasdaq_screener,
TRLV,Trulieve Cannabis Corp. Subordinate Voting Shares,2414768887.0,12.54,192565301.99362043,Health Care, Medicinal Chemicals and Botanical Products ,,2026-09-24,nasdaq_screener,
TRMB,Trimble Inc. Common Stock,13832228583.0,59.32,233179847.99393123,Industrials,Industrial Machinery/Components,1990,2026-09-24,nasdaq_screener,
TRMD,TORM plc Class A Common Stock,3493209869.0,34.42,101487793.98605461,Consumer Discretionary,Marine Transportation,,2026-09-24,nasdaq_screener,
TRMK,Trustmark Corporation Common Stock,2653244663.0,45.69,58070576.99715474,Finance,Major Banks,,2026-09-24,nasdaq_screener,
TRN,Trinity Industries Inc. Common Stock,2234729082.0,28.05,79669485.98930481,Industrials,Railroads,,2026-09-24,nasdaq_screener,
TRNO,Terreno Realty Corporation Common Stock,7194219866.0,66.02,108970309.99697062,Finance,Real Estate,2010,2026-09-24,nasdaq_screener,
TRNR,Interactive Strength Inc. Common Stock,4292210.0,2.65,1619701.8867924528,Technology,Consumer Electronics/Appliances,2023,2026-09-24,nasdaq_screener,
TRNS,Transcat Inc. Common Stock,836027581.0,89.05,9388294.003368894,Industrials,Electrical Products,,2026-09-24,nasdaq_screener,
TRON,Tron Inc. Common Stock,697341634.0,1.47,474382063.9455782,Finance,Finance: Consumer Services,2023,2026-09-24,nasdaq_screener,
TROO,TROOPS Inc. Ordinary Shares ,223553104.0,1.83,122160166.12021858,Finance,Diversified Financial Services,,2026-09-24,nasdaq_screener,
TROW,T. Rowe Price Group Inc. Common Stock,22306438435.0,104.57,213315850.0047815,Finance,Investment Managers,1986,2026-09-24,nasdaq_screener,
TROX,Tronox Holdings plc Ordinary Shares (UK),686710125.0,4.3,159700029.06976745,Basic Materials,Major Chemicals,,2026-09-24,nasdaq_screener,
TRP,TC Energy Corporation Common Stock,60200000000.0,60.2,1000000000.0,Utilities,Natural Gas Distribution,,2026-09-24,nasdaq_screener,
TRS,TriMas Corporation Common Stock,1406255822.0,39.2,35873873.01020408,Industrials,Industrial Specialties,2007,2026-09-24,nasdaq_screener,
TRSG,Tungray Technologies Inc Class A Ordinary Shares,22893244.0,1.3999,16353485.248946354,Industrials,Industrial Machinery/Components,2024,2026-09-24,nasdaq_screener,
TRST,TrustCo Bank Corp NY Common Stock,945720680.0,55.54,17027740.007202018,Finance,Major Banks,,2026-09-24,nasdaq_screener,
TRT,Trio-Tech International Common Stock,117917241.0,11.45,10298448.995633189,Technology,Industrial Machinery/Components,,2026-09-24,nasdaq_screener,
TRTX,TPG RE Finance Trust Inc. Common Stock,523564641.0,6.82,76769008.94428152,Real Estate,Real Estate Investment Trusts,2017,2026-09-24,nasdaq_screener,
TRU,TransUnion Common Stock,13594020000.0,70.95,191600000.0,Finance,Finance: Consumer Services,2015,2026-09-24,nasdaq_screener,
TRUG,TruGolf Holdings Inc. Class A Common Stock,2098668.0,0.455,4612457.142857143,Consumer Discretionary,Recreational Games/Products/Toys,2021,2026-09-24,nasdaq_screener,
TRUP,Trupanion Inc. Common Stock,1003805340.0,22.88,43872611.013986014,Health Care,Medical Specialities,,2026-09-24,nasdaq_screener,
TRV,The Travelers Companies Inc. Common Stock,75168352179.0,360.39,208575022.00116542,Finance,Property-Casualty Insurers,,2026-09-24,nasdaq_screener,
TRVI,Trevi Therapeutics Inc. Common Stock,2060200661.0,14.46,142475841.00968188,Health Care,Biotechnology: Pharmaceutical Preparations,2019,2026-09-24,nasdaq_screener,
TRX,TRX Gold Corporation Common Stock,435540432.0,1.33,327474009.02255636,Basic Materials,Precious Metals,,2026-09-24,nasdaq_screener,
TSAT,Telesat Corporation Class A Common Shares and Class B Variable Voting Shares ,1703403757.0,47.11,36158008.00254723,Industrials,Metal Fabrications,,2026-09-24,nasdaq_screener,
TSBK,Timberland Bancorp Inc. Common Stock,348505440.0,44.82,7775668.005354752,Finance,Banks,,2026-09-24,nasdaq_screener,
TSCO,Tractor Supply Company Common Stock,16824386024.0,32.29,521040137.00836176,Consumer Discretionary,RETAIL: Building Materials,1994,2026-09-24,nasdaq_screener,
TSEM,Tower Semiconductor Ltd. Ordinary Shares,26053645500.0,230.5,113031000.0,Technology,Semiconductors,1994,2026-09-24,nasdaq_screener,
TSHA,Taysha Gene Therapies Inc. Common Stock,1599842706.0,4.91,325833545.0101833,Health Care,Biotechnology: Biological Products (No Diagnostic Substances),2020,2026-09-24,nasdaq_screener,
TSLA,Tesla Inc. Common Stock,1501301955407.0,380.12,3949547393.9992633,Industrials,Auto Manufacturing,2010,2026-09-24,nasdaq_screener,
TSLX,Sixth Street Specialty Lending Inc. Common Stock,1740012287.0,18.25,95343139.01369864,Finance,Investment Managers,2014,2026-09-24,nasdaq_screener,
TSM,Taiwan Semiconductor Manufacturing Company Ltd.,2316137494979.0,446.57,5186504903.999373,Technology,Semiconductors,1997,2026-09-24,nasdaq_screener,
TSN,Tyson Foods Inc. Common Stock,18068525656.0,51.36,351801511.99376947,Consumer Staples,Meat/Poultry/Fish,,2026-09-24,nasdaq_screener,
TSQ,Townsquare Media Inc. Class A Common Stock,92799043.0,5.09,18231639.09626719,Consumer Discretionary,Broadcasting,2014,2026-09-24,nasdaq_screener,
TSSI,TSS Inc. Common Stock,261872970.0,9.28,28219070.04310345,Consumer Discretionary,Professional Services,,2026-09-24,nasdaq_screener,
TT,Trane Technologies plc,96169930435.0,437.09,220023177.00016016,Industrials,Auto Parts:O.E.M.,,2026-09-24,nasdaq_screener,
TTAM,Titan America SA Common Shares,2488893278.0,13.5,184362465.03703704,Industrials,Mining & Quarrying of Nonmetallic Minerals (No Fuels),2025,2026-09-24,nasdaq_screener,
TTAN,ServiceTitan Inc. Class A Common Stock,5947246220.0,61.65,96467903.00081103,Technology,Computer Software: Prepackaged Software,2024,2026-09-24,nasdaq_screener,
TTC,Toro Company (The) Common Stock,9142589047.0,96.58,94663377.99751501,Consumer Discretionary,Tools/Hardware,,2026-09-24,nasdaq_screener,
TTD,The Trade Desk Inc. Class A Common Stock,5995041919.0,12.68,472795104.02208203,Technology,Computer Software: Programming Data Processing,2016,2026-09-24,nasdaq_screener,
TTE,TotalEnergies SE Ordinary Shares,200011271573.0,91.67,2181861804.003491,Energy,Oil & Gas Production,,2026-09-24,nasdaq_screener,
TTEC,TTEC Holdings Inc. Common Stock,60634006.0,1.23,49295939.83739837,Consumer Discretionary,Professional Services,1996,2026-09-24,nasdaq_screener,
TTEK,Tetra Tech Inc. Common Stock,8935950537.0,34.9,256044427.99426934,Consumer Discretionary,Military/Government/Technical,1991,2026-09-24,nasdaq_screener,
TTGT,TechTarget Inc. Common Stock,272694128.0,3.77,72332659.9469496,Telecommunications,Telecommunications Equipment,,2026-09-24,nasdaq_screener,
TTI,Tetra Technologies Inc. Common Stock,883994491.0,5.97,148072779.06197655,Energy,Oil & Gas Production,,2026-09-24,nasdaq_screener,
TTMI,TTM Technologies Inc. Common Stock,13254994068.0,125.82,105348863.99618503,Technology,Electrical Products,2000,2026-09-24,nasdaq_screener,
TTRX,Turn Therapeutics Inc. Common Stock,402436420.0,13.51,29788039.9703923,Health Care,Biotechnology: Pharmaceutical Preparations,,2026-09-24,nasdaq_screener,
TTWO,Take-Two Interactive Software Inc. Common Stock,38577805000.0,206.32,186980443.00116324,Technology,Computer Software: Prepackaged Software,1997,2026-09-24,nasdaq_screener,
TU,Telus Corporation Ordinary Shares,13506500000.0,8.5,1589000000.0,Telecommunications,Telecommunications Equipment,,2026-09-24,nasdaq_screener,
TULP,Bloomia Holdings Inc. Common Stock,15314159.0,3.17,4830964.984227129,Consumer Staples,Farming/Seeds/Milling,,2026-09-24,nasdaq_screener,
TUSK,Mammoth Energy Services Inc. Common Stock,140532548.0,2.92,48127584.93150685,Energy,Oilfield Services/Equipment,2016,2026-09-24,nasdaq_screener,
TV,Grupo Televisa S.A.B. Common Stock,1499707548.0,2.43,617163600.0,Industrials,Broadcasting,1993,2026-09-24,nasdaq_screener,
TVA,Texas Ventures Acquisition III Corp Class A Ordinary Share,0.0,10.56,,,,2025,2026-09-24,nasdaq_screener,
TVAI,Thayer Ventures Acquisition Corporation II Class A Ordinary Shares,0.0,10.4,,,,2025,2026-09-24,nasdaq_screener,
TVC,Tennessee Valley Authority Common Stock,0.0,23.77,,Utilities,Electric Utilities: Central,,2026-09-24,nasdaq_screener,
TVE,Tennessee Valley Authority,0.0,23.2,,Utilities,Electric Utilities: Central,,2026-09-24,nasdaq_screener,
TVGN,Tevogen Inc. Common Stock,50855127.0,7.81,6511539.948783611,Health Care,Biotechnology: Biological Products (No Diagnostic Substances),2022,2026-09-24,nasdaq_screener,
TVIV,Texas Ventures Acquisition IV Corp Class A Ordinary Shares,0.0,9.96,,,,2026,2026-09-24,nasdaq_screener,
TVRD,Tvardi Therapeutics Inc. Common Stock,17607405.0,1.32,13338943.181818182,Health Care,Biotechnology: Pharmaceutical Preparations,2014,2026-09-24,nasdaq_screener,
TVTX,Travere Therapeutics Inc. Common Stock,5639640536.0,59.83,94261081.99899717,Health Care,Biotechnology: Pharmaceutical Preparations,,2026-09-24,nasdaq_screener,
TW,Tradeweb Markets Inc. Class A Common Stock,23456652700.0,100.23,234028261.99740595,Finance,Investment Bankers/Brokers/Service,2019,2026-09-24,nasdaq_screener,
TWAV,TaoWeave Inc. Common Stock,6164778.0,1.59,3877218.867924528,Technology,Computer Software: Programming Data Processing,,2026-09-24,nasdaq_screener,
TWFG,TWFG Inc. Class A Common Stock,1335619830.0,24.71,54051794.01052205,Finance,Specialty Insurers,2024,2026-09-24,nasdaq_screener,
TWG,Top Wealth Group Holding Limited Class A Ordinary Shares,16916470.0,0.2696,62746550.445103854,Consumer Staples,Packaged Foods,2024,2026-09-24,nasdaq_screener,
TWI,Titan International Inc. (DE) Common Stock,467286628.0,7.24,64542351.93370166,Industrials,Steel/Iron Ore,,2026-09-24,nasdaq_screener,
TWIN,Twin Disc Incorporated Common Stock,375830979.0,25.85,14538916.015473887,Industrials,Industrial Machinery/Components,,2026-09-24,nasdaq_screener,
TWLO,Twilio Inc. Class A Common Stock,44644316454.0,290.7,153575220.0,Technology,Computer Software: Prepackaged Software,2016,2026-09-24,nasdaq_screener,
TWLV,Twelve Seas Investment Company III Class A Ordinary Shares,0.0,10.07,,Finance,Blank Checks,2026,2026-09-24,nasdaq_screener,
TWST,Twist Bioscience Corporation Common Stock,10508736079.0,158.5,66301174.0,Health Care,Biotechnology: Biological Products (No Diagnostic Substances),2018,2026-09-24,nasdaq_screener,
TXG,10x Genomics Inc. Class A Common Stock,9852618124.0,75.62,130291167.99788415,Industrials,Biotechnology: Laboratory Analytical Instruments,2019,2026-09-24,nasdaq_screener,
TXMD,TherapeuticsMD Inc. Common Stock,25116366.0,2.17,11574362.211981567,Health Care,Biotechnology: Pharmaceutical Preparations,,2026-09-24,nasdaq_screener,
TXN,Texas Instruments Incorporated Common Stock,248969584157.0,272.62,913247685.9988261,Technology,Semiconductors,,2026-09-24,nasdaq_screener,
TXNM,TXNM Energy Inc. Common Stock,6422534148.0,58.32,110125756.99588478,Utilities,Electric Utilities: Central,,2026-09-24,nasdaq_screener,
TXRH,Texas Roadhouse Inc. Common Stock,10820250242.0,164.84,65640926.00097064,Consumer Discretionary,Restaurants,2004,2026-09-24,nasdaq_screener,
TXT,Textron Inc. Common Stock,13210315095.0,76.81,171986917.0029944,Industrials,Aerospace,,2026-09-24,nasdaq_screener,
TY,Tri Continental Corporation Common Stock,1880542351.0,34.6,54350935.0,Finance,Finance Companies,,2026-09-24,nasdaq_screener,
TYG,Tortoise Energy Infrastructure Corporation Common Stock,481648723.0,40.38,11927902.996532936,Finance,Investment Managers,2004,2026-09-24,nasdaq_screener,
TYGO,Tigo Energy Inc. Common Stock,68328603.0,0.89,76773711.23595506,Technology,Semiconductors,2021,2026-09-24,nasdaq_screener,
TYL,Tyler Technologies Inc. Common Stock,13617859673.0,332.53,40952273.99933841,Technology,Computer Software: Prepackaged Software,,2026-09-24,nasdaq_screener,
TYRA,Tyra Biosciences Inc. Common Stock,1597200463.0,23.23,68755939.00129144,Health Care,Biotechnology: Pharmaceutical Preparations,2021,2026-09-24,nasdaq_screener,
TZOO,Travelzoo Common Stock,56929040.0,5.58,10202336.917562723,Consumer Discretionary,Advertising,,2026-09-24,nasdaq_screener,
UA,Under Armour Inc. Class C Common Stock,1911477657.0,4.45,429545540.89887637,Consumer Discretionary,Apparel,2016,2026-09-24,nasdaq_screener,
UAA,Under Armour Inc. Class A Common Stock,1945841301.0,4.53,429545541.0596026,Consumer Discretionary,Apparel,,2026-09-24,nasdaq_screener,
UAVS,AgEagle Aerial Systems Inc. Common Stock,61836309.0,0.983,62905706.00203459,Industrials,Aerospace,,2026-09-24,nasdaq_screener,
UBER,Uber Technologies Inc. Common Stock,141794523600.0,69.42,2042560121.0025928,Consumer Discretionary,Business Services,2019,2026-09-24,nasdaq_screener,
UBS,UBS Group AG Registered Ordinary Shares,148157999265.0,47.74,3103435259.0071216,Finance,Major Banks,2014,2026-09-24,nasdaq_screener,
UCAR,U Power Limited Class A Ordinary Shares,8164715.0,4.6,1774938.043478261,Miscellaneous,Industrial Machinery/Components,2023,2026-09-24,nasdaq_screener,
UCTT,Ultra Clean Holdings Inc. Common Stock,3499461571.0,77.29,45277028.9946953,Technology,Semiconductors,2004,2026-09-24,nasdaq_screener,
UDR,UDR Inc. Common Stock,10855518061.0,33.79,321264221.9887541,Real Estate,Real Estate Investment Trusts,,2026-09-24,nasdaq_screener,
UE,Urban Edge Properties Common Shares of Beneficial Interest,2497115537.0,19.78,126244465.97573306,Finance,Real Estate,2015,2026-09-24,nasdaq_screener,
UEC,Uranium Energy Corp. Common Stock,4923980042.0,9.95,494872366.0301508,Basic Materials,Other Metals and Minerals,,2026-09-24,nasdaq_screener,
UEIC,Universal Electronics Inc. Common Stock,67775426.0,5.26,12885061.977186313,Consumer Staples,Consumer Electronics/Appliances,1993,2026-09-24,nasdaq_screener,
UFG,Uni-Fuels Holdings Limited Class A Ordinary Shares,16290937.0,0.5018,32465000.0,Energy,Oil Refining/Marketing,2025,2026-09-24,nasdaq_screener,
UFI,Unifi Inc. New Common Stock,124731096.0,6.71,18588836.95976155,Consumer Discretionary,Textiles,,2026-09-24,nasdaq_screener,
UFPI,UFP Industries Inc. Common Stock,4511106734.0,81.78,55161491.00024456,Basic Materials,Forest Products,1993,2026-09-24,nasdaq_screener,
UFPT,UFP Technologies Inc. Common Stock,2225985130.0,287.38,7745789.999304057,Health Care,Medical/Dental Instruments,1993,2026-09-24,nasdaq_screener,
UGI,UGI Corporation Common Stock,7854805692.0,36.62,214494967.01256147,Utilities,Natural Gas Distribution,,2026-09-24,nasdaq_screener,
UHAL,U-Haul Holding Company Common Stock,11970751422.0,61.58,194393494.9983761,Consumer Discretionary,Rental/Leasing Companies,2022,2026-09-24,nasdaq_screener,
UHS,Universal Health Services Inc. Common Stock,10690494456.0,181.39,58936515.000826955,Health Care,Hospital/Nursing Management,,2026-09-24,nasdaq_screener,
UHT,Universal Health Realty Income Trust Common Stock,533709466.0,38.4,13898684.010416668,Real Estate,Real Estate Investment Trusts,,2026-09-24,nasdaq_screener,
UI,Ubiquiti Inc. Common Stock,34706973665.0,573.4,60528380.99930241,Technology,Radio And Television Broadcasting And Communications Equipment,,2026-09-24,nasdaq_screener,
UIS,Unisys Corporation New Common Stock,172810813.0,2.37,72915954.85232067,Technology,EDP Services,,2026-09-24,nasdaq_screener,
UK,Ucommune International Ltd Class A Ordinary Shares,1335563.0,1.97,677950.7614213198,Consumer Discretionary,Business Services,2019,2026-09-24,nasdaq_screener,
ULBI,Ultralife Corporation Common Stock,98313287.0,5.9,16663268.983050846,Miscellaneous,Industrial Machinery/Components,1992,2026-09-24,nasdaq_screener,
ULCC,Frontier Group Holdings Inc. Common Stock,1344460103.0,5.84,230215771.06164384,Consumer Discretionary,Air Freight/Delivery Services,2021,2026-09-24,nasdaq_screener,
ULH,Universal Logistics Holdings Inc. Common Stock,428476831.0,16.25,26367804.984615386,Industrials,Trucking Freight/Courier Services,2005,2026-09-24,nasdaq_screener,
ULS,UL Solutions Inc. Class A Common Stock,13200102551.0,65.38,201898173.00397676,Health Care,Precision Instruments,2024,2026-09-24,nasdaq_screener,
ULTA,Ulta Beauty Inc. Common Stock,23251940305.0,543.81,42757471.00090105,Consumer Discretionary,Other Specialty Stores,2007,2026-09-24,nasdaq_screener,
UMAC,Unusual Machines Inc. Common Stock,1133513098.0,22.69,49956504.98016747,Technology,Radio And Television Broadcasting And Communications Equipment,2024,2026-09-24,nasdaq_screener,
UMBF,UMB Financial Corporation Common Stock,10165911516.0,133.85,75950030.00373553,Finance,Major Banks,,2026-09-24,nasdaq_screener,
UMH,UMH Properties Inc. Common Stock,1314938240.0,15.4,85385600.0,Real Estate,Real Estate Investment Trusts,1994,2026-09-24,nasdaq_screener,
UNB,Union Bankshares Inc. Common Stock,115733311.0,23.4,4945867.991452992,Finance,Major Banks,,2026-09-24,nasdaq_screener,
UNCY,Unicycive Therapeutics Inc. Common Stock,133983786.0,4.81,27855256.964656968,Health Care,Biotechnology: Pharmaceutical Preparations,2021,2026-09-24,nasdaq_screener,
UNF,Unifirst Corporation Common Stock,4658844648.0,257.62,18084172.998990763,Consumer Discretionary,Other Consumer Services,,2026-09-24,nasdaq_screener,
UNM,Unum Group Common Stock,14953660139.0,94.46,158306797.99915308,Finance,Accident &Health Insurance,,2026-09-24,nasdaq_screener,
UNP,Union Pacific Corporation Common Stock,163685621964.0,275.53,594075498.0002178,Industrials,Railroads,,2026-09-24,nasdaq_screener,
UONE,Urban One Inc. Class A Common Stock,19890495.0,4.31,4614964.03712297,Consumer Discretionary,Broadcasting,,2026-09-24,nasdaq_screener,
UONEK,Urban One Inc. Class D Common Stock,18090659.0,3.92,4614964.030612245,Consumer Discretionary,Broadcasting,,2026-09-24,nasdaq_screener,
UP,Wheels Up Experience Inc. Class A Common Stock,138936471.0,3.83,36275840.9921671,Consumer Discretionary,Transportation Services,2020,2026-09-24,nasdaq_screener,
UPB,Upstream Bio Inc. Common Stock,284261703.0,5.19,54771041.04046243,Health Care,Biotechnology: Pharmaceutical Preparations,2024,2026-09-24,nasdaq_screener,
UPBD,Upbound Group Inc. Common Stock,932207486.0,15.99,58299405.00312696,Consumer Discretionary,Diversified Commercial Services,,2026-09-24,nasdaq_screener,
UPC,Universe Pharmaceuticals Inc. Class A Ordinary Shares,23566901.0,4.6905,5024389.937106919,Health Care,Biotechnology: Pharmaceutical Preparations,2021,2026-09-24,nasdaq_screener,
UPLD,Upland Software Inc. Common Stock,10468456.0,3.54,2957190.9604519773,Technology,Computer Software: Prepackaged Software,2014,2026-09-24,nasdaq_screener,
UPST,Upstart Holdings Inc. Common stock,2379303975.0,24.45,97313046.01226994,Finance,Finance: Consumer Services,2020,2026-09-24,nasdaq_screener,
UPWK,Upwork Inc. Common Stock,1021709526.0,8.18,124903365.03667483,Technology,EDP Services,2018,2026-09-24,nasdaq_screener,
UPXI,Upexi Inc. Common Stock,96059895.0,1.17,82102474.35897437,Finance,Finance: Consumer Services,2021,2026-09-24,nasdaq_screener,
URBN,Urban Outfitters Inc. Common Stock,6409094742.0,74.82,85660180.99438654,Consumer Discretionary,Clothing/Shoe/Accessory Stores,1993,2026-09-24,nasdaq_screener,
URG,Ur Energy Inc Common Shares (Canada),461521915.0,1.16,397863719.82758623,Basic Materials,Precious Metals,,2026-09-24,nasdaq_screener,
URGN,UroGen Pharma Ltd. Ordinary Shares,2034897879.0,41.63,48880563.992313236,Health Care,Biotechnology: Pharmaceutical Preparations,2017,2026-09-24,nasdaq_screener,
UROY,Uranium Royalty Corp. Common Stock,1667270954.0,4.42,377210623.0769231,Finance,Investment Bankers/Brokers/Service,,2026-09-24,nasdaq_screener,
USAR,USA Rare Earth Inc. Class A Common Stock,5937462056.0,15.83,375076567.02463675,Basic Materials,Metal Mining,2023,2026-09-24,nasdaq_screener,
USAS,Americas Gold and Silver Corporation Common Shares no par value,1640064428.0,4.85,338157614.02061856,Basic Materials,Metal Mining,2017,2026-09-24,nasdaq_screener,
USAU,U.S. Gold Corp. Common Stock,258673576.0,15.65,16528663.003194887,Basic Materials,Metal Mining,,2026-09-24,nasdaq_screener,
USB,U.S. Bancorp Common Stock,91114848562.0,58.48,1558051445.9986322,Finance,Major Banks,,2026-09-24,nasdaq_screener,
USBC,USBC Inc. Common Stock,193489998.0,0.4985,388144429.2878636,Finance,Finance: Consumer Services,,2026-09-24,nasdaq_screener,
USCB,USCB Financial Holdings Inc. Class A Common Stock,414567107.0,22.44,18474470.008912656,Finance,Major Banks,2021,2026-09-24,nasdaq_screener,
USDE,StablecoinX Inc. Class A Common Stock,349898350.0,12.87,27187128.982128985,Finance,Finance: Consumer Services,,2026-09-24,nasdaq_screener,
USFD,US Foods Holding Corp. Common Stock,20319944811.0,93.93,216330722.99584797,Consumer Discretionary,Food Distributors,2016,2026-09-24,nasdaq_screener,
USGO,U.S. GoldMining Inc. Common stock,99373011.0,7.08,14035736.016949153,Basic Materials,Precious Metals,2023,2026-09-24,nasdaq_screener,
USIO,Usio Inc. Common Stock,64684590.0,2.27,28495414.0969163,Finance,Investment Bankers/Brokers/Service,,2026-09-24,nasdaq_screener,
USNA,USANA Health Sciences Inc. Common Stock,259410537.0,14.04,18476533.974358976,Health Care, Medicinal Chemicals and Botanical Products ,,2026-09-24,nasdaq_screener,
USPH,U.S. Physical Therapy Inc. Common Stock,1233360990.0,82.65,14922698.003629763,Health Care,Medical/Nursing Services,1992,2026-09-24,nasdaq_screener,
UTI,Universal Technical Institute Inc Common Stock,1125044617.0,20.42,55095230.99902056,Real Estate,Other Consumer Services,2003,2026-09-24,nasdaq_screener,
UTL,UNITIL Corporation Common Stock,927334873.0,50.85,18236674.00196657,Utilities,Power Generation,1985,2026-09-24,nasdaq_screener,
UTMD,Utah Medical Products Inc. Common Stock,238818188.0,75.01,3183817.99760032,Health Care,Medical/Dental Instruments,,2026-09-24,nasdaq_screener,
UTSI,UTStarcom Holdings Corp. Ordinary Shares,22216217.0,2.34,9494109.82905983,Telecommunications,Telecommunications Equipment,2000,2026-09-24,nasdaq_screener,
UTZ,Utz Brands Inc Class A Common Stock ,2048582291.0,14.23,143962213.00070274,Consumer Staples,Packaged Foods,2018,2026-09-24,nasdaq_screener,
UUU,Universal Safety Products Inc. Common Stock,15293738.0,5.05,3028462.9702970297,Technology,Electronic Components,2003,2026-09-24,nasdaq_screener,
UUUU,Energy Fuels Inc Ordinary Shares (Canada),2898457200.0,11.6,249867000.0,Industrials,Mining & Quarrying of Nonmetallic Minerals (No Fuels),,2026-09-24,nasdaq_screener,
UVE,UNIVERSAL INSURANCE HOLDINGS INC Common Stock,1181955177.0,42.47,27830355.003531907,Finance,Property-Casualty Insurers,,2026-09-24,nasdaq_screener,
UVSP,Univest Financial Corporation Common Stock,1142119603.0,41.41,27580768.002897855,Finance,Major Banks,,2026-09-24,nasdaq_screener,
UVV,Universal Corporation Common Stock,1065937192.0,42.81,24899256.996028963,Industrials,Farming/Seeds/Milling,,2026-09-24,nasdaq_screener,
UWMC,UWM Holdings Corporation Class A Common Stock,1959949099.0,1.22,1606515654.918033,Finance,Finance: Consumer Services,,2026-09-24,nasdaq_screener,
UYSC,UY Scuti Acquisition Corp. Ordinary Shares,0.0,11.0,,Finance,Blank Checks,2025,2026-09-24,nasdaq_screener,
UZX,Linkage Global Inc. Class A Ordinary Shares,4687184.0,1.63,2875573.0061349696,Consumer Discretionary,Catalog/Specialty Distribution,2023,2026-09-24,nasdaq_screener,
V,Visa Inc.,645947748942.0,361.52,1786755225.0,Consumer Discretionary,Business Services,,2026-09-24,nasdaq_screener,
VABK,Virginia National Bankshares Corporation Common Stock,255042507.0,47.01,5425282.003828973,Finance,Major Banks,,2026-09-24,nasdaq_screener,
VAC,Marriott Vacations Worldwide Corporation Common Stock,3468768022.0,100.85,34395320.0,Finance,Real Estate,,2026-09-24,nasdaq_screener,
VACI,Viking Acquisition Corp. I Class A Ordinary Shares,0.0,7.42,,Telecommunications,Telecommunications Equipment,2025,2026-09-24,nasdaq_screener,
VAI,Valor Energy Incorporated Common Stock,31298601.0,2.15,14557488.837209303,Consumer Discretionary,Rental/Leasing Companies,2018,2026-09-24,nasdaq_screener,
VAL,Valaris Limited Common Shares,5733314584.0,82.57,69435807.00012112,Energy,Oil & Gas Production,2021,2026-09-24,nasdaq_screener,
VALU,Value Line Inc. Common Stock,358114681.0,38.17,9382098.00890752,Finance,Investment Managers,1983,2026-09-24,nasdaq_screener,
VANI,Vivani Medical Inc. Common Stock (DE),110950128.0,1.23,90203356.09756097,Health Care,Biotechnology: Electromedical & Electrotherapeutic Apparatus,2014,2026-09-24,nasdaq_screener,
VATE,INNOVATE Corp. Common Stock,104769531.0,7.68,13641866.015625,Industrials,Metal Fabrications,,2026-09-24,nasdaq_screener,
VBIO,Valion Bio Inc. Common Stock,3509756.0,2.73,1285624.9084249085,Health Care,Biotechnology: Electromedical & Electrotherapeutic Apparatus,2021,2026-09-24,nasdaq_screener,
VBNK,VersaBank Common Shares,747583962.0,23.06,32419079.011274938,Finance,Commercial Banks,,2026-09-24,nasdaq_screener,
VC,Visteon Corporation Common Stock,2483475760.0,93.03,26695429.001397397,Consumer Discretionary,Auto Parts:O.E.M.,,2026-09-24,nasdaq_screener,
VCEL,Vericel Corporation Common Stock,1986304557.0,38.79,51206613.99845321,Health Care,Biotechnology: Biological Products (No Diagnostic Substances),,2026-09-24,nasdaq_screener,
VCIG,VCI Global Limited Ordinary Share,2077053.0,1.64,1266495.731707317,Consumer Discretionary,Diversified Commercial Services,2023,2026-09-24,nasdaq_screener,
VCTR,Victory Capital Holdings Inc. Class A Common Stock,6539082599.0,106.31,61509571.996989936,Finance,Investment Managers,2018,2026-09-24,nasdaq_screener,
VCV,Invesco California Value Municipal Income Trust Common Stock,447776409.0,9.35,47890525.02673797,Finance,Trusts Except Educational Religious and Charitable,,2026-09-24,nasdaq_screener,
VCYT,Veracyte Inc. Common Stock,3522721832.0,43.82,80390730.99041533,Health Care,Medical Specialities,2013,2026-09-24,nasdaq_screener,
VECA,Vernal Capital Acquisition Corp. Ordinary Shares,0.0,10.02,,Finance,Blank Checks,2026,2026-09-24,nasdaq_screener,
VECO,Veeco Instruments Inc. Common Stock,2807073069.0,45.92,61129640.0043554,Technology,Industrial Machinery/Components,1994,2026-09-24,nasdaq_screener,
VEEA,Veea Inc. Common Stock,10016480.0,3.22,3110708.0745341615,Technology,EDP Services,2021,2026-09-24,nasdaq_screener,
VEEE,Twin Vee PowerCats Co. Common Stock,7467622.0,12.78,584320.9702660408,Industrials,Marine Transportation,2021,2026-09-24,nasdaq_screener,
VEEV,Veeva Systems Inc. Class A Common Stock,43836821138.0,270.75,161908850.00184673,Technology,Computer Software: Prepackaged Software,2013,2026-09-24,nasdaq_screener,
VEL,Velocity Financial Inc. Common Stock,624596650.0,15.82,39481457.01643489,Finance,Finance: Consumer Services,2020,2026-09-24,nasdaq_screener,
VELO,Velo3D Inc. Common stock,352675824.0,10.97,32149117.958067454,Technology,Industrial Machinery/Components,,2026-09-24,nasdaq_screener,
VENU,Venu Holding Corporation Common Stock,86537928.0,1.47,58869338.77551021,Consumer Discretionary,Services-Misc. Amusement & Recreation,2024,2026-09-24,nasdaq_screener,
VERA,Vera Therapeutics Inc. Class A Common Stock,2381693222.0,33.05,72063335.0075643,Health Care,Biotechnology: Pharmaceutical Preparations,2021,2026-09-24,nasdaq_screener,
VERI,Veritone Inc. Common Stock,129589618.0,1.29,100457068.21705426,Technology,EDP Services,2017,2026-09-24,nasdaq_screener,
VERU,Veru Inc. Common Stock,41943787.0,2.46,17050319.918699186,Health Care,Biotechnology: Pharmaceutical Preparations,,2026-09-24,nasdaq_screener,
VERX,Vertex Inc. Class A Common Stock,1901194726.0,11.72,162217980.03412968,Technology,Computer Software: Prepackaged Software,2020,2026-09-24,nasdaq_screener,
VET,Vermilion Energy Inc. Common (Canada),1789376000.0,11.68,153200000.0,Energy,Oil & Gas Production,,2026-09-24,nasdaq_screener,
VFC,V.F. Corporation Common Stock,5315179386.0,13.52,393134569.9704142,Industrials,Garments and Clothing,,2026-09-24,nasdaq_screener,
VFF,Village Farms International Inc. Common Shares,371138911.0,3.035,122286296.86985172,Consumer Staples,Farming/Seeds/Milling,,2026-09-24,nasdaq_screener,
VFS,VinFast Auto Ltd. Ordinary Shares,7474817552.0,3.195,2339536010.01565,Industrials,Auto Manufacturing,,2026-09-24,nasdaq_screener,
VG,Venture Global Inc. Class A common stock,33176232133.0,13.27,2500092851.0173326,Utilities,Oil/Gas Transmission,2025,2026-09-24,nasdaq_screener,
VGAS,Verde Clean Fuels Inc. Class A Common Stock,49004583.0,1.1,44549620.90909091,Industrials,Major Chemicals,2021,2026-09-24,nasdaq_screener,
VGM,Invesco Trust for Investment Grade Municipals Common Stock (DE),505441942.0,9.32,54231968.02575107,Finance,Trusts Except Educational Religious and Charitable,,2026-09-24,nasdaq_screener,
VGNT,Versigent PLC Ordinary Shares,3272589243.0,46.2,70835265.0,Consumer Discretionary,Auto Parts:O.E.M.,2026,2026-09-24,nasdaq_screener,
VGZ,Vista Gold Corp Common Stock,399961488.0,2.74,145971345.98540145,Basic Materials,Precious Metals,1986,2026-09-24,nasdaq_screener,
VHC,VirnetX Holding Corp Common Stock,53340407.0,12.65,4216632.964426877,Miscellaneous,Multi-Sector Companies,,2026-09-24,nasdaq_screener,
VHCP,Vine Hill Capital Investment Corp. II Class A Ordinary Shares,0.0,10.06,,,,2026,2026-09-24,nasdaq_screener,
VHI,Valhi Inc. Common Stock,462485082.0,16.33,28321193.01898347,Basic Materials,Major Chemicals,,2026-09-24,nasdaq_screener,
VHUB,VenHub Global Inc. Common Stock,51539336.0,0.529,97427856.3327032,Technology,Industrial Machinery/Components,,2026-09-24,nasdaq_screener,
VIA,Via Transportation Inc. Class A Common Stock,2407675808.0,29.54,81505612.99932295,Technology,Computer Software: Prepackaged Software,2025,2026-09-24,nasdaq_screener,
VIAV,Viavi Solutions Inc. Common Stock,8989096234.0,36.43,246749827.998902,Technology,Semiconductors,,2026-09-24,nasdaq_screener,
VICI,VICI Properties Inc. Common Stock,26095538219.0,23.7,1101077561.9831223,Real Estate,Real Estate Investment Trusts,2018,2026-09-24,nasdaq_screener,
VICR,Vicor Corporation Common Stock,13055582233.0,283.16,46106731.99957621,Technology,Industrial Machinery/Components,,2026-09-24,nasdaq_screener,
VIDA,VIDA Global Inc. Class A Common Stock,26832595.0,1.84,14582932.06521739,Technology,Computer Software: Prepackaged Software,2026,2026-09-24,nasdaq_screener,
VII,Viking Acquisition Corp. II Class A Ordinary Shares,0.0,9.83,,,,2026,2026-09-24,nasdaq_screener,
VIK,Viking Holdings Ltd Ordinary Shares,35796618932.0,80.3,445786039.003736,Consumer Discretionary,Marine Transportation,2024,2026-09-24,nasdaq_screener,
VINP,Vinci Compass Investments Ltd. Class A Common Shares,610388174.0,9.33,65422097.96355841,Finance,Investment Managers,2021,2026-09-24,nasdaq_screener,
VIP,Vulcan Infrastructure and Power Inc. Class A Common Stock,32068029.0,1.74,18429901.724137932,Finance,Finance: Consumer Services,,2026-09-24,nasdaq_screener,
VIR,Vir Biotechnology Inc. Common Stock,1876604974.0,11.09,169215957.98016232,Health Care,Biotechnology: Biological Products (No Diagnostic Substances),2019,2026-09-24,nasdaq_screener,
VIRC,Virco Manufacturing Corporation Common Stock,103568265.0,6.57,15763815.06849315,Consumer Discretionary,Industrial Specialties,,2026-09-24,nasdaq_screener,
VIRT,Virtu Financial Inc. Class A Common Stock,8227164033.0,53.01,155200226.99490663,Finance,Investment Bankers/Brokers/Service,,2026-09-24,nasdaq_screener,
VISN,Vistance Networks Inc. Common Stock,1487540357.0,6.45,230626411.9379845,Technology,Radio And Television Broadcasting And Communications Equipment,2013,2026-09-24,nasdaq_screener,
VITL,Vital Farms Inc. Common Stock,442623992.0,10.31,42931522.017458774,Consumer Staples,Packaged Foods,2020,2026-09-24,nasdaq_screener,
VIVK,Vivakor Inc. Common Stock,4349597.0,0.5315,8183625.587958608,Utilities,Environmental Services,,2026-09-24,nasdaq_screener,
VIVO,VivoPower PLC Class A Ordinary Shares,123495122.0,3.86,31993554.922279794,Utilities,Power Generation,,2026-09-24,nasdaq_screener,
VIVS,VivoSim Labs Inc. Common Stock,3799966.0,0.2291,16586494.980357923,Health Care,Biotechnology: Biological Products (No Diagnostic Substances),,2026-09-24,nasdaq_screener,
VKI,Invesco Advantage Municipal Income Trust II Common Shares of Beneficial Interest (DE),362353123.0,8.16,44406019.9754902,Finance,Finance Companies,1993,2026-09-24,nasdaq_screener,
VKQ,Invesco Municipal Trust Common Stock,495806214.0,8.96,55335514.955357134,Finance,Trusts Except Educational Religious and Charitable,,2026-09-24,nasdaq_screener,
VKTX,Viking Therapeutics Inc. Common Stock,4858594826.0,41.65,116652936.99879952,Health Care,Biotechnology: Pharmaceutical Preparations,2015,2026-09-24,nasdaq_screener,
VLGEA,Village Super Market Inc. Class A Common Stock,661391868.0,44.66,14809490.998656517,Consumer Staples,Food Chains,,2026-09-24,nasdaq_screener,
VLN,Valens Semiconductor Ltd. Ordinary Shares,202161984.0,1.92,105292700.0,Technology,Semiconductors,,2026-09-24,nasdaq_screener,
VLO,Valero Energy Corporation Common Stock,108214656942.0,375.84,287927460.99936146,Energy,Integrated oil Companies,,2026-09-24,nasdaq_screener,
VLOS,Velos Acquisition I Corp. Class A Ordinary shares,0.0,10.78,,,,2024,2026-09-24,nasdaq_screener,
VLT,Invesco High Income Trust II,0.0,9.28,,Finance,Trusts Except Educational Religious and Charitable,1989,2026-09-24,nasdaq_screener,
VLTO,Veralto Corp Common Stock ,23374905823.0,95.88,243793344.00292033,Industrials,Electrical Products,2023,2026-09-24,nasdaq_screener,
VLY,Valley National Bancorp Common Stock,7112029259.0,12.87,552605226.0295261,Finance,Major Banks,,2026-09-24,nasdaq_screener,
VMAR,Vision Marine Technologies Inc. Common Shares,4871723.0,7.46,653045.9785522788,Industrials,Marine Transportation,2020,2026-09-24,nasdaq_screener,
VMC,Vulcan Materials Company (Holding Company) Common Stock,31669043812.0,244.4,129578739.00163665,Industrials,Mining & Quarrying of Nonmetallic Minerals (No Fuels),,2026-09-24,nasdaq_screener,
VMD,Viemed Healthcare Inc. Common Shares,335176406.0,8.8,38088227.95454545,Health Care,Misc Health and Biotechnology Services,,2026-09-24,nasdaq_screener,
VMET,Versamet Royalties Corporation Common Stock,1003408055.0,9.22,108829507.04989153,Industrials,Precious Metals,,2026-09-24,nasdaq_screener,
VMI,Valmont Industries Inc. Common Stock,9092781167.0,471.01,19304858.0008917,Industrials,Metal Fabrications,,2026-09-24,nasdaq_screener,
VMO,Invesco Municipal Opportunity Trust Common Stock,596850062.0,8.85,67440684.97175142,Finance,Trusts Except Educational Religious and Charitable,,2026-09-24,nasdaq_screener,
VMRK,Vivmark Residential Common Shares of Beneficial Interest,48265875000.0,61.29,787500000.0,Real Estate,Real Estate Investment Trusts,,2026-09-24,nasdaq_screener,
VNCE,Vince Holding Corp. Common Stock,143816161.0,11.11,12944748.96489649,Consumer Discretionary,Clothing/Shoe/Accessory Stores,,2026-09-24,nasdaq_screener,
VNDA,Vanda Pharmaceuticals Inc. Common Stock,304731942.0,5.04,60462686.9047619,Health Care,Biotechnology: Pharmaceutical Preparations,2006,2026-09-24,nasdaq_screener,
VNME,Vendome Acquisition Corporation I Class A Ordinary Shares,0.0,10.28,,Finance,Blank Checks,2025,2026-09-24,nasdaq_screener,
VNO,Vornado Realty Trust Common Stock,6378373339.0,34.16,186720531.001171,Real Estate,Real Estate Investment Trusts,,2026-09-24,nasdaq_screener,
VNOM,Viper Energy Inc. Class A Common Stock,14701846970.0,40.93,359194892.98802835,Energy,Oil & Gas Production,2014,2026-09-24,nasdaq_screener,
VNRX,VolitionRX Limited Common Stock,6892122.0,0.247,27903327.935222674,Health Care,Biotechnology: In Vitro & In Vivo Diagnostic Substances,2015,2026-09-24,nasdaq_screener,
VNT,Vontier Corporation Common Stock ,4234464000.0,31.32,135200000.0,Industrials,Industrial Machinery/Components,2020,2026-09-24,nasdaq_screener,
VNTG,Vantage Corp Class A Ordinary Shares,22149427.0,0.7224,30660890.088593576,Industrials,Integrated Freight & Logistics,2025,2026-09-24,nasdaq_screener,
VOGX,Vogenx Inc Common Stock,399007637.0,26.86,14855087.006701415,Health Care,Biotechnology: Pharmaceutical Preparations,2026,2026-09-24,nasdaq_screener,
VOR,Vor Biopharma Inc. Common Stock,1145973635.0,19.37,59162294.01135777,Health Care,Biotechnology: Biological Products (No Diagnostic Substances),2021,2026-09-24,nasdaq_screener,
VOXR,Vox Royalty Corp. Common Stock,387088732.0,5.57,69495284.02154398,Basic Materials,Precious Metals,,2026-09-24,nasdaq_screener,
VOYA,Voya Financial Inc. Common Stock,8821366502.0,97.37,90596348.99866489,Finance,Life Insurance,2013,2026-09-24,nasdaq_screener,
VOYG,Voyager Technologies Inc. Class A Common Stock,1945787601.0,31.4,61967757.99363057,Industrials,Military/Government/Technical,2025,2026-09-24,nasdaq_screener,
VPG,Vishay Precision Group Inc. Common Stock,930165627.0,69.83,13320430.00143205,Technology,Electrical Products,,2026-09-24,nasdaq_screener,
VPV,Invesco Pennsylvania Value Municipal Income Trust Common Stock (DE),256167598.0,10.75,23829544.0,Finance,Trusts Except Educational Religious and Charitable,,2026-09-24,nasdaq_screener,
VRA,Vera Bradley Inc. Common Stock,115902203.0,4.04,28688664.108910892,Consumer Discretionary,Apparel,2010,2026-09-24,nasdaq_screener,
VRAX,Virax Biolabs Group Limited Ordinary Shares,3429719.0,2.55,1344987.843137255,Health Care,Biotechnology: In Vitro & In Vivo Diagnostic Substances,2022,2026-09-24,nasdaq_screener,
VRCA,Verrica Pharmaceuticals Inc. Common Stock,79365991.0,4.62,17178785.93073593,Health Care,Biotechnology: Pharmaceutical Preparations,2018,2026-09-24,nasdaq_screener,
VRDN,Viridian Therapeutics Inc. Common Stock,2427853325.0,21.43,113292269.01539898,Health Care,Biotechnology: Pharmaceutical Preparations,2014,2026-09-24,nasdaq_screener,
VREX,Varex Imaging Corporation Common Stock,776745000.0,18.45,42100000.0,Technology,Industrial Machinery/Components,,2026-09-24,nasdaq_screener,
VRM,Vroom Inc. Common Stock,48941201.0,9.35,5234353.048128342,Consumer Discretionary,Retail-Auto Dealers and Gas Stations,,2026-09-24,nasdaq_screener,
VRME,VerifyMe Inc. Common Stock,15139975.0,1.15,13165195.652173914,Technology,EDP Services,,2026-09-24,nasdaq_screener,
VRNS,Varonis Systems Inc. Common Stock,5553504450.0,48.35,114860485.00517063,Technology,Computer Software: Prepackaged Software,2014,2026-09-24,nasdaq_screener,
VRRM,Verra Mobility Corporation Class A Common Stock,513701878.0,3.38,151982804.14201185,Consumer Discretionary,Transportation Services,2017,2026-09-24,nasdaq_screener,
VRSK,Verisk Analytics Inc. Common Stock,22360802862.0,171.8,130156012.00232828,Technology,EDP Services,2009,2026-09-24,nasdaq_screener,
VRSN,VeriSign Inc. Common Stock,26483184000.0,293.28,90300000.00000001,Technology,EDP Services,1998,2026-09-24,nasdaq_screener,
VRT,Vertiv Holdings LLC Class A Common Stock,95777357679.0,248.78,384988173.00024116,Technology,Industrial Machinery/Components,2018,2026-09-24,nasdaq_screener,
VRTS,Virtus Investment Partners Inc. Common Stock,847704320.0,128.0,6622690.0,Finance,Investment Managers,,2026-09-24,nasdaq_screener,
VRTX,Vertex Pharmaceuticals Incorporated Common Stock,130872013498.0,516.34,253460923.99969012,Health Care,Biotechnology: Pharmaceutical Preparations,1991,2026-09-24,nasdaq_screener,
VRXA,Veraxa Biotech AG Ordinary Shares,196556860.0,1.39,141407812.9496403,Health Care,Biotechnology: Pharmaceutical Preparations,,2026-09-24,nasdaq_screener,
VS,Versus Systems Inc. Common Stock,6896037.0,1.11,6212645.945945946,Technology,EDP Services,,2026-09-24,nasdaq_screener,
VSAT,ViaSat Inc. Common Stock,10149848081.0,73.68,137755810.00271443,Consumer Discretionary,Telecommunications Equipment,1996,2026-09-24,nasdaq_screener,
VSEC,VSE Corporation Common Stock,5010720101.0,178.54,28064972.00067212,Consumer Discretionary,Military/Government/Technical,,2026-09-24,nasdaq_screener,
VSH,Vishay Intertechnology Inc. Common Stock,5000160844.0,32.6,153379166.993865,Technology,Electrical Products,,2026-09-24,nasdaq_screener,
VSME,VS Media Holdings Limited Class A Ordinary Shares,2285076.0,0.8307,2750783.6764174793,Consumer Discretionary,Advertising,2023,2026-09-24,nasdaq_screener,
VSNT,Versant Media Group Inc. Class A Common Stock ,4585697691.0,33.04,138792302.99636805,Industrials,Broadcasting,,2026-09-24,nasdaq_screener,
VST,Vistra Corp. Common Stock,46307587854.0,137.97,335635194.9989128,Utilities,Electric Utilities: Central,,2026-09-24,nasdaq_screener,
VSTM,Verastem Inc. Common Stock,740808947.0,8.18,90563440.95354524,Health Care,Biotechnology: Pharmaceutical Preparations,2012,2026-09-24,nasdaq_screener,
VSTS,Vestis Corporation Common Stock,1833060656.0,13.87,132160104.97476569,Consumer Discretionary,Consumer Specialties,2023,2026-09-24,nasdaq_screener,
VSXY,Victorias Secret & Co. Common Stock ,6647535010.0,83.34,79764038.99688025,Consumer Discretionary,Clothing/Shoe/Accessory Stores,2021,2026-09-24,nasdaq_screener,
VTAK,Catheter Precision Inc. Common Stock,3008967.0,0.1586,18972049.18032787,Health Care,Medical/Dental Instruments,2018,2026-09-24,nasdaq_screener,
VTEX,VTEX Class A Common Shares,624506459.0,3.61,172993478.9473684,Technology,Computer Software: Prepackaged Software,2021,2026-09-24,nasdaq_screener,
VTGN,Vistagen Therapeutics Inc. Common Stock,16348454.0,0.3684,44376910.96634094,Health Care,Biotechnology: Pharmaceutical Preparations,,2026-09-24,nasdaq_screener,
VTIX,Virtuix Holdings Inc. Class A Common Stock,38387624.0,1.13,33971348.67256638,Technology,Computer peripheral equipment,,2026-09-24,nasdaq_screener,
VTN,Invesco Trust for Investment Grade New York Municipals Common Stock,185311660.0,9.51,19485978.969505783,Finance,Finance Companies,,2026-09-24,nasdaq_screener,
VTOL,Bristow Group Inc. Common Stock,1268974020.0,42.81,29642000.0,Consumer Discretionary,Transportation Services,,2026-09-24,nasdaq_screener,
VTR,Ventas Inc. Common Stock,44441672544.0,86.64,512946359.00277007,Real Estate,Real Estate Investment Trusts,,2026-09-24,nasdaq_screener,
VTRS,Viatris Inc. Common Stock,19663875592.0,17.12,1148590864.0186915,Health Care,Biotechnology: Pharmaceutical Preparations,,2026-09-24,nasdaq_screener,
VTS,Vitesse Energy Inc. Common Stock,706510439.0,16.78,42104316.98450536,Energy,Oil & Gas Production,2023,2026-09-24,nasdaq_screener,
VTSI,VirTra Inc. Common Stock,32600517.0,2.88,11319623.958333334,Consumer Discretionary,Miscellaneous manufacturing industries,,2026-09-24,nasdaq_screener,
VTVT,vTv Therapeutics Inc. Class A Common Stock,120911118.0,30.58,3953927.9921517335,Health Care,Biotechnology: Pharmaceutical Preparations,2015,2026-09-24,nasdaq_screener,
VUZI,Vuzix Corporation Common Stock,240580556.0,2.85,84414230.1754386,Technology,Radio And Television Broadcasting And Communications Equipment,,2026-09-24,nasdaq_screener,
VVOS,Vivos Therapeutics Inc. Common Stock,2995574.0,0.1489,20118025.520483546,Health Care,Medical/Dental Instruments,2020,2026-09-24,nasdaq_screener,
VVR,Invesco Senior Income Trust Common Stock (DE),0.0,2.86,,Finance,Trusts Except Educational Religious and Charitable,1998,2026-09-24,nasdaq_screener,
VVV,Valvoline Inc. Common Stock,3668109518.0,28.75,127586418.01739131,Industrials,Major Chemicals,2016,2026-09-24,nasdaq_screener,
VVX,V2X Inc. Common Stock,2349021129.0,74.94,31345358.006405126,Consumer Discretionary,Diversified Commercial Services,2014,2026-09-24,nasdaq_screener,
VWAV,VisionWave Holdings Inc. Common Stock,13577970.0,5.72,2373770.9790209793,Technology,Computer Software: Prepackaged Software,,2026-09-24,nasdaq_screener,
VYGR,Voyager Therapeutics Inc. Common Stock,176843511.0,2.87,61617948.08362369,Health Care,Biotechnology: Biological Products (No Diagnostic Substances),2015,2026-09-24,nasdaq_screener,
VYX,NCR Voyix Corporation Common Stock,984438373.0,7.13,138069898.03646564,Miscellaneous,Office Equipment/Supplies/Services,,2026-09-24,nasdaq_screener,
VZ,Verizon Communications Inc. Common Stock,193280142397.0,46.52,4154775201.99914,Telecommunications,Telecommunications Equipment,,2026-09-24,nasdaq_screener,
VZLA,Vizsla Silver Corp. Common Shares,1434429763.0,4.04,355056872.02970296,Basic Materials,Precious Metals,2024,2026-09-24,nasdaq_screener,
W,Wayfair Inc. Class A Common Stock,13628322965.0,99.5,136968070.0,Consumer Discretionary,Catalog/Specialty Distribution,2014,2026-09-24,nasdaq_screener,
WAB,Westinghouse Air Brake Technologies Corporation Common Stock,49359128879.0,292.22,168910850.99924713,Industrials,Railroads,,2026-09-24,nasdaq_screener,
WABC,Westamerica Bancorporation Common Stock,1368873592.0,59.23,23111152.996792167,Finance,Major Banks,,2026-09-24,nasdaq_screener,
WAFD,WaFd Inc. Common Stock,2271653807.0,30.7,73995238.01302932,Finance,Major Banks,,2026-09-24,nasdaq_screener,
WAFU,Wah Fu Education Group Limited Ordinary Shares,7056894.0,1.6,4410558.75,Real Estate,Other Consumer Services,2019,2026-09-24,nasdaq_screener,
WAL,Western Alliance Bancorporation Common Stock (DE),8248025318.0,75.6,109100863.994709,Finance,Major Banks,2005,2026-09-24,nasdaq_screener,
WALD,Waldencast plc Class A Ordinary Share,131172931.0,1.02,128600912.74509804,Consumer Discretionary,Package Goods/Cosmetics,2021,2026-09-24,nasdaq_screener,
WASH,Washington Trust Bancorp Inc. Common Stock,729402035.0,38.24,19074320.998953976,Finance,Major Banks,,2026-09-24,nasdaq_screener,
WAT,Waters Corporation Common Stock,41320208043.0,420.57,98248110.99935801,Industrials,Biotechnology: Laboratory Analytical Instruments,1995,2026-09-24,nasdaq_screener,
WATR,Air Water Ventures Limited Ordinary Shares,56951017.0,1.8,31639453.888888888,Consumer Staples,Beverages (Production/Distribution),,2026-09-24,nasdaq_screener,
WATT,Energous Corporation Common Stock,71741382.0,12.98,5527071.032357473,Technology,Radio And Television Broadcasting And Communications Equipment,2014,2026-09-24,nasdaq_screener,
WAY,Waystar Holding Corp. Common Stock,4747690780.0,24.76,191748415.99353796,Technology,EDP Services,2024,2026-09-24,nasdaq_screener,
WBD,Warner Bros. Discovery Inc. Series A Common Stock ,77229233939.0,30.76,2510703314.0117035,Telecommunications,Cable & Other Pay Television Services,,2026-09-24,nasdaq_screener,
WBI,WaterBridge Infrastructure LLC Class A Shares Representing Limited Liability Company Interests,3562946192.0,28.86,123456209.00900902,Energy,Oilfield Services/Equipment,2025,2026-09-24,nasdaq_screener,
WBTN,WEBTOON Entertainment Inc. Common stock,1457536892.0,10.74,135711070.01862198,Consumer Discretionary,Publishing,2024,2026-09-24,nasdaq_screener,
WBUY,WEBUY GLOBAL LTD. Class A Ordinary Shares,4406808.0,0.804,5481104.47761194,Consumer Discretionary,Other Specialty Stores,2023,2026-09-24,nasdaq_screener,
WBX,Wallbox N.V. Class A Ordinary Shares,67611810.0,2.83,23891098.93992933,Consumer Discretionary,Industrial Specialties,,2026-09-24,nasdaq_screener,
WCC,WESCO International Inc. Common Stock,17828914636.0,365.85,48732854.00027333,Consumer Discretionary,Telecommunications Equipment,1999,2026-09-24,nasdaq_screener,
WCCB,West Coast Community Bancorp Common Stock,632602629.0,60.11,10524082.997837298,Finance,Major Banks,,2026-09-24,nasdaq_screener,
WCN,Waste Connections Inc. Common Shares,39664521601.0,155.41,255225027.9969114,Utilities,Environmental Services,,2026-09-24,nasdaq_screener,
WCT,Wellchange Holdings Company Limited Class A Ordinary shares,80772816.0,7.52,10741065.95744681,Technology,Computer Software: Prepackaged Software,2024,2026-09-24,nasdaq_screener,
WD,Walker & Dunlop Inc Common Stock,1268679535.0,36.96,34325744.99458874,Finance,Finance: Consumer Services,2010,2026-09-24,nasdaq_screener,
WDAY,Workday Inc. Class A Common Stock,46363580000.0,192.38,241000000.0,Technology,EDP Services,,2026-09-24,nasdaq_screener,
WDC,Western Digital Corporation Common Stock,170784639763.0,473.69,360540943.99924004,Technology,Electronic Components,,2026-09-24,nasdaq_screener,
WDFC,WD-40 Company Common Stock,2675361277.0,199.34,13421096.00180596,Industrials,Major Chemicals,1973,2026-09-24,nasdaq_screener,
WEAV,Weave Communications Inc. Common Stock,588793516.0,7.36,79999119.02173913,Technology,Computer Software: Prepackaged Software,2021,2026-09-24,nasdaq_screener,
WEC,WEC Energy Group Inc. Common Stock,32966182078.0,101.17,325849382.9989127,Utilities,Power Generation,,2026-09-24,nasdaq_screener,
WELL,Welltower Inc. Common Stock,165677641886.0,229.87,720744950.9983904,Real Estate,Real Estate Investment Trusts,,2026-09-24,nasdaq_screener,
WEN,Wendy's Company (The) Common Stock,1283208629.0,6.73,190669930.01485884,Consumer Discretionary,Restaurants,,2026-09-24,nasdaq_screener,
WENC,West Enclave Merger Corp. Ordinary Shares,0.0,10.01,,Finance,Blank Checks,2026,2026-09-24,nasdaq_screener,
WENN,Wen Acquisition Corp Class A Ordinary Shares,0.0,10.41,,,,2025,2026-09-24,nasdaq_screener,
WERN,Werner Enterprises Inc. Common Stock,2063813938.0,34.41,59977156.00116246,Industrials,Trucking Freight/Courier Services,1986,2026-09-24,nasdaq_screener,
WEST,Westrock Coffee Company Common Stock,788829287.0,8.08,97627387.0049505,Consumer Staples,Beverages (Production/Distribution),,2026-09-24,nasdaq_screener,
WETH,Wetouch Technology Inc. Common Stock,13916795.0,1.04,13381533.653846154,Technology,Computer peripheral equipment,,2026-09-24,nasdaq_screener,
WETO,Wetour Robotics Limited Ordinary Shares,1562811.0,1.45,1077800.6896551724,Industrials,Other Transportation,2025,2026-09-24,nasdaq_screener,
WEX,WEX Inc. common stock,6289420494.0,184.54,34081611.000325136,Consumer Discretionary,Business Services,,2026-09-24,nasdaq_screener,
WEYS,Weyco Group Inc. Common Stock,440013787.0,46.07,9550983.004124159,Consumer Staples,Apparel,,2026-09-24,nasdaq_screener,
WFC,Wells Fargo & Company Common Stock,247665545618.0,81.9,3023999335.9951158,Finance,Major Banks,,2026-09-24,nasdaq_screener,
WFCF,Where Food Comes From Inc. Common Stock,56618768.0,11.37,4979662.972735269,Technology,Computer Software: Prepackaged Software,,2026-09-24,nasdaq_screener,
WFF,WF Holding Limited Ordinary Shares,86774263.0,2.07,41919933.81642512,Consumer Discretionary,Miscellaneous manufacturing industries,2025,2026-09-24,nasdaq_screener,
WFG,West Fraser Timber Co. Ltd Common stock,5721660274.0,73.07,78303822.00629534,Basic Materials,Forest Products,2021,2026-09-24,nasdaq_screener,
WFRD,Weatherford International plc Ordinary Shares,6054214725.0,84.66,71512104.0042523,Consumer Discretionary,Oil and Gas Field Machinery,,2026-09-24,nasdaq_screener,
WGO,Winnebago Industries Inc. Common Stock,775415735.0,27.43,28268893.000364564,Industrials,Homebuilding,,2026-09-24,nasdaq_screener,
WGS,GeneDx Holdings Corp. Class A Common Stock,2540880493.0,85.2,29822540.997652583,Health Care,Medical/Nursing Services,2020,2026-09-24,nasdaq_screener,
WH,Wyndham Hotels & Resorts Inc. Common Stock ,5143572866.0,69.31,74211122.00259702,Consumer Discretionary,Hotels/Resorts,2018,2026-09-24,nasdaq_screener,
WHD,Cactus Inc. Class A Common Stock,5294246905.0,66.03,80179417.00742087,Consumer Discretionary,Oil and Gas Field Machinery,2018,2026-09-24,nasdaq_screener,
WHG,Westwood Holdings Group Inc Common Stock,177884353.0,18.64,9543151.98497854,Finance,Investment Managers,,2026-09-24,nasdaq_screener,
WHK,WhiteHawk Minerals Corp Class A Common Stock,729403516.0,26.48,27545450.0,Energy,Oil & Gas Production,2026,2026-09-24,nasdaq_screener,
WHLR,Wheeler Real Estate Investment Trust Inc. Common Stock,3091068.0,5.44,568211.0294117647,Real Estate,Real Estate Investment Trusts,2012,2026-09-24,nasdaq_screener,
WHR,Whirlpool Corporation Common Stock,2147015518.0,32.93,65199378.01396903,Consumer Discretionary,Consumer Electronics/Appliances,,2026-09-24,nasdaq_screener,
WHWK,Whitehawk Therapeutics Inc. Common Stock,217774418.0,3.82,57009009.94764398,Health Care,Biotechnology: Pharmaceutical Preparations,,2026-09-24,nasdaq_screener,
WIMI,WiMi Hologram Cloud Inc. Class B Ordinary Shares,16270773.0,0.885,18385054.237288136,Technology,Computer Software: Prepackaged Software,2020,2026-09-24,nasdaq_screener,
WINA,Winmark Corporation Common Stock,1046255143.0,291.26,3592169.0002060016,Consumer Discretionary,Other Specialty Stores,,2026-09-24,nasdaq_screener,
WING,Wingstop Inc. Common Stock,2666500402.0,97.88,27242545.99509604,Consumer Discretionary,Restaurants,2015,2026-09-24,nasdaq_screener,
WIT,Wipro Limited Common Stock,16736999157.0,1.69,9903549797.04142,Technology,EDP Services,,2026-09-24,nasdaq_screener,
WIX,Wix.com Ltd. Ordinary Shares,3214042445.0,76.8,41849511.00260417,Technology,Computer Software: Programming Data Processing,2013,2026-09-24,nasdaq_screener,
WK,Workiva Inc. Class A Common Stock,3852143186.0,70.79,54416488.00678062,Technology,Computer Software: Prepackaged Software,2014,2026-09-24,nasdaq_screener,
WKC,World Kinect Corporation Common Stock,1843504385.0,36.04,51151620.00554939,Energy,Oil Refining/Marketing,,2026-09-24,nasdaq_screener,
WKHS,Workhorse Group Inc. Common Stock,33004327.0,3.02,10928585.09933775,Industrials,Auto Manufacturing,,2026-09-24,nasdaq_screener,
WKSP,Worksport Ltd. Common Stock,6797049.0,0.4443,15298332.20796759,Consumer Discretionary,Auto Parts:O.E.M.,,2026-09-24,nasdaq_screener,
WLCO,Wilco 63 Corporation Class A Ordinary Shares,0.0,9.865,,Finance,Blank Checks,2026,2026-09-24,nasdaq_screener,
WLDN,Willdan Group Inc. Common Stock,1239282924.0,81.36,15232091.002949852,Consumer Discretionary,Military/Government/Technical,2006,2026-09-24,nasdaq_screener,
WLDS,Wearable Devices Ltd. Ordinary Share,4033975.0,1.64,2459740.853658537,Telecommunications,Computer Communications Equipment,2022,2026-09-24,nasdaq_screener,
WLFC,Willis Lease Finance Corporation Common Stock,1149816756.0,54.38,21144110.99668996,Consumer Discretionary,Industrial Specialties,1996,2026-09-24,nasdaq_screener,
WLII,Willow Lane Acquisition Corp. II Class A Ordinary Shares,0.0,10.26,,Finance,Blank Checks,2026,2026-09-24,nasdaq_screener,
WLK,Westlake Corporation Common Stock,8743839814.0,68.42,127796547.9976615,Industrials,Major Chemicals,2004,2026-09-24,nasdaq_screener,
WLTH,Wealthfront Corporation Common Stock,1536776170.0,9.84,156176440.0406504,Finance,Finance: Consumer Services,2025,2026-09-24,nasdaq_screener,
WLY,John Wiley & Sons Inc. Common Stock,2420157658.0,47.75,50683930.0104712,Consumer Discretionary,Books,,2026-09-24,nasdaq_screener,
WLYB,John Wiley & Sons Inc. Common Stock,2420664497.0,47.76,50683930.00418761,Consumer Discretionary,Books,,2026-09-24,nasdaq_screener,
WM,Waste Management Inc. Common Stock,83092792450.0,207.88,399715184.00038487,Utilities,Environmental Services,,2026-09-24,nasdaq_screener,
WMB,Williams Companies Inc. (The) Common Stock,86979438934.0,71.11,1223167472.001125,Utilities,Natural Gas Distribution,,2026-09-24,nasdaq_screener,
WMG,Warner Music Group Corp. Class A Common Stock,14207661326.0,27.16,523109768.9985272,Consumer Discretionary,Services-Misc. Amusement & Recreation,2020,2026-09-24,nasdaq_screener,
WMK,Weis Markets Inc. Common Stock,1793240945.0,72.47,24744597.005657513,Consumer Staples,Food Chains,,2026-09-24,nasdaq_screener,
WMS,Advanced Drainage Systems Inc. Common Stock,9783089071.0,129.74,75405341.99938338,Consumer Discretionary,Containers/Packaging,2014,2026-09-24,nasdaq_screener,
WMT,Walmart Inc. Common Stock,876916972018.0,110.53,7933746241.002442,Consumer Discretionary,Department/Specialty Retail Stores,,2026-09-24,nasdaq_screener,
WNC,Wabash National Corporation Common Stock,479069154.0,11.76,40737172.95918367,Industrials,Construction/Ag Equipment/Trucks,1991,2026-09-24,nasdaq_screener,
WNEB,Western New England Bancorp Inc. Common Stock,274828905.0,13.71,20045871.991247263,Finance,Savings Institutions,,2026-09-24,nasdaq_screener,
WNW,Meiwu Technology Company Limited Ordinary Shares,63456435.0,2.41,26330470.954356845,Consumer Discretionary,Package Goods/Cosmetics,2020,2026-09-24,nasdaq_screener,
WOK,WORK Medical Technology Group LTD Class A Ordinary Shares,8309695.0,1.86,4467577.956989247,Health Care,Medical/Dental Instruments,2024,2026-09-24,nasdaq_screener,
WOLF,Wolfspeed Inc. Common Stock New,1436535643.0,27.14,52930569.01252763,Technology,Semiconductors,2025,2026-09-24,nasdaq_screener,
WOOF,Petco Health and Wellness Company Inc. Class A Common Stock,661628715.0,2.31,286419357.14285713,Consumer Discretionary,Other Specialty Stores,2021,2026-09-24,nasdaq_screener,
WOR,Worthington Enterprises Inc. Common Shares,2920929005.0,59.7,48926784.00335008,Industrials,Steel/Iron Ore,,2026-09-24,nasdaq_screener,
WPAC,White Pearl Acquisition Corp. Class A Ordinary Shares,0.0,10.061,,Finance,Blank Checks,2026,2026-09-24,nasdaq_screener,
WPC,W. P. Carey Inc. REIT,15147544285.0,66.49,227816879.00436157,Real Estate,Real Estate Investment Trusts,,2026-09-24,nasdaq_screener,
WPM,Wheaton Precious Metals Corp Common Shares (Canada),66057567346.0,145.45,454159968.0027501,Basic Materials,Precious Metals,,2026-09-24,nasdaq_screener,
WPRT,Westport Fuel Systems Inc Common Shares,37611553.0,1.98,18995733.83838384,Industrials,Industrial Machinery/Components,2008,2026-09-24,nasdaq_screener,
WRAP,Wrap Technologies Inc. Common Stock,95250444.0,1.475,64576572.20338982,Industrials,Ordnance And Accessories,,2026-09-24,nasdaq_screener,
WRB,W.R. Berkley Corporation Common Stock,25120966887.0,67.67,371227528.9936456,Finance,Property-Casualty Insurers,,2026-09-24,nasdaq_screener,
WRBY,Warby Parker Inc. Class A Common Stock,2886248061.0,23.35,123608054.00428265,Health Care,Ophthalmic Goods,2021,2026-09-24,nasdaq_screener,
WRLD,World Acceptance Corporation Common Stock,793067023.0,170.07,4663180.002351973,Finance,Finance: Consumer Services,1991,2026-09-24,nasdaq_screener,
WRN,Western Copper and Gold Corporation Common Stock,540559268.0,2.39,226175425.94142258,Basic Materials,Metal Mining,2011,2026-09-24,nasdaq_screener,
WS,Worthington Steel Inc. Common Shares,1768357145.0,34.71,50946618.98588303,Industrials,Steel/Iron Ore,2023,2026-09-24,nasdaq_screener,
WSBC,WesBanco Inc. Common Stock,3653055312.0,38.09,95905888.99973746,Finance,Major Banks,,2026-09-24,nasdaq_screener,
WSBF,Waterstone Financial Inc. Common Stock (MD),365472979.0,20.33,17977027.988194786,Finance,Savings Institutions,2005,2026-09-24,nasdaq_screener,
WSBK,Winchester Bancorp Inc. Common Stock,119073767.0,12.81,9295376.034348166,Finance,Banks,2025,2026-09-24,nasdaq_screener,
WSC,WillScot Holdings Corporation Class A Common Stock,3243318148.0,17.9,181190957.98882684,Industrials,Misc Corporate Leasing Services,2015,2026-09-24,nasdaq_screener,
WSE,Wise Group plc Class A Ordinary Shares,13954862580.0,11.35,1229503311.0132158,Industrials,Diversified Commercial Services,,2026-09-24,nasdaq_screener,
WSFS,WSFS Financial Corporation Common Stock,3933465679.0,76.99,51090605.00064944,Finance,Major Banks,,2026-09-24,nasdaq_screener,
WSHP,WeShop Holdings Limited Class A Ordinary Shares,139975029.0,5.78,24217133.044982698,Consumer Discretionary,Other Specialty Stores,,2026-09-24,nasdaq_screener,
WSM,Williams-Sonoma Inc. Common Stock (DE),26833628985.0,227.83,117779173.00179958,Consumer Discretionary,Home Furnishings,,2026-09-24,nasdaq_screener,
WSO,Watsco Inc. Common Stock,13422226362.0,325.37,41252194.000676155,Consumer Discretionary,Industrial Machinery/Components,,2026-09-24,nasdaq_screener,
WST,West Pharmaceutical Services Inc. Common Stock,26452137663.0,375.87,70375762.00015964,Health Care,Medical/Dental Instruments,,2026-09-24,nasdaq_screener,
WSTN,Westin Acquisition Corp Class A Ordinary Share,82040175.0,10.185,8055000.0,Technology,EDP Services,2025,2026-09-24,nasdaq_screener,
WT,WisdomTree Inc. Common Stock,3593867273.0,23.72,151512111.0033727,Finance,Investment Bankers/Brokers/Service,2022,2026-09-24,nasdaq_screener,
WTBA,West Bancorporation Common Stock,486087550.0,28.52,17043742.98737728,Finance,Major Banks,,2026-09-24,nasdaq_screener,
WTF,Waton Financial Limited Ordinary Shares,116252308.0,2.41,48237472.19917012,Finance,Investment Bankers/Brokers/Service,2025,2026-09-24,nasdaq_screener,
WTFC,Wintrust Financial Corporation Common Stock,9695534118.0,143.71,67465967.00299214,Finance,Major Banks,,2026-09-24,nasdaq_screener,
WTG,Wintergreen Acquisition Corp. Ordinary Shares,0.0,10.588,,Finance,Blank Checks,2025,2026-09-24,nasdaq_screener,
WTI,W&T Offshore Inc. Common Stock,564526640.0,3.74,150942951.87165776,Energy,Oil & Gas Production,2005,2026-09-24,nasdaq_screener,
WTM,White Mountains Insurance Group Ltd. Common Stock,4849840939.0,2032.01,2386720.999896654,Finance,Property-Casualty Insurers,,2026-09-24,nasdaq_screener,
WTRG,Essential Utilities Inc. Common Stock,11402224349.0,40.18,283778605.0024888,Utilities,Water Supply,,2026-09-24,nasdaq_screener,
WTS,Watts Water Technologies Inc. Class A Common Stock,11927429935.0,357.29,33383050.00139942,Industrials,Metal Fabrications,1986,2026-09-24,nasdaq_screener,
WTTR,Select Water Solutions Inc. Class A common stock,2671295269.0,19.29,138480833.02229136,Energy,Oilfield Services/Equipment,2017,2026-09-24,nasdaq_screener,
WTW,Willis Towers Watson Public Limited Company Ordinary Shares,27767780444.0,298.99,92871937.0012375,Finance,Specialty Insurers,,2026-09-24,nasdaq_screener,
WU,Western Union Company (The) Common Stock,1899342994.0,6.09,311878980.95238096,Consumer Discretionary,Business Services,,2026-09-24,nasdaq_screener,
WULF,TeraWulf Inc. Common Stock,8158137869.0,16.35,498968677.0030581,Finance,Finance: Consumer Services,,2026-09-24,nasdaq_screener,
WVE,Wave Life Sciences Inc. Common Stock,778340291.0,3.95,197048174.93670884,Health Care,Biotechnology: Pharmaceutical Preparations,2015,2026-09-24,nasdaq_screener,
WVVI,Willamette Valley Vineyards Inc. Common Stock,9411310.0,1.89,4979529.100529101,Consumer Staples,Beverages (Production/Distribution),,2026-09-24,nasdaq_screener,
WW,WW International Inc.  Common Stock,150281363.0,15.03,9998760.01330672,Consumer Discretionary,Other Consumer Services,,2026-09-24,nasdaq_screener,
WWD,Woodward Inc. Common Stock,19262517859.0,326.23,59045820.00122613,Energy,Industrial Machinery/Components,,2026-09-24,nasdaq_screener,
WWR,Westwater Resources Inc. Common Stock,68139361.0,0.53,128564832.07547168,Basic Materials,Metal Mining,,2026-09-24,nasdaq_screener,
WWW,Wolverine World Wide Inc. Common Stock,1568287738.0,19.11,82066338.9848247,Consumer Discretionary,Shoe Manufacturing,,2026-09-24,nasdaq_screener,
WXM,WF International Limited Ordinary Shares,12470348.0,4.0,3117587.0,Consumer Discretionary,Engineering & Construction,2025,2026-09-24,nasdaq_screener,
WY,Weyerhaeuser Company Common Stock,15257981120.0,21.17,720736000.0,Real Estate,Real Estate Investment Trusts,,2026-09-24,nasdaq_screener,
WYFI,WhiteFiber Inc. Ordinary Shares,740056648.0,19.05,38848118.005249344,Finance,Finance: Consumer Services,2025,2026-09-24,nasdaq_screener,
WYNN,Wynn Resorts Limited Common stock,8387223422.0,81.45,102973891.00061387,Consumer Discretionary,Hotels/Resorts,2002,2026-09-24,nasdaq_screener,
WYY,WidePoint Corporation Common Stock,111680508.0,11.17,9998254.96866607,Technology,EDP Services,,2026-09-24,nasdaq_screener,
XAIR,Beyond Air Inc. Common Stock,2882469.0,3.01,957630.8970099669,Health Care,Medical/Dental Instruments,,2026-09-24,nasdaq_screener,
XBIO,Xenetic Biosciences Inc. Common Stock,5904816.0,2.52,2343180.9523809524,Health Care,Biotechnology: Pharmaceutical Preparations,,2026-09-24,nasdaq_screener,
XBIT,XBiotech Inc. Common Stock,66463254.0,2.18,30487731.192660548,Health Care,Biotechnology: Pharmaceutical Preparations,2015,2026-09-24,nasdaq_screener,
XBP,XBP Global Holdings Inc. Common Stock,46221247.0,3.265,14156584.07350689,Technology,EDP Services,2021,2026-09-24,nasdaq_screener,
XCBE,X3 Acquisition Corp. Ltd. Class A Ordinary Shares,0.0,10.01,,,,2026,2026-09-24,nasdaq_screener,
XCH,XCHG Limited American Depositary Share,13987531.0,3.16,4426433.860759494,Miscellaneous,Industrial Machinery/Components,2024,2026-09-24,nasdaq_screener,
XCUR,Exicure Inc. Common Stock,8117034.0,1.24,6545995.161290322,Health Care,Biotechnology: Pharmaceutical Preparations,,2026-09-24,nasdaq_screener,
XE,X-Energy Inc. Class A Common Stock,6656276849.0,16.38,406366107.997558,Industrials,Metal Fabrications,2026,2026-09-24,nasdaq_screener,
XEL,Xcel Energy Inc. Common Stock,44136660062.0,70.66,624634306.0005661,Utilities,Power Generation,,2026-09-24,nasdaq_screener,
XELB,Xcel Brands Inc. Common Stock,5543432.0,0.845,6560274.556213018,Miscellaneous,Multi-Sector Companies,,2026-09-24,nasdaq_screener,
XENE,Xenon Pharmaceuticals Inc. Common Shares,3540486194.0,36.56,96840432.00218818,Health Care,Biotechnology: Pharmaceutical Preparations,2014,2026-09-24,nasdaq_screener,
XERS,Xeris Biopharma Holdings Inc. Common Stock,1578893850.0,8.66,182320306.00461894,Health Care,Biotechnology: Pharmaceutical Preparations,2018,2026-09-24,nasdaq_screener,
XFLH,XFLH Capital Corporation Ordinary Shares,0.0,10.04,,Finance,Blank Checks,2026,2026-09-24,nasdaq_screener,
XFLT,XAI Floating Rate & Alternative Income Trust Common Shares of Beneficial Interest,688798891.0,19.42,35468531.97734294,Finance,Investment Managers,2017,2026-09-24,nasdaq_screener,
XFOR,X4 Pharmaceuticals Inc. Common Stock,308346371.0,3.11,99146743.08681673,Health Care,Biotechnology: Biological Products (No Diagnostic Substances),2017,2026-09-24,nasdaq_screener,
XGN,Exagen Inc. Common Stock,207126648.0,8.55,24225338.94736842,Health Care,Medical Specialities,2019,2026-09-24,nasdaq_screener,
XHLD,TEN Holdings Inc. Common Stock,144717711.0,12.08,11979942.963576159,Consumer Discretionary,Business Services,2025,2026-09-24,nasdaq_screener,
XHR,Xenia Hotels & Resorts Inc. Common Stock,1643820780.0,17.82,92245835.01683502,Consumer Discretionary,Hotels/Resorts,2015,2026-09-24,nasdaq_screener,
XIII,Churchill Capital Corp XIII Class A Ordinary Shares,0.0,10.34,,,,2026,2026-09-24,nasdaq_screener,
XLAB,Exascale Labs Holdings Inc. Class A Common Stock,250800000.0,2.75,91200000.0,Technology,Computer Software: Prepackaged Software,,2026-09-24,nasdaq_screener,
XLO,Xilio Therapeutics Inc. Common Stock,58826532.0,8.94,6580148.993288591,Health Care,Biotechnology: Pharmaceutical Preparations,2021,2026-09-24,nasdaq_screener,
XMAX,XMAX Inc. Common Stock,561999040.0,8.71,64523425.94718713,Consumer Discretionary,Home Furnishings,,2026-09-24,nasdaq_screener,
XMTR,Xometry Inc. Class A Common Stock,6019548401.0,105.01,57323573.00257118,Consumer Discretionary,Business Services,2021,2026-09-24,nasdaq_screener,
XNCR,Xencor Inc. Common Stock,1803813411.0,24.26,74353396.99093157,Health Care,Biotechnology: Pharmaceutical Preparations,2013,2026-09-24,nasdaq_screener,
XNDU,Xanadu Quantum Technologies Limited Class B Subordinate Voting Shares,1621514048.0,5.33,304224024.0150094,Technology,Computer Manufacturing,,2026-09-24,nasdaq_screener,
XOM,ExxonMobil Holdings Corporation Common Stock,662963565311.0,161.23,4111911960.0012407,Energy,Integrated oil Companies,,2026-09-24,nasdaq_screener,
XOS,Xos Inc. Common Stock,36255523.0,2.55,14217852.156862747,Consumer Discretionary,Auto Parts:O.E.M.,2020,2026-09-24,nasdaq_screener,
XP,XP Inc. Class A Common Stock,10822353286.0,20.88,518311938.98467433,Finance,Investment Bankers/Brokers/Service,2019,2026-09-24,nasdaq_screener,
XPEL,XPEL Inc. Common Stock,1227449701.0,44.52,27570748.00089847,Industrials,Industrial Specialties,,2026-09-24,nasdaq_screener,
XPER,Xperi Inc. Common Stock ,268245021.0,5.5,48771822.0,Technology,Computer Software: Prepackaged Software,2022,2026-09-24,nasdaq_screener,
XPEV,XPeng Inc. American depositary shares each representing two Class A ordinary shares,9858542049.0,10.29,958070169.9708456,Industrials,Auto Manufacturing,2020,2026-09-24,nasdaq_screener,
XPL,Solitario Resources Corp. Common Stock,60616993.0,0.6402,94684462.66791628,Basic Materials,Precious Metals,,2026-09-24,nasdaq_screener,
XPO,XPO Inc. Common Stock,21066196783.0,179.92,117086465.00111161,Consumer Discretionary,Transportation Services,,2026-09-24,nasdaq_screener,
XPOF,Xponential Fitness Inc. Class A Common Stock,182498800.0,3.7,49324000.0,Consumer Discretionary,Services-Misc. Amusement & Recreation,2021,2026-09-24,nasdaq_screener,
XPON,Expion Energy Inc. Common Stock,4768866.0,4.71,1012498.0891719746,Miscellaneous,Industrial Machinery/Components,2022,2026-09-24,nasdaq_screener,
XPRO,Expro Ltd Ordinary Shares,1872156122.0,16.51,113395282.9800121,Energy,Oilfield Services/Equipment,,2026-09-24,nasdaq_screener,
XRAY,DENTSPLY SIRONA Inc. Common Stock,1949680907.0,9.78,199353875.97137016,Health Care,Medical/Dental Instruments,1987,2026-09-24,nasdaq_screener,
XRN,Chiron Real Estate Inc. Common Stock,470869613.0,35.57,13237829.997188643,Real Estate,Real Estate Investment Trusts,2016,2026-09-24,nasdaq_screener,
XRPN,Armada Acquisition Corp. II Class A Ordinary Shares,0.0,10.57,,Finance,Blank Checks,2025,2026-09-24,nasdaq_screener,
XRTX,XORTX Therapeutics Inc. Common Shares,3088161.0,1.7,1816565.294117647,Health Care,Biotechnology: Pharmaceutical Preparations,,2026-09-24,nasdaq_screener,
XRX,Xerox Holdings Corporation Common Stock,455661353.0,3.47,131314510.95100863,Technology,Computer peripheral equipment,,2026-09-24,nasdaq_screener,
XSLL,Xsolla SPAC 1 Class A Ordinary Shares,0.0,9.98,,Finance,Blank Checks,2026,2026-09-24,nasdaq_screener,
XTER,Karman Line Acquisition Corp. Class A Ordinary Shares,0.0,9.79,,Finance,Blank Checks,2026,2026-09-24,nasdaq_screener,
XTIA,XTI Aerospace Inc. Common Stock,36880961.0,0.9585,38477789.254042774,Technology,EDP Services,2014,2026-09-24,nasdaq_screener,
XTND,Xtend AI Robotics Inc. Common Stock,79910092.0,3.95,20230403.03797468,Industrials,Military/Government/Technical,2026,2026-09-24,nasdaq_screener,
XTNT,Xtant Medical Holdings Inc. Common Stock,52607985.0,0.375,140287960.0,Health Care,Medical/Dental Instruments,,2026-09-24,nasdaq_screener,
XWEL,XWELL Inc. Common Stock,7751813.0,0.9025,8589266.48199446,Consumer Discretionary,Other Consumer Services,,2026-09-24,nasdaq_screener,
XXI,Twenty One Capital Inc. Class A Common Stock,3824131110.0,6.8,562372222.0588236,Finance,Finance: Consumer Services,2025,2026-09-24,nasdaq_screener,
XXII,22nd Century Group Inc. Common Stock,1670746.0,2.34,713994.0170940171,Health Care, Medicinal Chemicals and Botanical Products ,,2026-09-24,nasdaq_screener,
XYL,Xylem Inc. Common Stock New,25366007256.0,108.64,233486812.0029455,Industrials,Fluid Controls,2011,2026-09-24,nasdaq_screener,
XYZ,Block Inc. Class A Common Stock,44867370600.0,74.68,600795000.0,Technology,Computer Software: Prepackaged Software,2015,2026-09-24,nasdaq_screener,
XZO,Exzeo Group Inc. Common Stock,1379215405.0,15.31,90085918.02743305,Technology,Computer Software: Prepackaged Software,2025,2026-09-24,nasdaq_screener,
YAAS,Youxin Technology Ltd Class A Ordinary shares,20586174.0,1.31,15714636.641221374,Technology,Computer Software: Prepackaged Software,2024,2026-09-24,nasdaq_screener,
YARW,Yarrow Bioscience Inc. Common Stock,259405585.0,27.88,9304361.011477763,Health Care,Biotechnology: Pharmaceutical Preparations,2018,2026-09-24,nasdaq_screener,
YCBD,cbdMD Inc. Common Stock,5125188.0,0.4574,11205045.911674684,Consumer Discretionary,Package Goods/Cosmetics,2017,2026-09-24,nasdaq_screener,
YCY,AA Mission Acquisition Corp. II Class A Ordinary Shares,0.0,10.23,,,,2025,2026-09-24,nasdaq_screener,
YDDL,One and One Green Technologies. Inc Class A Ordinary Shares,81808666.0,1.46,56033332.87671233,Consumer Discretionary,Industrial Specialties,2025,2026-09-24,nasdaq_screener,
YDES,YD Bio Limited Ordinary Shares,228785248.0,3.23,70831346.13003096,Health Care,Medical Specialities,,2026-09-24,nasdaq_screener,
YDKG,Yueda Digital Holding Class A Ordinary Share,4854467.0,0.8759,5542261.673707044,Consumer Discretionary,Advertising,2007,2026-09-24,nasdaq_screener,
YELP,Yelp Inc. Common Stock,962094000.0,17.73,54263620.98138748,Consumer Discretionary,Other Consumer Services,2012,2026-09-24,nasdaq_screener,
YETI,YETI Holdings Inc. Common Stock,3055311001.0,41.86,72988796.01051123,Consumer Discretionary,Recreational Games/Products/Toys,2018,2026-09-24,nasdaq_screener,
YEXT,Yext Inc. Common Stock,637422854.0,6.44,98978704.03726707,Technology,EDP Services,2017,2026-09-24,nasdaq_screener,
YFOR,YYForce Inc. Class A Ordinary Shares,21181677.0,1.65,12837380.0,Consumer Discretionary,Professional Services,2024,2026-09-24,nasdaq_screener,
YHC,LQR House Inc. Common Stock,1695014.0,1.3,1303856.923076923,Consumer Staples,Beverages (Production/Distribution),2023,2026-09-24,nasdaq_screener,
YHGJ,Yunhong Green CTI Ltd. Common Stock,7018605.0,2.6899,2609243.8380608945,Industrials,Specialty Chemicals,,2026-09-24,nasdaq_screener,
YHNA,YHN Acquisition I Limited Ordinary Shares,0.0,11.05,,,,2024,2026-09-24,nasdaq_screener,
YIBO,Planet Image International Limited Class A Ordinary Shares,69304039.0,1.17,59234221.36752137,Technology,Computer peripheral equipment,2024,2026-09-24,nasdaq_screener,
YICC,Yorkville International Capital Corp. Class A Ordinary Shares,0.0,9.925,,Finance,Blank Checks,2026,2026-09-24,nasdaq_screener,
YJ,Yunji Inc. American Depository Shares,8816717.0,1.79,4925540.223463687,Consumer Discretionary,Other Specialty Stores,2019,2026-09-24,nasdaq_screener,
YMAT,J-Star Holding Co. Ltd. Class A Ordinary Shares,5132932.0,1.28,4010103.125,Consumer Discretionary,Recreational Games/Products/Toys,2025,2026-09-24,nasdaq_screener,
YORW,York Water Company (The) Common Stock,501950010.0,30.93,16228580.989330746,Utilities,Water Supply,,2026-09-24,nasdaq_screener,
YOU,Clear Secure Inc. Class A Common Stock,5262706390.0,38.9,135288082.0051414,Technology,Computer Software: Prepackaged Software,2021,2026-09-24,nasdaq_screener,
YSS,York Space Systems Inc. Common Stock,1320006584.0,9.61,137357604.99479708,Industrials,Military/Government/Technical,2026,2026-09-24,nasdaq_screener,
YSWY,Yesway Inc. Class A Common Stock,1236721179.0,19.57,63194745.9887583,Consumer Staples,Food Chains,2026,2026-09-24,nasdaq_screener,
YSXT,YSX Tech. Co. Ltd Class A Ordinary Shares,44635500.0,1.4,31882500.000000004,Consumer Discretionary,Automotive Aftermarket,2024,2026-09-24,nasdaq_screener,
YTRA,Yatra Online Inc. Ordinary Shares,66530137.0,1.04,63971285.57692307,Consumer Discretionary,Transportation Services,,2026-09-24,nasdaq_screener,
YUM,Yum! Brands Inc.,38378079584.0,140.63,272901085.0031999,Consumer Discretionary,Restaurants,,2026-09-24,nasdaq_screener,
YUMC,Yum China Holdings Inc. Common Stock,13989414856.0,40.85,342458136.0097919,Consumer Discretionary,Restaurants,2016,2026-09-24,nasdaq_screener,
YXT,YXT.COM GROUP HOLDING LIMITED American Depository Shares,15732433.0,2.38,6610265.966386555,Technology,Computer Software: Prepackaged Software,2024,2026-09-24,nasdaq_screener,
YYAI,AiRWA Inc. Common Stock,3380997.0,0.7379,4581917.604011384,Technology,Computer Software: Programming Data Processing,,2026-09-24,nasdaq_screener,
Z,Zillow Group Inc. Class C Capital Stock,6442667432.0,28.65,224874953.9965096,Consumer Discretionary,Business Services,,2026-09-24,nasdaq_screener,
ZBAO,Zhibao Technology Inc. Class A Ordinary Shares,45209888.0,0.097,466081319.58762884,Finance,Specialty Insurers,2024,2026-09-24,nasdaq_screener,
ZBH,Zimmer Biomet Holdings Inc. Common Stock,17334241176.0,90.88,190737688.9964789,Health Care,Industrial Specialties,,2026-09-24,nasdaq_screener,
ZBIO,Zenas BioPharma Inc. Common Stock,1931186302.0,29.63,65176722.983462706,Health Care,Biotechnology: Pharmaceutical Preparations,2024,2026-09-24,nasdaq_screener,
ZBRA,Zebra Technologies Corporation Class A Common Stock,17553201073.0,371.02,47310659.99946095,Industrials,Industrial Machinery/Components,1991,2026-09-24,nasdaq_screener,
ZCMD,Zhongchao Inc. Class A Ordinary Shares,8762558.0,0.9875,8873476.455696203,Real Estate,Other Consumer Services,2020,2026-09-24,nasdaq_screener,
ZD,Ziff Davis Inc. Common Stock,1945799054.0,56.75,34287208.0,Telecommunications,Telecommunications Equipment,,2026-09-24,nasdaq_screener,
ZDAI,DirectBooking Technology Co. Ltd. Class A Ordinary Shares,13589326.0,1.62,8388472.839506173,Consumer Discretionary,General Bldg Contractors - Nonresidential Bldgs,2024,2026-09-24,nasdaq_screener,
ZDGE,Zedge Inc. Class B Common Stock ,47525786.0,3.03,15685077.88778878,Technology,Computer Software: Prepackaged Software,2016,2026-09-24,nasdaq_screener,
ZENA,ZenaTech Inc. Common Stock,128011905.0,1.49,85914030.20134228,Technology,Computer Software: Prepackaged Software,,2026-09-24,nasdaq_screener,
ZEO,Zeo Energy Corporation Class A Common Stock,24668190.0,0.3967,62183488.78245526,Miscellaneous,Industrial Machinery/Components,2021,2026-09-24,nasdaq_screener,
ZEPP,Zepp Health Corporation American depositary shares each representing sixteen Class A ordinary shares,62179519.0,4.24,14664980.896226414,Technology,Computer Manufacturing,,2026-09-24,nasdaq_screener,
ZETA,Zeta Global Holdings Corp. Class A Common Stock,7477695293.0,29.79,251013605.00167844,Technology,Computer Software: Prepackaged Software,2021,2026-09-24,nasdaq_screener,
ZG,Zillow Group Inc. Class A Common Stock,6600079900.0,29.35,224874954.00340715,Consumer Discretionary,Business Services,2011,2026-09-24,nasdaq_screener,
ZGN,Ermenegildo Zegna N.V. Ordinary Shares,3337801902.0,12.44,268312050.0,Consumer Discretionary,Apparel,2021,2026-09-24,nasdaq_screener,
ZIM,ZIM Integrated Shipping Services Ltd. Ordinary Shares,3624819172.0,30.09,120465908.00930542,Consumer Discretionary,Marine Transportation,2021,2026-09-24,nasdaq_screener,
ZION,Zions Bancorporation N.A. Common Stock,9143977691.0,62.65,145953355.0039904,Finance,Major Banks,,2026-09-24,nasdaq_screener,
ZIP,ZipRecruiter Inc. Class A Common Stock,294369664.0,3.58,82226163.12849163,Technology,Computer Software: Programming Data Processing,2021,2026-09-24,nasdaq_screener,
ZJK,ZJK Industrial Co. Ltd. Class A Ordinary Shares,134433500.0,2.09,64322248.803827755,Industrials,Metal Fabrications,2024,2026-09-24,nasdaq_screener,
ZJYL,JIN MEDICAL INTERNATIONAL LTD. Class A Ordinary Shares,160786594.0,2.05,78432484.87804879,Health Care,Industrial Specialties,2023,2026-09-24,nasdaq_screener,
ZKIN,ZK International Group Co. Ltd Ordinary Share,97430924.0,1.7,57312308.23529412,Industrials,Metal Fabrications,2017,2026-09-24,nasdaq_screener,
ZKP,Lafayette Digital Acquisition Corp. I Class A Ordinary Shares,0.0,10.03,,Finance,Blank Checks,2026,2026-09-24,nasdaq_screener,
ZM,Zoom Communications Inc. Class A Common Stock,26814923041.0,91.9,291783711.00108814,Technology,Computer Software: Programming Data Processing,2019,2026-09-24,nasdaq_screener,
ZNB,Zeta Network Group Class A Ordinary Shares,5071572.0,1.38,3675052.173913044,Real Estate,Other Consumer Services,,2026-09-24,nasdaq_screener,
ZNTL,Zentalis Pharmaceuticals Inc. Common Stock,271698790.0,2.87,94668567.94425087,Health Care,Biotechnology: Pharmaceutical Preparations,2020,2026-09-24,nasdaq_screener,
ZONE,Zone Frontier Inc. Class B Common Stock,72803088.0,0.145,502090262.06896555,Consumer Discretionary,Specialty Chemicals,2024,2026-09-24,nasdaq_screener,
ZOOZ,ZOOZ Strategy Ltd. Ordinary Shares,61033213.0,7.62,8009608.005249344,Technology,Industrial Machinery/Components,,2026-09-24,nasdaq_screener,
ZS,Zscaler Inc. Common Stock,34967079986.0,214.45,163054697.9995337,Technology,EDP Services,2018,2026-09-24,nasdaq_screener,
ZSQR,Z Squared Inc. Common Stock,156881175.0,2.96,53000396.95945946,Finance,Finance: Consumer Services,2020,2026-09-24,nasdaq_screener,
ZSTK,ZeroStack Corp. Common Stock,85536466.0,3.92,21820527.040816326,Health Care,Other Pharmaceuticals,2021,2026-09-24,nasdaq_screener,
ZTG,Zenta Group Company Limited Class A Ordinary Shares,41670820.0,1.73,24087179.190751445,Consumer Discretionary,Professional Services,2025,2026-09-24,nasdaq_screener,
ZTS,Zoetis Inc. Class A Common Stock,29590942139.0,71.61,413223601.9969278,Health Care,Biotechnology: Pharmaceutical Preparations,2013,2026-09-24,nasdaq_screener,
ZUMZ,Zumiez Inc. Common Stock,210795929.0,13.75,15330613.018181818,Consumer Discretionary,Clothing/Shoe/Accessory Stores,2005,2026-09-24,nasdaq_screener,
ZURA,Zura Bio Limited Class A Ordinary Shares,414940163.0,4.33,95829136.95150115,Health Care,Biotechnology: Biological Products (No Diagnostic Substances),,2026-09-24,nasdaq_screener,
ZVIA,Zevia PBC Class A Common Stock,99775567.0,1.29,77345400.7751938,Consumer Staples,Beverages (Production/Distribution),2021,2026-09-24,nasdaq_screener,
ZVRA,Zevra Therapeutics Inc. Common Stock,672224401.0,11.32,59383781.00706714,Health Care,Biotechnology: Pharmaceutical Preparations,,2026-09-24,nasdaq_screener,
ZWS,Zurn Elkay Water Solutions Corporation Common Stock,7759122458.0,46.78,165864097.00726807,Industrials,Industrial Machinery/Components,2012,2026-09-24,nasdaq_screener,
ZYBT,Zhengye Biotechnology Holding Limited Class A Ordinary Shares,64926185.0,1.37,47391375.912408754,Health Care,Biotechnology: Pharmaceutical Preparations,2025,2026-09-24,nasdaq_screener,
ZYME,Zymeworks Inc. Common Stock,1951379128.0,27.5,70959241.01818182,Health Care,Biotechnology: Pharmaceutical Preparations,,2026-09-24,nasdaq_screener,
BAR,,,42.02000045776367,,,,,2026-09-24,yahoo,USD
EFTY,,302052200.0,15.02,20110000.0,,,,2026-09-24,yahoo,USD
FJDI,,108830401.68762207,9.84000015258789,11060000.0,,,,2026-09-24,yahoo,USD
HCHL,,118183827.96,3.96,29844401.0,,,,2026-09-24,yahoo,USD
HUCK,,,3.384999990463257,,,,,2026-09-24,yahoo,USD
LAWR,,172350000.0,3.75,45960000.0,,,,2026-09-24,yahoo,USD
MAGH,,236600000.0,6.76,35000000.0,,,,2026-09-24,yahoo,USD
MAMK,,216125000.0,13.0,16625000.0,,,,2026-09-24,yahoo,USD
MCTA,,504260190.0,29.355,17178000.0,,,,2026-09-24,yahoo,USD
ONEN,,319165797.47877,3.009999990463257,106035149.0,,,,2026-09-24,yahoo,USD
OST,,10108844.4,1.695,5963920.0,,,,2026-09-24,yahoo,USD
PC,,30497783.0,9.4,3244445.0,,,,2026-09-24,yahoo,USD
SVA,,,6.46999979019165,,,,,2026-09-24,yahoo,USD
UCFI,,287814756.33,5.51,52234983.0,,,,2026-09-24,yahoo,USD
nan,,335698281.5080452,10.000100135803223,33569492.0,,,,2026-09-24,yahoo,USD
